Tag,Inorganic phosphor,Host,1st dopant,1st doping concentration,2nd dopant,2nd doping concentration ,Temp. (K),Emission max. (nm),CIE x coordinate,CIE y coordinate,Int. quantum efficiency (%),Ext. quantum efficiency (%),Thermal quenching temp. (K),Excitation source (nm),1st Excitation max. (nm),2nd Excitation max. (nm),3rd Excitation max. (nm),Decay time (ns),Monitoring energy (nm),Reference,MP-ID,ICSD-ID,Journal,Year
1,La3.98GeO8Eu0.006Er0.014,La3.98GeO8,Eu2+,0.006,Er3+,0.014,298,561,0.3259,0.5235,,,,360,,,,109200,558,https://doi.org/10.1002/adfm.202102479,mp-1211987,,Advanced Functional Materials,2021
2,La3.98GeO8Eu0.006Er0.014,La3.98GeO8,Eu2+,0.006,Er3+,0.014,298,561,0.3218,0.6086,,,,365,,,,,,https://doi.org/10.1002/adfm.202102479,mp-1211987,,Advanced Functional Materials,2021
3,La3.98GeO8Eu0.006Er0.014,La3.98GeO8,Eu2+,0.006,Er3+,0.014,298,561,0.322,0.6478,,,,370,,,,,,https://doi.org/10.1002/adfm.202102479,mp-1211987,,Advanced Functional Materials,2021
4,La3.98GeO8Eu0.006Er0.014,La3.98GeO8,Eu2+,0.006,Er3+,0.014,298,561,0.3257,0.6447,,,,378,,,,,,https://doi.org/10.1002/adfm.202102479,mp-1211987,,Advanced Functional Materials,2021
5,La3.98GeO8Eu0.006Er0.014,La3.98GeO8,Eu2+,0.006,Er3+,0.014,298,561,0.3537,0.4967,,,,380,,,,,,https://doi.org/10.1002/adfm.202102479,mp-1211987,,Advanced Functional Materials,2021
6,Sr0.23Ba0.75Si2O2N2Eu0.02,Sr0.23Ba0.75Si2O2N2,Eu2+,0.02,,,298,564,0.434,0.528,66,,,450,,,,,,https://doi.org/10.1021/cm802394w,mp-6764, icsd-419450 icsd-173758,Chemistry of Materials,2008
7,Sr0.23Ba0.75Si2N2O2Eu0.02,Sr0.23Ba0.75Si2N2O2,Eu3+,0.02,,,298,564,0.434,0.528,66,,,450,,,,,,https://doi.org/10.1021/cm802394w,,,Chemistry of Materials,2008
8,YNb0.2V0.8O4Bi0.01,YNb0.2V0.8O4,Bi3+,0.01,,,298,564,0.409,0.48,64.4,,,310,,,,,,https://doi.org/10.1021/acs.chemmater.6b00277,"mp-5387,mp-1095229", icsd-430911 icsd-20335 icsd-100176 icsd-239207 icsd-430907 icsd-430914 icsd-430913 icsd-430912 icsd-430908 icsd-430916 icsd-430909 icsd-430015 icsd-430910 icsd-430919 icsd-430922 icsd-239208 icsd-430917 icsd-239209 icsd-430920 icsd-430921 icsd-430918,Chemistry of Materials,2016
9,Ba0.12Sr0.8YSi2Al2O2N5Eu0.08,Ba0.12Sr0.8YSi2Al2O2N5,Eu2+,0.08,,,298,565,0.4168,0.5163,,,,365,,,,,,https://doi.org/10.1039/C0JM03573D,,,Journal of Materials Chemistry,2011
10,MgY1.94Al4SiO12Ce0.06,MgY1.94Al4SiO12,Ce3+,0.06,,,298,565,0.443,0.534,89,,,460,,,,44.8,550,https://doi.org/10.1016/j.optmat.2017.06.012,,,Optical Materials,2017
11,YVO4Bi0.01,YVO4,Bi3+,0.01,,,298,566,0.413,0.481,74.8,,,330,,,,,,https://doi.org/10.1021/acs.chemmater.6b00277,mp-19133, icsd-15604 icsd-107638 icsd-246709 icsd-26894 icsd-78074 icsd-2504 icsd-174549 icsd-246708 icsd-36060,Chemistry of Materials,2016
12,RbCaGdP2O8Ce0.1Mn0.35,RbCaGdP2O8,Ce3+,0.1,Mn2+,0.35,298,566,0.3766,0.4209,21.49,,,334,334,285,,15.41,408,https://doi.org/10.1016/j.optmat.2016.02.026,,,Optical Materials,2016
13,Zn3V2O8,Zn3V2O8,,,,,298,568,0.432,0.478,52,31,,350,,,,,568,https://doi.org/10.1021/jp910884c,mp-17545, icsd-23776,Journal of Physical Chemistry C,2010
14,Y5.95WO12Dy0.05,Y5.95WO12,Dy3+,0.05,,,298,568,0.575,0.401,,,361,345,345,355,390,121000,568,https://doi.org/10.1111/jace.12937,mp-19005, icsd-92037 icsd-100196,Journal of the American Ceramic Society,2014
15,CaAlSiN3Ce1,CaAlSiN3,Ce3+,1,,,298,570,,,78.9,,,450,,,,58,,https://doi.org/10.1016/j.actamat.2021.116813,,,Acta Materialia,2021
16,CaAlSiN3Ce1,CaAlSiN3,Ce3+,1,,,323,570,,,,,,450,,,,59,,https://doi.org/10.1016/j.actamat.2021.116813,,,Acta Materialia,2021
17,CaAlSiN3Ce1,CaAlSiN3,Ce3+,1,,,373,570,,,,,,450,,,,56.3,,https://doi.org/10.1016/j.actamat.2021.116813,,,Acta Materialia,2021
18,CaAlSiN3Ce1,CaAlSiN3,Ce3+,1,,,423,570,,,,,,450,,,,54.7,,https://doi.org/10.1016/j.actamat.2021.116813,,,Acta Materialia,2021
19,La0.96MgAl11O19Tm0.03Dy0.01,La0.96MgAl11O19,Tm3+,0.03,Dy3+,0.01,298,570,0.2354,0.2158,,,,348,,,,,570,https://doi.org/10.1111/jace.13346,mp-1223152,,Journal of the American Ceramic Society,2014
20,La0.94MgAl11O19Tm0.03Dy0.03,La0.94MgAl11O19,Tm3+,0.03,Dy3+,0.03,298,570,0.2686,0.2765,,,,348,,,,,570,https://doi.org/10.1111/jace.13346,mp-1223152,,Journal of the American Ceramic Society,2014
21,La0.92MgAl11O19Tm0.03Dy0.05,La0.92MgAl11O19,Tm3+,0.03,Dy3+,0.05,298,570,0.2821,0.301,,,,348,,,,,570,https://doi.org/10.1111/jace.13346,mp-1223152,,Journal of the American Ceramic Society,2014
22,La0.87MgAl11O19Tm0.03Dy0.1,La0.87MgAl11O19,Tm3+,0.03,Dy3+,0.1,298,570,0.2971,0.3281,,,,348,,,,,570,https://doi.org/10.1111/jace.13346,mp-1223152,,Journal of the American Ceramic Society,2014
23,La0.82MgAl11O19Tm0.03Dy0.15,La0.82MgAl11O19,Tm3+,0.03,Dy3+,0.15,298,570,0.2978,0.3311,,,,348,,,,,570,https://doi.org/10.1111/jace.13346,mp-1223152,,Journal of the American Ceramic Society,2014
24,La0.9MgAl11O19Dy0.1,La0.9MgAl11O19,Dy3+,0.1,,,298,570,0.3324,0.3665,,,,348,,,,,570,https://doi.org/10.1111/jace.13346,mp-1223152,,Journal of the American Ceramic Society,2014
25,Ca5P3O12FEu0.025Mn0.04,Ca5P3O12F,Eu2+,0.025,Mn2+,0.04,298,570,0.295,0.33,,,,335,,,,48,449,https://doi.org/10.1002/ejic.201402187,"mp-6473,mp-1227110", icsd-240629 icsd-94082 icsd-24236 icsd-38118 icsd-240658 icsd-163790 icsd-236762 icsd-94081 icsd-94083 icsd-30261 icsd-56314 icsd-84227 icsd-180314 icsd-193552 icsd-262707 icsd-52385 icsd-240657 icsd-56313,European Journal of Inorganic Chemistry,2014
26,Ca5P3O12FEu0.025Mn0.08,Ca5P3O12F,Eu2+,0.025,Mn2+,0.08,298,570,0.34,0.435,,32.7,,335,335,,,28,449,https://doi.org/10.1002/ejic.201402187,"mp-6473,mp-1227110", icsd-240629 icsd-94082 icsd-24236 icsd-38118 icsd-240658 icsd-163790 icsd-236762 icsd-94081 icsd-94083 icsd-30261 icsd-56314 icsd-84227 icsd-180314 icsd-193552 icsd-262707 icsd-52385 icsd-240657 icsd-56313,European Journal of Inorganic Chemistry,2014
27,Ca5P3O12FEu0.025Mn0.12,Ca5P3O12F,Eu2+,0.025,Mn2+,0.12,298,570,0.37,0.465,,,,335,,,,26,449,https://doi.org/10.1002/ejic.201402187,"mp-6473,mp-1227110", icsd-240629 icsd-94082 icsd-24236 icsd-38118 icsd-240658 icsd-163790 icsd-236762 icsd-94081 icsd-94083 icsd-30261 icsd-56314 icsd-84227 icsd-180314 icsd-193552 icsd-262707 icsd-52385 icsd-240657 icsd-56313,European Journal of Inorganic Chemistry,2014
28,CaWO4Dy0.01,CaWO4,Dy3+,0.01,,,298,572,0.233,0.22,,,,258,,,,,572,https://doi.org/10.1063/1.4913297,"mp-19426,mp-1190383", icsd-60550 icsd-193491 icsd-60548 icsd-60551 icsd-15869 icsd-155423 icsd-193047 icsd-15586 icsd-60549 icsd-18135 icsd-77335 icsd-157428 icsd-291535 icsd-60547 icsd-155791 icsd-238259 icsd-238258,Journal of Applied Physics,2015
29,CaWO4Dy0.03,CaWO4,Dy3+,0.03,,,298,572,0.274,0.27,,,,258,,,,,572,https://doi.org/10.1063/1.4913297,"mp-19426,mp-1190383", icsd-60550 icsd-193491 icsd-60548 icsd-60551 icsd-15869 icsd-155423 icsd-193047 icsd-15586 icsd-60549 icsd-18135 icsd-77335 icsd-157428 icsd-291535 icsd-60547 icsd-155791 icsd-238259 icsd-238258,Journal of Applied Physics,2015
30,CaWO4Dy0.05,CaWO4,Dy3+,0.05,,,298,572,0.301,0.315,,,,258,,,,,572,https://doi.org/10.1063/1.4913297,"mp-19426,mp-1190383", icsd-60550 icsd-193491 icsd-60548 icsd-60551 icsd-15869 icsd-155423 icsd-193047 icsd-15586 icsd-60549 icsd-18135 icsd-77335 icsd-157428 icsd-291535 icsd-60547 icsd-155791 icsd-238259 icsd-238258,Journal of Applied Physics,2015
31,CaWO4Dy0.07,CaWO4,Dy3+,0.07,,,298,572,0.309,0.331,,,,258,353,385,450,,572,https://doi.org/10.1063/1.4913297,"mp-19426,mp-1190383", icsd-60550 icsd-193491 icsd-60548 icsd-60551 icsd-15869 icsd-155423 icsd-193047 icsd-15586 icsd-60549 icsd-18135 icsd-77335 icsd-157428 icsd-291535 icsd-60547 icsd-155791 icsd-238259 icsd-238258,Journal of Applied Physics,2015
32,CaWO4Dy0.09,CaWO4,Dy3+,0.09,,,298,572,0.314,0.34,,,,258,,,,,572,https://doi.org/10.1063/1.4913297,"mp-19426,mp-1190383", icsd-60550 icsd-193491 icsd-60548 icsd-60551 icsd-15869 icsd-155423 icsd-193047 icsd-15586 icsd-60549 icsd-18135 icsd-77335 icsd-157428 icsd-291535 icsd-60547 icsd-155791 icsd-238259 icsd-238258,Journal of Applied Physics,2015
33,CaWO4Dy0.11,CaWO4,Dy3+,0.11,,,298,572,0.312,0.338,,,,258,,,,,572,https://doi.org/10.1063/1.4913297,"mp-19426,mp-1190383", icsd-60550 icsd-193491 icsd-60548 icsd-60551 icsd-15869 icsd-155423 icsd-193047 icsd-15586 icsd-60549 icsd-18135 icsd-77335 icsd-157428 icsd-291535 icsd-60547 icsd-155791 icsd-238259 icsd-238258,Journal of Applied Physics,2015
34,CaWO4Dy0.01,CaWO4,Dy3+,0.01,,,298,572,0.363,0.407,,,,353,,,,153000,572,https://doi.org/10.1063/1.4913297,"mp-19426,mp-1190383", icsd-60550 icsd-193491 icsd-60548 icsd-60551 icsd-15869 icsd-155423 icsd-193047 icsd-15586 icsd-60549 icsd-18135 icsd-77335 icsd-157428 icsd-291535 icsd-60547 icsd-155791 icsd-238259 icsd-238258,Journal of Applied Physics,2015
35,CaWO4Dy0.03,CaWO4,Dy3+,0.03,,,298,572,0.371,0.419,,,,353,,,,145000,572,https://doi.org/10.1063/1.4913297,"mp-19426,mp-1190383", icsd-60550 icsd-193491 icsd-60548 icsd-60551 icsd-15869 icsd-155423 icsd-193047 icsd-15586 icsd-60549 icsd-18135 icsd-77335 icsd-157428 icsd-291535 icsd-60547 icsd-155791 icsd-238259 icsd-238258,Journal of Applied Physics,2015
36,CaWO4Dy0.05,CaWO4,Dy3+,0.05,,,298,572,0.372,0.415,,,,353,,,,140000,572,https://doi.org/10.1063/1.4913297,"mp-19426,mp-1190383", icsd-60550 icsd-193491 icsd-60548 icsd-60551 icsd-15869 icsd-155423 icsd-193047 icsd-15586 icsd-60549 icsd-18135 icsd-77335 icsd-157428 icsd-291535 icsd-60547 icsd-155791 icsd-238259 icsd-238258,Journal of Applied Physics,2015
37,CaWO4Dy0.07,CaWO4,Dy3+,0.07,,,298,572,0.368,0.408,,,,353,353,385,450,98000,572,https://doi.org/10.1063/1.4913297,"mp-19426,mp-1190383", icsd-60550 icsd-193491 icsd-60548 icsd-60551 icsd-15869 icsd-155423 icsd-193047 icsd-15586 icsd-60549 icsd-18135 icsd-77335 icsd-157428 icsd-291535 icsd-60547 icsd-155791 icsd-238259 icsd-238258,Journal of Applied Physics,2015
38,CaWO4Dy0.09,CaWO4,Dy3+,0.09,,,298,572,0.362,0.4,,,,353,,,,92000,572,https://doi.org/10.1063/1.4913297,"mp-19426,mp-1190383", icsd-60550 icsd-193491 icsd-60548 icsd-60551 icsd-15869 icsd-155423 icsd-193047 icsd-15586 icsd-60549 icsd-18135 icsd-77335 icsd-157428 icsd-291535 icsd-60547 icsd-155791 icsd-238259 icsd-238258,Journal of Applied Physics,2015
39,CaWO4Dy0.11,CaWO4,Dy3+,0.11,,,298,572,0.358,0.396,,,,353,,,,72000,572,https://doi.org/10.1063/1.4913297,"mp-19426,mp-1190383", icsd-60550 icsd-193491 icsd-60548 icsd-60551 icsd-15869 icsd-155423 icsd-193047 icsd-15586 icsd-60549 icsd-18135 icsd-77335 icsd-157428 icsd-291535 icsd-60547 icsd-155791 icsd-238259 icsd-238258,Journal of Applied Physics,2015
40,K2YWPO8Tm0.01,K2YWPO8,Tm3+,0.01,,,298,572,0.156,0.036,,,,360,,,,37930,451,https://doi.org/10.1016/j.jlumin.2016.03.020,,,Journal of Luminescence,2016
41,K2YWPO8Tm0.01Dy0.01,K2YWPO8,Tm3+,0.01,Dy3+,0.01,298,572,0.385,0.415,,,,350,,,,35810,451,https://doi.org/10.1016/j.jlumin.2016.03.020,,,Journal of Luminescence,2016
42,K2YWPO8Tm0.01Dy0.05,K2YWPO8,Tm3+,0.01,Dy3+,0.05,298,572,0.35,0.381,,,,350,,,,25160,451,https://doi.org/10.1016/j.jlumin.2016.03.020,,,Journal of Luminescence,2016
43,K2YWPO8Tm0.01Dy0.1,K2YWPO8,Tm3+,0.01,Dy3+,0.1,298,572,0.358,0.387,,,,350,,,,17850,451,https://doi.org/10.1016/j.jlumin.2016.03.020,,,Journal of Luminescence,2016
44,K2YWPO8Tm0.01Dy0.2,K2YWPO8,Tm3+,0.01,Dy3+,0.2,298,572,0.336,0.355,,,,350,,,,8870,451,https://doi.org/10.1016/j.jlumin.2016.03.020,,,Journal of Luminescence,2016
45,K2YWPO8Tm0.01Dy0.22,K2YWPO8,Tm3+,0.01,Dy3+,0.22,298,572,0.331,0.349,,,,350,350,365,390,,572,https://doi.org/10.1016/j.jlumin.2016.03.020,,,Journal of Luminescence,2016
46,K2YWPO8Tm0.01Dy0.24,K2YWPO8,Tm3+,0.01,Dy3+,0.24,298,572,0.335,0.354,,,,350,350,365,390,,572,https://doi.org/10.1016/j.jlumin.2016.03.020,,,Journal of Luminescence,2016
47,K2YWPO8Tm0.01Dy0.26,K2YWPO8,Tm3+,0.01,Dy3+,0.26,298,572,0.327,0.344,,,,350,350,365,390,,572,https://doi.org/10.1016/j.jlumin.2016.03.020,,,Journal of Luminescence,2016
48,K2YWPO8Tm0.01Dy0.3,K2YWPO8,Tm3+,0.01,Dy3+,0.3,298,572,0.294,0.292,,,,350,350,365,390,,572,https://doi.org/10.1016/j.jlumin.2016.03.020,,,Journal of Luminescence,2016
49,K2YWPO8Dy0.05,K2YWPO8,Dy3+,0.05,,,298,572,0.36,0.392,16.7,,523,350,350,365,390,587780,572,https://doi.org/10.1016/j.jlumin.2016.03.020,,,Journal of Luminescence,2016
50,K2YWPO8Tm0.001Dy0.05,K2YWPO8,Tm3+,0.001,Dy3+,0.05,298,572,0.359,0.389,,,,350,350,365,390,583510,572,https://doi.org/10.1016/j.jlumin.2016.03.020,,,Journal of Luminescence,2016
51,K2YWPO8Tm0.005Dy0.05,K2YWPO8,Tm3+,0.005,Dy3+,0.05,298,572,0.361,0.391,,,,350,350,365,390,580130,572,https://doi.org/10.1016/j.jlumin.2016.03.020,,,Journal of Luminescence,2016
52,K2YWPO8Tm0.01Dy0.05,K2YWPO8,Tm3+,0.01,Dy3+,0.05,298,572,0.356,0.385,,,,350,350,365,390,571060,572,https://doi.org/10.1016/j.jlumin.2016.03.020,,,Journal of Luminescence,2016
53,K2YWPO8Tm0.03Dy0.05,K2YWPO8,Tm3+,0.03,Dy3+,0.05,298,572,0.352,0.378,,,,350,350,365,390,559390,572,https://doi.org/10.1016/j.jlumin.2016.03.020,,,Journal of Luminescence,2016
54,K2YWPO8Tm0.05Dy0.05,K2YWPO8,Tm3+,0.05,Dy3+,0.05,298,572,0.346,0.369,,,,350,350,365,390,545520,572,https://doi.org/10.1016/j.jlumin.2016.03.020,,,Journal of Luminescence,2016
55,K2YWPO8Tm0.07Dy0.05,K2YWPO8,Tm3+,0.07,Dy3+,0.05,298,572,0.347,0.37,,,,350,350,365,390,528530,572,https://doi.org/10.1016/j.jlumin.2016.03.020,,,Journal of Luminescence,2016
56,K2YWPO8Tm0.09Dy0.05,K2YWPO8,Tm3+,0.09,Dy3+,0.05,298,572,0.331,0.349,,,,350,350,365,390,,572,https://doi.org/10.1016/j.jlumin.2016.03.020,,,Journal of Luminescence,2016
57,K2YWPO8Tm0.11Dy0.05,K2YWPO8,Tm3+,0.11,Dy3+,0.05,298,572,0.322,0.334,,,,350,350,365,390,,572,https://doi.org/10.1016/j.jlumin.2016.03.020,,,Journal of Luminescence,2016
58,Sr5B3O9FEu0.007,Sr5B3O9F,Eu3+,0.007,,,298,572,0.5431,0.39,,,,335,335,527,459,,572,https://doi.org/10.1016/j.ceramint.2019.04.151,mp-560818, icsd-41318,Ceramics International,2019
59,Sr5B3O9FEu0.01,Sr5B3O9F,Eu3+,0.01,,,298,572,0.4517,0.3023,,,,335,335,527,459,,572,https://doi.org/10.1016/j.ceramint.2019.04.151,mp-560818, icsd-41318,Ceramics International,2019
60,Sr5B3O9FEu0.015,Sr5B3O9F,Eu3+,0.015,,,298,572,0.5605,0.4109,,,,335,335,527,459,,572,https://doi.org/10.1016/j.ceramint.2019.04.151,mp-560818, icsd-41318,Ceramics International,2019
61,Sr5B3O9FEu0.02,Sr5B3O9F,Eu3+,0.02,,,298,572,0.5648,0.4034,,,,335,335,527,459,,572,https://doi.org/10.1016/j.ceramint.2019.04.151,mp-560818, icsd-41318,Ceramics International,2019
62,Sr5B3O9FEu0.03,Sr5B3O9F,Eu3+,0.03,,,298,572,0.4977,0.3641,,,,335,335,527,459,,572,https://doi.org/10.1016/j.ceramint.2019.04.151,mp-560818, icsd-41318,Ceramics International,2019
63,Sr5B3O9FEu0.07,Sr5B3O9F,Eu3+,0.07,,,298,572,0.5628,0.3976,,,,335,335,527,459,,572,https://doi.org/10.1016/j.ceramint.2019.04.151,mp-560818, icsd-41318,Ceramics International,2019
64,Sr5B3O9FEu0.12,Sr5B3O9F,Eu3+,0.12,,,298,572,0.6063,0.3853,,,,335,335,527,459,,572,https://doi.org/10.1016/j.ceramint.2019.04.151,mp-560818, icsd-41318,Ceramics International,2019
65,SrMoO4Dy0.03,SrMoO4,Dy3+,0.03,,,298,573,0.3721,0.4289,,,,268,268,,,870000,573,https://doi.org/10.1016/j.materresbull.2010.12.016,mp-18834, icsd-193794 icsd-250491 icsd-23700 icsd-28025 icsd-194080 icsd-173125 icsd-173120 icsd-245803 icsd-245802 icsd-173122 icsd-239418 icsd-248458 icsd-99089 icsd-194081,Materials Research Bulletin,2011
66,K1.02Sr3.98B3O9Dy0.005,K1.02Sr3.98B3O9,Dy3+,0.005,,,298,573,0.29,0.351,,,,389,,,,651500,480,https://doi.org/10.1016/j.jlumin.2016.01.010,mp-554346, icsd-423814 icsd-425548 icsd-171423,Journal of Luminescence,2016
67,NaLaMo2O8Dy0.05,NaLaMo2O8,Dy3+,0.05,,,298,573,0.36,0.383,,,,362,387,350,,135780,573,https://doi.org/10.1016/j.jallcom.2015.08.256,mp-1220757,,Journal of Alloys and Compounds,2015
68,NaLaMo2O8Dy0.05Eu0.01,NaLaMo2O8,Dy3+,0.05,Eu3+,0.01,298,573,0.384,0.361,,,,362,387,350,,128460,573,https://doi.org/10.1016/j.jallcom.2015.08.256,mp-1220757,,Journal of Alloys and Compounds,2015
69,La1.88LiSbO6Dy0.12,La1.88LiSbO6,Dy3+,0.12,,,298,573,0.389,0.437,,,,351,351,,,,573,https://doi.org/10.1016/j.jallcom.2019.02.132,mp-6674, icsd-72202 icsd-69192,Journal of Alloys and Compounds,2019
70,Sr0.94MgP2O7Ce0.04Dy0.02,Sr0.94MgP2O7,Ce3+,0.04,Dy3+,0.02,298,573,0.346,0.367,,,,300,,,,,,https://doi.org/10.1016/j.jallcom.2018.12.277,mp-18469, icsd-280782,Journal of Alloys and Compounds,2019
71,Sr0.93MgP2O7Ce0.04Dy0.03,Sr0.93MgP2O7,Ce3+,0.04,Dy3+,0.03,298,573,0.354,0.368,,,,300,,,,,,https://doi.org/10.1016/j.jallcom.2018.12.277,mp-18469, icsd-280782,Journal of Alloys and Compounds,2019
72,Sr0.92MgP2O7Ce0.04Dy0.04,Sr0.92MgP2O7,Ce3+,0.04,Dy3+,0.04,298,573,0.361,0.376,,,600,300,,,,,,https://doi.org/10.1016/j.jallcom.2018.12.277,mp-18469, icsd-280782,Journal of Alloys and Compounds,2019
73,Sr0.91MgP2O7Ce0.04Dy0.05,Sr0.91MgP2O7,Ce3+,0.04,Dy3+,0.05,298,573,0.37,0.383,,,,300,,,,,,https://doi.org/10.1016/j.jallcom.2018.12.277,mp-18469, icsd-280782,Journal of Alloys and Compounds,2019
74,Sr3B2O6Ce0.01Eu0.007,Sr3B2O6,Ce3+,0.01,Eu2+,0.007,298,574,0.49,0.44,,,,351,351,,,,574,https://doi.org/10.1063/1.2772195,mp-16432, icsd-93395,Applied Physics Letters,2007
75,Sr3B2O6Eu0.01,Sr3B2O6,Eu2+,0.01,,,298,574,0.53,0.46,,,,377,377,,,,574,https://doi.org/10.1063/1.2772195,mp-16432, icsd-93395,Applied Physics Letters,2007
76,KSr3.98B3O9Dy0.005Tm0.005,KSr3.98B3O9,Dy3+,0.005,Tm3+,0.005,298,574,0.279,0.256,,,,356,,,,18020,453,https://doi.org/10.1039/C2JM15506K,mp-554346, icsd-423814 icsd-425548 icsd-171423,Journal of Materials Chemistry,2012
77,KSr3.94B3O9Dy0.01Tm0.005,KSr3.94B3O9,Dy3+,0.01,Tm3+,0.005,298,574,0.306,0.311,,,,356,,,,12090,453,https://doi.org/10.1039/C2JM15506K,mp-554346, icsd-423814 icsd-425548 icsd-171423,Journal of Materials Chemistry,2012
78,KSr3.92B3O9Dy0.015Tm0.005,KSr3.92B3O9,Dy3+,0.015,Tm3+,0.005,298,574,0.327,0.344,,,,356,,,,7860,453,https://doi.org/10.1039/C2JM15506K,mp-554346, icsd-423814 icsd-425548 icsd-171423,Journal of Materials Chemistry,2012
79,KSr3.96B3O9Dy0.01,KSr3.96B3O9,Dy3+,0.01,,,298,574,0.364,0.401,,,,356,,,,,574,https://doi.org/10.1039/C2JM15506K,mp-554346, icsd-423814 icsd-425548 icsd-171423,Journal of Materials Chemistry,2012
80,YP0.5V0.5O4Dy0.01,YP0.5V0.5O4,Dy3+,0.01,,,298,574,0.34,0.39,,,,270,,,,4000,430,https://doi.org/10.1039/C3TC31586J,"mvc-15449,mvc-16805,mvc-4606",,Journal of Materials Chemistry C,2014
81,YP0.6V0.4O4Dy0.01,YP0.6V0.4O4,Dy3+,0.01,,,298,574,0.3,0.34,,,,270,,,,5000,430,https://doi.org/10.1039/C3TC31586J,"mvc-15449,mvc-16805,mvc-4606",,Journal of Materials Chemistry C,2014
82,YP0.65V0.35O4Dy0.01,YP0.65V0.35O4,Dy3+,0.01,,,298,574,0.32,0.36,,,,270,,,,6000,430,https://doi.org/10.1039/C3TC31586J,"mvc-15449,mvc-16805,mvc-4606",,Journal of Materials Chemistry C,2014
83,YP0.7V0.3O4Dy0.01,YP0.7V0.3O4,Dy3+,0.01,,,298,574,0.3,0.34,,,,270,,,,7500,430,https://doi.org/10.1039/C3TC31586J,"mvc-15449,mvc-16805,mvc-4606",,Journal of Materials Chemistry C,2014
84,YP0.75V0.25O4Dy0.01,YP0.75V0.25O4,Dy3+,0.01,,,298,574,0.28,0.32,,,,270,,,,21000,430,https://doi.org/10.1039/C3TC31586J,"mvc-15449,mvc-16805,mvc-4606",,Journal of Materials Chemistry C,2014
85,YP0.8V0.2O4Dy0.01,YP0.8V0.2O4,Dy3+,0.01,,,298,574,0.26,0.27,,,,270,,,,24000,430,https://doi.org/10.1039/C3TC31586J,"mvc-15449,mvc-16805,mvc-4606",,Journal of Materials Chemistry C,2014
86,YP0.85V0.15O4Dy0.01,YP0.85V0.15O4,Dy3+,0.01,,,298,574,0.22,0.23,,,,270,,,,30000,430,https://doi.org/10.1039/C3TC31586J,"mvc-15449,mvc-16805,mvc-4606",,Journal of Materials Chemistry C,2014
87,YP0.9V0.1O4Dy0.01,YP0.9V0.1O4,Dy3+,0.01,,,298,574,0.23,0.25,,,,270,,,,22500,430,https://doi.org/10.1039/C3TC31586J,"mvc-15449,mvc-16805,mvc-4606",,Journal of Materials Chemistry C,2014
88,YP0.8V0.2O4Dy0.001,YP0.8V0.2O4,Dy3+,0.001,,,298,574,0.17,0.13,,,,270,,,,163000,574,https://doi.org/10.1039/C3TC31586J,"mvc-15449,mvc-16805,mvc-4606",,Journal of Materials Chemistry C,2014
89,YP0.8V0.2O4Dy0.0025,YP0.8V0.2O4,Dy3+,0.0025,,,298,574,0.18,0.16,,,,270,,,,265000,574,https://doi.org/10.1039/C3TC31586J,"mvc-15449,mvc-16805,mvc-4606",,Journal of Materials Chemistry C,2014
90,YP0.8V0.2O4Dy0.005,YP0.8V0.2O4,Dy3+,0.005,,,298,574,0.19,0.2,,,,270,,,,236000,574,https://doi.org/10.1039/C3TC31586J,"mvc-15449,mvc-16805,mvc-4606",,Journal of Materials Chemistry C,2014
91,YP0.8V0.2O4Dy0.0075,YP0.8V0.2O4,Dy3+,0.0075,,,298,574,0.24,0.26,,,,270,,,,216000,574,https://doi.org/10.1039/C3TC31586J,"mvc-15449,mvc-16805,mvc-4606",,Journal of Materials Chemistry C,2014
92,YP0.8V0.2O4Dy0.015,YP0.8V0.2O4,Dy3+,0.015,,,298,574,0.27,0.3,,,,270,,,,204000,574,https://doi.org/10.1039/C3TC31586J,"mvc-15449,mvc-16805,mvc-4606",,Journal of Materials Chemistry C,2014
93,YP0.8V0.2O4Dy0.02,YP0.8V0.2O4,Dy3+,0.02,,,298,574,0.28,0.32,,,,270,,,,184000,574,https://doi.org/10.1039/C3TC31586J,"mvc-15449,mvc-16805,mvc-4606",,Journal of Materials Chemistry C,2014
94,YP0.8V0.2O4Dy0.03,YP0.8V0.2O4,Dy3+,0.03,,,298,574,0.33,0.38,,,,270,,,,177000,574,https://doi.org/10.1039/C3TC31586J,"mvc-15449,mvc-16805,mvc-4606",,Journal of Materials Chemistry C,2014
95,YP0.8V0.2O4Dy0.01Sm0.005,YP0.8V0.2O4,Dy3+,0.01,Sm3+,0.005,298,574,0.3,0.31,,,,270,,,,170000,,https://doi.org/10.1039/C3TC31586J,"mvc-15449,mvc-16805,mvc-4606",,Journal of Materials Chemistry C,2014
96,YP0.8V0.2O4Dy0.01Sm0.0075,YP0.8V0.2O4,Dy3+,0.01,Sm3+,0.0075,298,574,0.33,0.32,25,,,270,,,,,,https://doi.org/10.1039/C3TC31586J,"mvc-15449,mvc-16805,mvc-4606",,Journal of Materials Chemistry C,2014
97,YP0.8V0.2O4Dy0.01Sm0.01,YP0.8V0.2O4,Dy3+,0.01,Sm3+,0.01,298,574,0.41,0.34,,,,270,,,,,,https://doi.org/10.1039/C3TC31586J,"mvc-15449,mvc-16805,mvc-4606",,Journal of Materials Chemistry C,2014
98,YP0.8V0.2O4Dy0.005Sm0.01,YP0.8V0.2O4,Dy3+,0.005,Sm3+,0.01,298,574,0.37,0.28,,,,270,,,,,,https://doi.org/10.1039/C3TC31586J,"mvc-15449,mvc-16805,mvc-4606",,Journal of Materials Chemistry C,2014
99,YP0.8V0.2O4Dy0.0075Sm0.01,YP0.8V0.2O4,Dy3+,0.0075,Sm3+,0.01,298,574,0.36,0.28,,,,270,,,,,,https://doi.org/10.1039/C3TC31586J,"mvc-15449,mvc-16805,mvc-4606",,Journal of Materials Chemistry C,2014
100,YP0.8V0.2O4Dy0.005Sm0.015,YP0.8V0.2O4,Dy3+,0.005,Sm3+,0.015,298,574,0.43,0.31,,,,270,,,,,,https://doi.org/10.1039/C3TC31586J,"mvc-15449,mvc-16805,mvc-4606",,Journal of Materials Chemistry C,2014
101,Ca9.96P6O24Cl1.94Eu0.01,Ca9.96P6O24Cl1.94,Eu3+,0.01,,,298,574,0.497,0.437,,,,461,528,531,461,2220000,574,https://doi.org/10.1016/j.materresbull.2017.09.043,"mp-555164,mp-39460,mp-554236", icsd-2789 icsd-24237 icsd-184825 icsd-184824,Materials Research Bulletin,2018
102,Ba5Ca0.995Al4O12Dy0.005,Ba5Ca0.995Al4O12,Dy3+,0.005,,,298,574,0.306,0.338,,,,348,348,361,385,,574,https://doi.org/10.1016/j.ceramint.2014.02.068,,,Ceramics International,2014
103,Ba5Ca0.99Al4O12Dy0.01,Ba5Ca0.99Al4O12,Dy3+,0.01,,,298,574,0.309,0.342,,,,348,348,361,385,,574,https://doi.org/10.1016/j.ceramint.2014.02.068,,,Ceramics International,2014
104,Ba5Ca0.98Al4O12Dy0.02,Ba5Ca0.98Al4O12,Dy3+,0.02,,,298,574,0.314,0.344,,,,348,348,361,385,,574,https://doi.org/10.1016/j.ceramint.2014.02.068,,,Ceramics International,2014
105,Ba5Ca0.96Al4O12Dy0.04,Ba5Ca0.96Al4O12,Dy3+,0.04,,,298,574,0.322,0.349,,,,348,348,361,385,,574,https://doi.org/10.1016/j.ceramint.2014.02.068,,,Ceramics International,2014
106,Ba5Ca0.93Al4O12Dy0.07,Ba5Ca0.93Al4O12,Dy3+,0.07,,,298,574,0.328,0.355,,,,348,348,361,385,,574,https://doi.org/10.1016/j.ceramint.2014.02.068,,,Ceramics International,2014
107,Ba5Ca0.9Al4O12Dy0.1,Ba5Ca0.9Al4O12,Dy3+,0.1,,,298,574,0.333,0.361,,,,348,348,361,385,,574,https://doi.org/10.1016/j.ceramint.2014.02.068,,,Ceramics International,2014
108,GdVO4Dy0.02,GdVO4,Dy3+,0.02,,,298,574,0.313,0.365,,,,283,,,,300280,574,https://doi.org/10.1039/C5CP04373E,mp-22024, icsd-15607 icsd-238224 icsd-238223 icsd-152692 icsd-81703 icsd-186232 icsd-186231,Physical Chemistry Chemical Physics,2015
109,GdVO4Dy0.02Eu0.01,GdVO4,Dy3+,0.02,Eu3+,0.01,298,574,0.366,0.37,,,,283,,,,294580,574,https://doi.org/10.1039/C5CP04373E,mp-22024, icsd-15607 icsd-238224 icsd-238223 icsd-152692 icsd-81703 icsd-186232 icsd-186231,Physical Chemistry Chemical Physics,2015
110,GdVO4Dy0.02Eu0.02,GdVO4,Dy3+,0.02,Eu3+,0.02,298,574,0.399,0.364,,,,283,,,,263860,574,https://doi.org/10.1039/C5CP04373E,mp-22024, icsd-15607 icsd-238224 icsd-238223 icsd-152692 icsd-81703 icsd-186232 icsd-186231,Physical Chemistry Chemical Physics,2015
111,GdVO4Eu0.02Dy0.02,GdVO4,Eu3+,0.02,Dy3+,0.02,298,574,,,,,,283,,,,247020,620,https://doi.org/10.1039/C5CP04373E,mp-22024, icsd-15607 icsd-238224 icsd-238223 icsd-152692 icsd-81703 icsd-186232 icsd-186231,Physical Chemistry Chemical Physics,2015
112,GdVO4Eu0.02Dy0.03,GdVO4,Eu3+,0.02,Dy3+,0.03,298,574,0.356,0.345,,,,283,,,,,,https://doi.org/10.1039/C5CP04373E,mp-22024, icsd-15607 icsd-238224 icsd-238223 icsd-152692 icsd-81703 icsd-186232 icsd-186231,Physical Chemistry Chemical Physics,2015
113,GdVO4Eu0.02Dy0.05,GdVO4,Eu3+,0.02,Dy3+,0.05,298,574,0.351,0.295,,,,283,,,,,,https://doi.org/10.1039/C5CP04373E,mp-22024, icsd-15607 icsd-238224 icsd-238223 icsd-152692 icsd-81703 icsd-186232 icsd-186231,Physical Chemistry Chemical Physics,2015
114,Ba2Gd4.99B5O17Dy0.01,Ba2Gd4.99B5O17,Dy3+,0.01,,,298,575,0.404,0.419,,,,354,,,,551000,575,https://doi.org/10.1007/s10854-018-9640-9,,,Journal of Materials Science: Materials in Electronics,2018
115,Ba2Gd4.97B5O17Dy0.03,Ba2Gd4.97B5O17,Dy3+,0.03,,,298,575,0.412,0.433,,,,354,,,,488000,575,https://doi.org/10.1007/s10854-018-9640-9,,,Journal of Materials Science: Materials in Electronics,2018
116,Ba2Gd4.95B5O17Dy0.05,Ba2Gd4.95B5O17,Dy3+,0.05,,,298,575,0.414,0.435,,,,354,,,,452000,575,https://doi.org/10.1007/s10854-018-9640-9,,,Journal of Materials Science: Materials in Electronics,2018
117,Ba2Gd4.93B5O17Dy0.07,Ba2Gd4.93B5O17,Dy3+,0.07,,,298,575,0.415,0.435,,,413,354,276,314,,419000,575,https://doi.org/10.1007/s10854-018-9640-9,,,Journal of Materials Science: Materials in Electronics,2018
118,Ba2Gd4.91B5O17Dy0.09,Ba2Gd4.91B5O17,Dy3+,0.09,,,298,575,0.414,0.436,,,,354,,,,387000,575,https://doi.org/10.1007/s10854-018-9640-9,,,Journal of Materials Science: Materials in Electronics,2018
119,Ba2Gd4.89B5O17Dy0.11,Ba2Gd4.89B5O17,Dy3+,0.11,,,298,575,0.414,0.436,,,,354,,,,367000,575,https://doi.org/10.1007/s10854-018-9640-9,,,Journal of Materials Science: Materials in Electronics,2018
120,Ca3BiP3O12Dy0.01,Ca3BiP3O12,Dy3+,0.01,,,298,575,0.326,0.375,,,,451,,,,840000,575,https://doi.org/10.1111/jace.16479,,,Journal of the American Ceramic Society,2019
121,Ca3BiP3O12Dy0.02,Ca3BiP3O12,Dy3+,0.02,,,298,575,0.336,0.387,,,,451,,,,778000,575,https://doi.org/10.1111/jace.16479,,,Journal of the American Ceramic Society,2019
122,Ca3BiP3O12Dy0.04,Ca3BiP3O12,Dy3+,0.04,,,298,575,0.34,0.385,,,,451,,,,739000,575,https://doi.org/10.1111/jace.16479,,,Journal of the American Ceramic Society,2019
123,Ca3BiP3O12Dy0.06,Ca3BiP3O12,Dy3+,0.06,,,298,575,0.329,0.377,,,,451,,,,699000,575,https://doi.org/10.1111/jace.16479,,,Journal of the American Ceramic Society,2019
124,Ca3BiP3O12Dy0.06,Ca3BiP3O12,Dy3+,0.06,,,298,575,,,,,480,384,,,,,,https://doi.org/10.1111/jace.16479,,,Journal of the American Ceramic Society,2019
125,Ca3BiP3O12Dy0.08,Ca3BiP3O12,Dy3+,0.08,,,298,575,0.336,0.385,,,,451,,,,647000,575,https://doi.org/10.1111/jace.16479,,,Journal of the American Ceramic Society,2019
126,Ca3BiP3O12Dy0.1,Ca3BiP3O12,Dy3+,0.1,,,298,575,0.344,0.391,,,,451,,,,590000,575,https://doi.org/10.1111/jace.16479,,,Journal of the American Ceramic Society,2019
127,YVO4Dy0.05,YVO4,Dy3+,0.05,,,298,575,0.312,0.471,62,,,283,283,,,,575,https://doi.org/10.1021/ic100953m,mp-19133, icsd-15604 icsd-107638 icsd-246709 icsd-26894 icsd-78074 icsd-2504 icsd-174549 icsd-246708 icsd-36060,Inorganic Chemistry,2010
128,Na3Sc2P3O12Dy0.01,Na3Sc2P3O12,Dy3+,0.01,,,298,575,0.394,0.405,,,,350,350,325,362,1589000,575,https://doi.org/10.1016/j.dyepig.2018.03.053,"mp-16956,mp-1221280,mp-555608", icsd-65406 icsd-20740,Dyes and Pigments,2018
129,Na3Sc2P3O12Dy0.03,Na3Sc2P3O12,Dy3+,0.03,,,298,575,0.393,0.412,,,,350,350,325,362,971000,575,https://doi.org/10.1016/j.dyepig.2018.03.053,"mp-16956,mp-1221280,mp-555608", icsd-65406 icsd-20740,Dyes and Pigments,2018
130,Na3Sc2P3O12Dy0.05,Na3Sc2P3O12,Dy3+,0.05,,,298,575,0.39,0.409,77.8,,,350,350,325,362,805000,575,https://doi.org/10.1016/j.dyepig.2018.03.053,"mp-16956,mp-1221280,mp-555608", icsd-65406 icsd-20740,Dyes and Pigments,2018
131,Na3Sc2P3O12Dy0.08,Na3Sc2P3O12,Dy3+,0.08,,,298,575,0.39,0.409,,,,350,350,325,362,756000,575,https://doi.org/10.1016/j.dyepig.2018.03.053,"mp-16956,mp-1221280,mp-555608", icsd-65406 icsd-20740,Dyes and Pigments,2018
132,Na3Sc2P3O12Dy0.1,Na3Sc2P3O12,Dy3+,0.1,,,298,575,0.387,0.407,,,,350,350,325,362,609000,575,https://doi.org/10.1016/j.dyepig.2018.03.053,"mp-16956,mp-1221280,mp-555608", icsd-65406 icsd-20740,Dyes and Pigments,2018
133,Na3Sc2P3O12Dy0.05Eu0.03,Na3Sc2P3O12,Dy3+,0.05,Eu3+,0.03,298,575,0.409,0.406,,,,350,,,,688000,486,https://doi.org/10.1016/j.dyepig.2018.03.053,"mp-16956,mp-1221280,mp-555608", icsd-65406 icsd-20740,Dyes and Pigments,2018
134,Na3Sc2P3O12Dy0.05Eu0.05,Na3Sc2P3O12,Dy3+,0.05,Eu3+,0.05,298,575,0.421,0.403,,,,350,,,,678000,486,https://doi.org/10.1016/j.dyepig.2018.03.053,"mp-16956,mp-1221280,mp-555608", icsd-65406 icsd-20740,Dyes and Pigments,2018
135,Na3Sc2P3O12Dy0.05Eu0.1,Na3Sc2P3O12,Dy3+,0.05,Eu3+,0.1,298,575,0.434,0.399,,,,350,,,,646000,486,https://doi.org/10.1016/j.dyepig.2018.03.053,"mp-16956,mp-1221280,mp-555608", icsd-65406 icsd-20740,Dyes and Pigments,2018
136,Na3Sc2P3O12Dy0.05Eu0.15,Na3Sc2P3O12,Dy3+,0.05,Eu3+,0.15,298,575,0.446,0.395,,,,350,,,,630000,486,https://doi.org/10.1016/j.dyepig.2018.03.053,"mp-16956,mp-1221280,mp-555608", icsd-65406 icsd-20740,Dyes and Pigments,2018
137,Na3Sc2P3O12Dy0.05Eu0.2,Na3Sc2P3O12,Dy3+,0.05,Eu3+,0.2,298,575,0.453,0.39,44.1,,,350,,,,627000,486,https://doi.org/10.1016/j.dyepig.2018.03.053,"mp-16956,mp-1221280,mp-555608", icsd-65406 icsd-20740,Dyes and Pigments,2018
138,Na3Sc2P3O12Dy0.05Eu0.3,Na3Sc2P3O12,Dy3+,0.05,Eu3+,0.3,298,575,0.489,0.379,,,,350,,,,581000,486,https://doi.org/10.1016/j.dyepig.2018.03.053,"mp-16956,mp-1221280,mp-555608", icsd-65406 icsd-20740,Dyes and Pigments,2018
139,Na3Sc2P3O12Dy0.05Eu0.4,Na3Sc2P3O12,Dy3+,0.05,Eu3+,0.4,298,575,0.499,0.374,,,,350,,,,548000,486,https://doi.org/10.1016/j.dyepig.2018.03.053,"mp-16956,mp-1221280,mp-555608", icsd-65406 icsd-20740,Dyes and Pigments,2018
140,NaGdW2O8Dy0.03,NaGdW2O8,Dy3+,0.03,,,298,575,0.306,0.353,,,,365,,,,,,https://doi.org/10.1021/ic501284y,,,Inorganic Chemistry,2014
141,NaGdW2O8Dy0.03Eu0.02,NaGdW2O8,Dy3+,0.03,Eu3+,0.02,298,575,0.363,0.328,,,,365,,,,,,https://doi.org/10.1021/ic501284y,,,Inorganic Chemistry,2014
142,NaGdW2O8Dy0.03Eu0.04,NaGdW2O8,Dy3+,0.03,Eu3+,0.04,298,575,0.375,0.322,,,,365,,,,,,https://doi.org/10.1021/ic501284y,,,Inorganic Chemistry,2014
143,NaGdW2O8Dy0.03Eu0.06,NaGdW2O8,Dy3+,0.03,Eu3+,0.06,298,575,0.407,0.318,,,,365,,,,,,https://doi.org/10.1021/ic501284y,,,Inorganic Chemistry,2014
144,NaGdW2O8Dy0.03Eu0.1,NaGdW2O8,Dy3+,0.03,Eu3+,0.1,298,575,0.442,0.295,,,,365,,,,,,https://doi.org/10.1021/ic501284y,,,Inorganic Chemistry,2014
145,NaGdW2O8Dy0.03Eu0.14,NaGdW2O8,Dy3+,0.03,Eu3+,0.14,298,575,0.449,0.284,,,,365,,,,,,https://doi.org/10.1021/ic501284y,,,Inorganic Chemistry,2014
146,NaGdW2O8Tm0.01Dy0.01,NaGdW2O8,Tm3+,0.01,Dy3+,0.01,298,575,0.266,0.256,,,,355,,,,,,https://doi.org/10.1021/ic501284y,,,Inorganic Chemistry,2014
147,NaGdW2O8Tm0.01Dy0.03,NaGdW2O8,Tm3+,0.01,Dy3+,0.03,298,575,0.291,0.301,,,,355,,,,2270000,454,https://doi.org/10.1021/ic501284y,,,Inorganic Chemistry,2014
148,NaGdW2O8Tm0.01Dy0.05,NaGdW2O8,Tm3+,0.01,Dy3+,0.05,298,575,0.306,0.332,,,,355,,,,,,https://doi.org/10.1021/ic501284y,,,Inorganic Chemistry,2014
149,NaGdW2O8Tm0.01Dy0.07,NaGdW2O8,Tm3+,0.01,Dy3+,0.07,298,575,0.317,0.337,,,,355,,,,,,https://doi.org/10.1021/ic501284y,,,Inorganic Chemistry,2014
150,La1.97MgGeO6Dy0.03,La1.97MgGeO6,Dy3+,0.03,,,298,575,,,,,,350,350,,,100640,575,https://doi.org/10.1111/jace.15923,mp-11585,,Journal of the American Ceramic Society,2018
151,CaWO4Tm0.005Dy0.01,CaWO4,Tm3+,0.005,Dy3+,0.01,298,575,0.276,0.273,,,,355,,,,,,https://doi.org/10.1039/C6RA02594C,"mp-19426,mp-1190383", icsd-60550 icsd-193491 icsd-60548 icsd-60551 icsd-15869 icsd-155423 icsd-193047 icsd-15586 icsd-60549 icsd-18135 icsd-77335 icsd-157428 icsd-291535 icsd-60547 icsd-155791 icsd-238259 icsd-238258,RSC Advances,2016
152,CsGd0.99Mo2O8Dy0.01,CsGd0.99Mo2O8,Dy3+,0.01,,,298,575,0.365,0.42,,,,354,,,,,,https://doi.org/10.1016/j.dyepig.2016.10.016,"mp-1213392,mp-1213304",,Dyes and Pigments,2017
153,CsGd0.97Mo2O8Dy0.03,CsGd0.97Mo2O8,Dy3+,0.03,,,298,575,0.363,0.415,,,,354,,,,,,https://doi.org/10.1016/j.dyepig.2016.10.016,"mp-1213392,mp-1213304",,Dyes and Pigments,2017
154,CsGd0.95Mo2O8Dy0.05,CsGd0.95Mo2O8,Dy3+,0.05,,,298,575,0.377,0.422,,,,354,,,,,,https://doi.org/10.1016/j.dyepig.2016.10.016,"mp-1213392,mp-1213304",,Dyes and Pigments,2017
155,CsGd0.93Mo2O8Dy0.07,CsGd0.93Mo2O8,Dy3+,0.07,,,298,575,0.373,0.42,,,,354,,,,,,https://doi.org/10.1016/j.dyepig.2016.10.016,"mp-1213392,mp-1213304",,Dyes and Pigments,2017
156,CsGd0.9Mo2O8Dy0.1,CsGd0.9Mo2O8,Dy3+,0.1,,,298,575,0.38,0.426,,,,354,,,,,,https://doi.org/10.1016/j.dyepig.2016.10.016,"mp-1213392,mp-1213304",,Dyes and Pigments,2017
157,CsGd0.88Mo2O8Dy0.12,CsGd0.88Mo2O8,Dy3+,0.12,,,298,575,0.381,0.423,,,,354,,,,,,https://doi.org/10.1016/j.dyepig.2016.10.016,"mp-1213392,mp-1213304",,Dyes and Pigments,2017
158,CsGd0.85Mo2O8Dy0.15,CsGd0.85Mo2O8,Dy3+,0.15,,,298,575,0.376,0.423,,,,354,,,,,,https://doi.org/10.1016/j.dyepig.2016.10.016,"mp-1213392,mp-1213304",,Dyes and Pigments,2017
159,CsGd0.95Mo2O8Dy0.05,CsGd0.95Mo2O8,Dy3+,0.05,,,298,575,0.377,0.43,,,,395,,,,,,https://doi.org/10.1016/j.dyepig.2016.10.016,"mp-1213392,mp-1213304",,Dyes and Pigments,2017
160,CsGd0.95Mo2O8Dy0.05,CsGd0.95Mo2O8,Dy3+,0.05,,,298,575,,,,,,295,,,,7,575,https://doi.org/10.1016/j.dyepig.2016.10.016,"mp-1213392,mp-1213304",,Dyes and Pigments,2017
161,CsGd0.94Mo2O8Dy0.05Eu0.01,CsGd0.94Mo2O8,Dy3+,0.05,Eu3+,0.01,298,575,0.411,0.404,,,,395,,,,,,https://doi.org/10.1016/j.dyepig.2016.10.016,"mp-1213392,mp-1213304",,Dyes and Pigments,2017
162,CsGd0.94Mo2O8Dy0.05Eu0.01,CsGd0.94Mo2O8,Dy3+,0.05,Eu3+,0.01,298,575,,,,,,295,,,,6.45,575,https://doi.org/10.1016/j.dyepig.2016.10.016,"mp-1213392,mp-1213304",,Dyes and Pigments,2017
163,CsGd0.93Mo2O8Dy0.05Eu0.02,CsGd0.93Mo2O8,Dy3+,0.05,Eu3+,0.02,298,575,0.437,0.405,,,,395,,,,,,https://doi.org/10.1016/j.dyepig.2016.10.016,"mp-1213392,mp-1213304",,Dyes and Pigments,2017
164,CsGd0.93Mo2O8Dy0.05Eu0.02,CsGd0.93Mo2O8,Dy3+,0.05,Eu3+,0.02,298,575,,,,,,295,,,,6.25,575,https://doi.org/10.1016/j.dyepig.2016.10.016,"mp-1213392,mp-1213304",,Dyes and Pigments,2017
165,CsGd0.91Mo2O8Eu0.05Dy0.04,CsGd0.91Mo2O8,Eu3+,0.05,Dy3+,0.04,298,575,0.39,0.406,,,,395,,,,,,https://doi.org/10.1016/j.dyepig.2016.10.016,"mp-1213392,mp-1213304",,Dyes and Pigments,2017
166,CsGd0.91Mo2O8Eu0.05Dy0.04,CsGd0.91Mo2O8,Eu3+,0.05,Dy3+,0.04,298,575,,,,,,295,,,,5.16,615,https://doi.org/10.1016/j.dyepig.2016.10.016,"mp-1213392,mp-1213304",,Dyes and Pigments,2017
167,CsGd0.9Mo2O8Eu0.05Dy0.05,CsGd0.9Mo2O8,Eu3+,0.05,Dy3+,0.05,298,575,0.384,0.404,,,,395,,,,,,https://doi.org/10.1016/j.dyepig.2016.10.016,"mp-1213392,mp-1213304",,Dyes and Pigments,2017
168,CsGd0.9Mo2O8Eu0.05Dy0.05,CsGd0.9Mo2O8,Eu3+,0.05,Dy3+,0.05,298,575,,,,,,295,,,,4.89,615,https://doi.org/10.1016/j.dyepig.2016.10.016,"mp-1213392,mp-1213304",,Dyes and Pigments,2017
169,Ca3Gd7PSi5O26Mn0.09,Ca3Gd7PSi5O26,Mn2+,0.09,,,298,575,0.519,0.438,,,,286,276,,,,575,https://doi.org/10.1021/ic3015578,,,Inorganic Chemistry,2012
170,Ca3Gd7PSi5O26Ce0.05Mn0.09,Ca3Gd7PSi5O26,Ce3+,0.05,Mn2+,0.09,298,575,0.437,0.369,,,,286,,,,,,https://doi.org/10.1021/ic3015578,,,Inorganic Chemistry,2012
171,Ca3Gd7PSi5O26Ce0.05Mn0.15,Ca3Gd7PSi5O26,Ce3+,0.05,Mn2+,0.15,298,575,0.466,0.399,,,,286,,,,,,https://doi.org/10.1021/ic3015578,,,Inorganic Chemistry,2012
172,Ca3Gd7PSi5O26Ce0.05Mn0.2,Ca3Gd7PSi5O26,Ce3+,0.05,Mn2+,0.2,298,575,0.481,0.42,,,,286,,,,,,https://doi.org/10.1021/ic3015578,,,Inorganic Chemistry,2012
173,Ba3BiP3O12Dy0.005,Ba3BiP3O12,Dy3+,0.005,,,298,575,0.318,0.383,,,,348,,,,,,https://doi.org/10.1016/j.jallcom.2011.11.114,,,Journal of Alloys and Compounds,2012
174,Ba3BiP3O12Dy0.01,Ba3BiP3O12,Dy3+,0.01,,,298,575,0.32,0.382,,,,348,,,,,,https://doi.org/10.1016/j.jallcom.2011.11.114,,,Journal of Alloys and Compounds,2012
175,Ba3BiP3O12Dy0.03,Ba3BiP3O12,Dy3+,0.03,,,298,575,0.323,0.379,,,,348,,,,,,https://doi.org/10.1016/j.jallcom.2011.11.114,,,Journal of Alloys and Compounds,2012
176,Ba3BiP3O12Dy0.05,Ba3BiP3O12,Dy3+,0.05,,,298,575,0.325,0.381,,,,348,,,,,,https://doi.org/10.1016/j.jallcom.2011.11.114,,,Journal of Alloys and Compounds,2012
177,Ba3BiP3O12Dy0.08,Ba3BiP3O12,Dy3+,0.08,,,298,575,0.322,0.381,,,,348,,,,,,https://doi.org/10.1016/j.jallcom.2011.11.114,,,Journal of Alloys and Compounds,2012
178,Ba3BiP3O12Dy0.1,Ba3BiP3O12,Dy3+,0.1,,,298,575,0.324,0.379,,,,348,,,,,,https://doi.org/10.1016/j.jallcom.2011.11.114,,,Journal of Alloys and Compounds,2012
179,Ba3BiP3O12Dy0.15,Ba3BiP3O12,Dy3+,0.15,,,298,575,0.326,0.378,,,,348,,,,,,https://doi.org/10.1016/j.jallcom.2011.11.114,,,Journal of Alloys and Compounds,2012
180,Ba3BiP3O12Dy0.005,Ba3BiP3O12,Dy3+,0.005,,,298,575,0.317,0.379,,,,387,,,,,,https://doi.org/10.1016/j.jallcom.2011.11.114,,,Journal of Alloys and Compounds,2012
181,Ba3BiP3O12Dy0.01,Ba3BiP3O12,Dy3+,0.01,,,298,575,0.319,0.381,,,,387,,,,,,https://doi.org/10.1016/j.jallcom.2011.11.114,,,Journal of Alloys and Compounds,2012
182,Ba3BiP3O12Dy0.03,Ba3BiP3O12,Dy3+,0.03,,,298,575,0.321,0.38,,,,387,,,,,,https://doi.org/10.1016/j.jallcom.2011.11.114,,,Journal of Alloys and Compounds,2012
183,Ba3BiP3O12Dy0.05,Ba3BiP3O12,Dy3+,0.05,,,298,575,0.321,0.379,,,,387,,,,,,https://doi.org/10.1016/j.jallcom.2011.11.114,,,Journal of Alloys and Compounds,2012
184,Ba3BiP3O12Dy0.08,Ba3BiP3O12,Dy3+,0.08,,,298,575,0.321,0.38,,,,387,,,,,,https://doi.org/10.1016/j.jallcom.2011.11.114,,,Journal of Alloys and Compounds,2012
185,Ba3BiP3O12Dy0.1,Ba3BiP3O12,Dy3+,0.1,,,298,575,0.324,0.383,,,,387,,,,,,https://doi.org/10.1016/j.jallcom.2011.11.114,,,Journal of Alloys and Compounds,2012
186,Ba3BiP3O12Dy0.15,Ba3BiP3O12,Dy3+,0.15,,,298,575,0.327,0.382,,,,387,,,,,,https://doi.org/10.1016/j.jallcom.2011.11.114,,,Journal of Alloys and Compounds,2012
187,CaLa0.98NbMoO8Dy0.02,CaLa0.98NbMoO8,Dy3+,0.02,,,298,575,0.392,0.424,,,,351,351,386,366,,575,https://doi.org/10.1016/j.matlet.2016.02.022,,,Materials Letters,2016
188,CaLa0.975NbMoO8Dy0.025,CaLa0.975NbMoO8,Dy3+,0.025,,,298,575,0.393,0.425,,,,351,351,386,366,,575,https://doi.org/10.1016/j.matlet.2016.02.022,,,Materials Letters,2016
189,CaLa0.97NbMoO8Dy0.03,CaLa0.97NbMoO8,Dy3+,0.03,,,298,575,0.391,0.422,,,,351,351,386,366,,575,https://doi.org/10.1016/j.matlet.2016.02.022,,,Materials Letters,2016
190,CaLa0.965NbMoO8Dy0.035,CaLa0.965NbMoO8,Dy3+,0.035,,,298,575,0.391,0.422,,,,351,351,386,366,,575,https://doi.org/10.1016/j.matlet.2016.02.022,,,Materials Letters,2016
191,CaLa0.95NbMoO8Dy0.05,CaLa0.95NbMoO8,Dy3+,0.05,,,298,575,0.392,0.424,,,,351,351,386,366,,575,https://doi.org/10.1016/j.matlet.2016.02.022,,,Materials Letters,2016
192,CaLa0.925NbMoO8Dy0.075,CaLa0.925NbMoO8,Dy3+,0.075,,,298,575,0.393,0.425,,,,351,351,386,366,,575,https://doi.org/10.1016/j.matlet.2016.02.022,,,Materials Letters,2016
193,Mg0.97Y1.94Al4SiO12Ce0.06Mn0.03,Mg0.97Y1.94Al4SiO12,Ce3+,0.06,Mn2+,0.03,298,575,0.462,0.509,75.9,,,460,,,,35.2,550,https://doi.org/10.1016/j.optmat.2017.06.012,,,Optical Materials,2017
194,NaSr2Nb5O15Dy0.005,NaSr2Nb5O15,Dy3+,0.005,,,298,576,0.401,0.44,,,,388,388,,,305541.6,576,https://doi.org/10.1016/j.matlet.2012.09.072,mp-1220952,,Materials Letters,2013
195,NaSr2Nb5O15Dy0.01,NaSr2Nb5O15,Dy3+,0.01,,,298,576,0.399,0.434,,,,388,388,,,295897.5,576,https://doi.org/10.1016/j.matlet.2012.09.072,mp-1220952,,Materials Letters,2013
196,NaSr2Nb5O15Dy0.02,NaSr2Nb5O15,Dy3+,0.02,,,298,576,0.397,0.432,,,,388,388,,,285156.8,576,https://doi.org/10.1016/j.matlet.2012.09.072,mp-1220952,,Materials Letters,2013
197,NaSr2Nb5O15Dy0.03,NaSr2Nb5O15,Dy3+,0.03,,,298,576,0.396,0.433,38.6,,,388,388,,,275744.1,576,https://doi.org/10.1016/j.matlet.2012.09.072,mp-1220952,,Materials Letters,2013
198,NaSr2Nb5O15Dy0.04,NaSr2Nb5O15,Dy3+,0.04,,,298,576,0.402,0.437,,,,388,388,,,269065.7,576,https://doi.org/10.1016/j.matlet.2012.09.072,mp-1220952,,Materials Letters,2013
199,LiGdW2O8Dy0.05,LiGdW2O8,Dy3+,0.05,,,298,576,0.406,0.431,,,,267,352,366,,,576,https://doi.org/10.1039/C5RA19345A,"mp-1210920,mp-1222332",,RSC Advances,2015
200,LiGdW2O8Tm0.02Dy0.06,LiGdW2O8,Tm3+,0.02,Dy3+,0.06,298,576,0.335,0.321,28,,,360,,,,6630,455,https://doi.org/10.1039/C5RA19345A,"mp-1210920,mp-1222332",,RSC Advances,2015
201,LiGdW2O8Tm0.02Dy0.08,LiGdW2O8,Tm3+,0.02,Dy3+,0.08,298,576,0.349,0.348,,,,360,,,,5310,455,https://doi.org/10.1039/C5RA19345A,"mp-1210920,mp-1222332",,RSC Advances,2015
202,LiGdW2O8Tm0.02Dy0.1,LiGdW2O8,Tm3+,0.02,Dy3+,0.1,298,576,0.368,0.368,,,,360,,,,4540,455,https://doi.org/10.1039/C5RA19345A,"mp-1210920,mp-1222332",,RSC Advances,2015
203,Ca3.88Si2O7F2Eu0.04Mn0.08,Ca3.88Si2O7F2,Eu2+,0.04,Mn2+,0.08,298,576,0.31,0.288,,,,400,,,,,,https://doi.org/10.1039/C2JM33160H,mp-560163, icsd-64710,Journal of Materials Chemistry,2012
204,Ca3.84Si2O7F2Eu0.04Mn0.12,Ca3.84Si2O7F2,Eu2+,0.04,Mn2+,0.12,298,576,0.351,0.332,,,,400,,,,,,https://doi.org/10.1039/C2JM33160H,mp-560163, icsd-64710,Journal of Materials Chemistry,2012
205,Ca3.76Si2O7F2Eu0.04Mn0.2,Ca3.76Si2O7F2,Eu2+,0.04,Mn2+,0.2,298,576,0.378,0.366,,,,400,,,,,,https://doi.org/10.1039/C2JM33160H,mp-560163, icsd-64710,Journal of Materials Chemistry,2012
206,Ca3.68Si2O7F2Eu0.04Mn0.28,Ca3.68Si2O7F2,Eu2+,0.04,Mn2+,0.28,298,576,0.419,0.411,,,,400,,,,,,https://doi.org/10.1039/C2JM33160H,mp-560163, icsd-64710,Journal of Materials Chemistry,2012
207,Ca3.56Si2O7F2Eu0.04Mn0.4,Ca3.56Si2O7F2,Eu2+,0.04,Mn2+,0.4,298,576,0.43,0.423,,,,400,,,,,,https://doi.org/10.1039/C2JM33160H,mp-560163, icsd-64710,Journal of Materials Chemistry,2012
208,NaBa0.95BO3Dy0.05,NaBa0.95BO3,Dy3+,0.05,,,298,576,,,6,,,348,348,363,386,744000,576,https://doi.org/10.1016/j.materresbull.2015.08.007,mp-6660, icsd-192562 icsd-250086 icsd-80110,Materials Research Bulletin,2016
209,NaBa0.93BO3Dy0.07,NaBa0.93BO3,Dy3+,0.07,,,298,576,,,,,,348,348,363,386,695100,576,https://doi.org/10.1016/j.materresbull.2015.08.007,mp-6660, icsd-192562 icsd-250086 icsd-80110,Materials Research Bulletin,2016
210,NaBa0.98BO3K0.01Dy0.01,NaBa0.98BO3K0.01,Dy3+,0.01,,,298,576,0.29,0.289,,,,348,348,363,386,,576,https://doi.org/10.1016/j.materresbull.2015.08.007,mp-6660, icsd-192562 icsd-250086 icsd-80110,Materials Research Bulletin,2016
211,NaBa0.94BO3K0.03Dy0.03,NaBa0.94BO3K0.03,Dy3+,0.03,,,298,576,0.29,0.286,,,,348,348,363,386,,576,https://doi.org/10.1016/j.materresbull.2015.08.007,mp-6660, icsd-192562 icsd-250086 icsd-80110,Materials Research Bulletin,2016
212,NaBa0.9BO3K0.05Dy0.05,NaBa0.9BO3K0.05,Dy3+,0.05,,,298,576,0.301,0.308,10,,573,348,348,363,386,785200,576,https://doi.org/10.1016/j.materresbull.2015.08.007,mp-6660, icsd-192562 icsd-250086 icsd-80110,Materials Research Bulletin,2016
213,NaBa0.86BO3K0.07Dy0.07,NaBa0.86BO3K0.07,Dy3+,0.07,,,298,576,0.296,0.297,,,,348,348,363,386,747300,576,https://doi.org/10.1016/j.materresbull.2015.08.007,mp-6660, icsd-192562 icsd-250086 icsd-80110,Materials Research Bulletin,2016
214,NaBa0.82BO3K0.09Dy0.09,NaBa0.82BO3K0.09,Dy3+,0.09,,,298,576,0.291,0.29,,,,348,348,363,386,,576,https://doi.org/10.1016/j.materresbull.2015.08.007,mp-6660, icsd-192562 icsd-250086 icsd-80110,Materials Research Bulletin,2016
215,Ca3WO6Dy0.005,Ca3WO6,Dy3+,0.005,,,298,577,,,,,,351,,,,1030000,577,https://doi.org/10.1007/s10854-016-4848-z,"mp-781505,mp-779906", icsd-262323,Journal of Materials Science: Materials in Electronics,2016
216,Ca3WO6Dy0.02,Ca3WO6,Dy3+,0.02,,,298,577,,,,,,351,,,,966000,577,https://doi.org/10.1007/s10854-016-4848-z,"mp-781505,mp-779906", icsd-262323,Journal of Materials Science: Materials in Electronics,2016
217,Ca3WO6Dy0.04,Ca3WO6,Dy3+,0.04,,,298,577,0.3482,0.366,,,550,351,351,385,454,908000,577,https://doi.org/10.1007/s10854-016-4848-z,"mp-781505,mp-779906", icsd-262323,Journal of Materials Science: Materials in Electronics,2016
218,SrLa0.925MgTaO6Dy0.07Eu0.005,SrLa0.925MgTaO6,Dy3+,0.07,Eu3+,0.005,298,577,0.264,0.205,,,,250,,,,,,https://doi.org/10.1016/j.materresbull.2016.12.035,mp-1218203,,Materials Research Bulletin,2017
219,SrLa0.92MgTaO6Dy0.07Eu0.01,SrLa0.92MgTaO6,Dy3+,0.07,Eu3+,0.01,298,577,0.254,0.187,,,,250,,,,,,https://doi.org/10.1016/j.materresbull.2016.12.035,mp-1218203,,Materials Research Bulletin,2017
220,SrLa0.9MgTaO6Dy0.07Eu0.03,SrLa0.9MgTaO6,Dy3+,0.07,Eu3+,0.03,298,577,0.212,0.118,,,,250,,,,,,https://doi.org/10.1016/j.materresbull.2016.12.035,mp-1218203,,Materials Research Bulletin,2017
221,SrLa0.88MgTaO6Dy0.07Eu0.05,SrLa0.88MgTaO6,Dy3+,0.07,Eu3+,0.05,298,577,0.198,0.093,,,,250,,,,,,https://doi.org/10.1016/j.materresbull.2016.12.035,mp-1218203,,Materials Research Bulletin,2017
222,SrLa0.93MgTaO6Dy0.07,SrLa0.93MgTaO6,Dy3+,0.07,,,298,577,,,,,,354,354,392,367,221000,577,https://doi.org/10.1016/j.materresbull.2016.12.035,mp-1218203,,Materials Research Bulletin,2017
223,SrLa0.925MgTaO6Dy0.07Eu0.005,SrLa0.925MgTaO6,Dy3+,0.07,Eu3+,0.005,298,577,0.357,0.34,,,,354,354,392,367,218000,577,https://doi.org/10.1016/j.materresbull.2016.12.035,mp-1218203,,Materials Research Bulletin,2017
224,SrLa0.92MgTaO6Dy0.07Eu0.01,SrLa0.92MgTaO6,Dy3+,0.07,Eu3+,0.01,298,577,0.359,0.335,,,553,354,354,392,367,211000,577,https://doi.org/10.1016/j.materresbull.2016.12.035,mp-1218203,,Materials Research Bulletin,2017
225,SrLa0.9MgTaO6Dy0.07Eu0.03,SrLa0.9MgTaO6,Dy3+,0.07,Eu3+,0.03,298,577,0.37,0.316,,,,354,354,392,367,199000,577,https://doi.org/10.1016/j.materresbull.2016.12.035,mp-1218203,,Materials Research Bulletin,2017
226,SrLa0.88MgTaO6Dy0.07Eu0.05,SrLa0.88MgTaO6,Dy3+,0.07,Eu3+,0.05,298,577,0.385,0.304,,,,354,354,392,367,191000,577,https://doi.org/10.1016/j.materresbull.2016.12.035,mp-1218203,,Materials Research Bulletin,2017
227,Gd1.95MoO6Dy0.05,Gd1.95MoO6,Dy3+,0.05,,,298,577,0.19,0.14,,,,351,351,390,450,,577,https://doi.org/10.1007/s10853-016-9962-z,mp-582797, icsd-62886,Journal of Materials Science,2016
228,Gd1.925MoO6Dy0.075,Gd1.925MoO6,Dy3+,0.075,,,298,577,0.22,0.18,,,,351,351,390,450,6055,577,https://doi.org/10.1007/s10853-016-9962-z,mp-582797, icsd-62886,Journal of Materials Science,2016
229,Gd1.9MoO6Dy0.1,Gd1.9MoO6,Dy3+,0.1,,,298,577,0.23,0.21,,,,351,351,390,450,,577,https://doi.org/10.1007/s10853-016-9962-z,mp-582797, icsd-62886,Journal of Materials Science,2016
230,Gd1.875MoO6Dy0.125,Gd1.875MoO6,Dy3+,0.125,,,298,577,0.19,0.13,,,,351,351,390,450,,577,https://doi.org/10.1007/s10853-016-9962-z,mp-582797, icsd-62886,Journal of Materials Science,2016
231,Gd1.85MoO6Dy0.15,Gd1.85MoO6,Dy3+,0.15,,,298,577,0.18,0.14,,,,351,351,390,450,,577,https://doi.org/10.1007/s10853-016-9962-z,mp-582797, icsd-62886,Journal of Materials Science,2016
232,Gd1.915MoO6Dy0.075Eu0.01,Gd1.915MoO6,Dy3+,0.075,Eu3+,0.01,298,577,0.28,0.29,,,,351,351,390,450,,577,https://doi.org/10.1007/s10853-016-9962-z,mp-582797, icsd-62886,Journal of Materials Science,2016
233,Gd1.875MoO6Dy0.075Eu0.05,Gd1.875MoO6,Dy3+,0.075,Eu3+,0.05,298,577,0.33,0.31,,,,351,351,390,450,5845,577,https://doi.org/10.1007/s10853-016-9962-z,mp-582797, icsd-62886,Journal of Materials Science,2016
234,Gd1.85MoO6Dy0.075Eu0.075,Gd1.85MoO6,Dy3+,0.075,Eu3+,0.075,298,577,0.32,0.28,,,,351,351,390,450,,577,https://doi.org/10.1007/s10853-016-9962-z,mp-582797, icsd-62886,Journal of Materials Science,2016
235,Gd1.825MoO6Dy0.075Eu0.1,Gd1.825MoO6,Dy3+,0.075,Eu3+,0.1,298,577,0.32,0.27,,,,351,351,390,450,,577,https://doi.org/10.1007/s10853-016-9962-z,mp-582797, icsd-62886,Journal of Materials Science,2016
236,Gd1.8MoO6Dy0.075Eu0.125,Gd1.8MoO6,Dy3+,0.075,Eu3+,0.125,298,577,0.32,0.27,,,,351,351,390,450,,577,https://doi.org/10.1007/s10853-016-9962-z,mp-582797, icsd-62886,Journal of Materials Science,2016
237,Mg3V2O8,Mg3V2O8,,,,,298,578,0.449,0.475,6,,,350,,,,,578,https://doi.org/10.1021/jp910884c,"mp-19034,mvc-11986", icsd-156155 icsd-21085,Journal of Physical Chemistry C,2010
238,Ca5P3O12FDy0.01,Ca5P3O12F,Dy3+,0.01,,,298,579,0.3165,0.3149,,,,352,,,,2571100,579,https://doi.org/10.1111/jace.15701,"mp-6473,mp-1227110", icsd-240629 icsd-94082 icsd-24236 icsd-38118 icsd-240658 icsd-163790 icsd-236762 icsd-94081 icsd-94083 icsd-30261 icsd-56314 icsd-84227 icsd-180314 icsd-193552 icsd-262707 icsd-52385 icsd-240657 icsd-56313,Journal of the American Ceramic Society,2018
239,Ca5P3O12FDy0.01Eu0.005,Ca5P3O12F,Dy3+,0.01,Eu3+,0.005,298,579,0.3247,0.3239,,,,352,,,,2506700,579,https://doi.org/10.1111/jace.15701,"mp-6473,mp-1227110", icsd-240629 icsd-94082 icsd-24236 icsd-38118 icsd-240658 icsd-163790 icsd-236762 icsd-94081 icsd-94083 icsd-30261 icsd-56314 icsd-84227 icsd-180314 icsd-193552 icsd-262707 icsd-52385 icsd-240657 icsd-56313,Journal of the American Ceramic Society,2018
240,Ca5P3O12FDy0.01Eu0.01,Ca5P3O12F,Dy3+,0.01,Eu3+,0.01,298,579,0.3288,0.3284,,,,352,,,,2409900,579,https://doi.org/10.1111/jace.15701,"mp-6473,mp-1227110", icsd-240629 icsd-94082 icsd-24236 icsd-38118 icsd-240658 icsd-163790 icsd-236762 icsd-94081 icsd-94083 icsd-30261 icsd-56314 icsd-84227 icsd-180314 icsd-193552 icsd-262707 icsd-52385 icsd-240657 icsd-56313,Journal of the American Ceramic Society,2018
241,Ca5P3O12FDy0.01Eu0.02,Ca5P3O12F,Dy3+,0.01,Eu3+,0.02,298,579,0.3431,0.3395,,,,352,,,,,579,https://doi.org/10.1111/jace.15701,"mp-6473,mp-1227110", icsd-240629 icsd-94082 icsd-24236 icsd-38118 icsd-240658 icsd-163790 icsd-236762 icsd-94081 icsd-94083 icsd-30261 icsd-56314 icsd-84227 icsd-180314 icsd-193552 icsd-262707 icsd-52385 icsd-240657 icsd-56313,Journal of the American Ceramic Society,2018
242,Ca5P3O12FDy0.01Eu0.03,Ca5P3O12F,Dy3+,0.01,Eu3+,0.03,298,579,0.3529,0.3426,,,,352,,,,2277300,579,https://doi.org/10.1111/jace.15701,"mp-6473,mp-1227110", icsd-240629 icsd-94082 icsd-24236 icsd-38118 icsd-240658 icsd-163790 icsd-236762 icsd-94081 icsd-94083 icsd-30261 icsd-56314 icsd-84227 icsd-180314 icsd-193552 icsd-262707 icsd-52385 icsd-240657 icsd-56313,Journal of the American Ceramic Society,2018
243,Y0.8Sc0.2VO4Bi0.01,Y0.8Sc0.2VO4,Bi3+,0.01,,,298,579,0.439,0.48,71.2,,,330,,,,,,https://doi.org/10.1021/acs.chemmater.6b00277,mp-19133, icsd-15604 icsd-107638 icsd-246709 icsd-26894 icsd-78074 icsd-2504 icsd-174549 icsd-246708 icsd-36060,Chemistry of Materials,2016
244,Ca0.98Li0.01AlSiN3Ce0.01,Ca0.98Li0.01AlSiN3,Ce3+,0.01,,,298,580,0.389,0.345,,54,643,460,460,,,,580,https://doi.org/10.1021/cm801669x,,,Chemistry of Materials,2008
245,Ca0.99AlSiN2.9933O0.015Ce0.01,Ca0.99AlSiN2.9933O0.015,Ce3+,0.01,,,298,580,0.377,0.355,,,663,460,460,,,,580,https://doi.org/10.1021/cm801669x,,,Chemistry of Materials,2008
246,Ba1.96AlSi5N9Eu0.04,Ba1.96AlSi5N9,Eu2+,0.04,,,298,580,,,22.3,,,450,450,,,,580,https://doi.org/10.1021/cm803233d,,,Chemistry of Materials,2009
247,Ca3.88Si2O7F2Ce0.04Mn0.08,Ca3.88Si2O7F2,Ce3+,0.04,Mn2+,0.08,298,580,0.35,0.42,,,,330,,,,,,https://doi.org/10.1016/j.matlet.2012.02.095,mp-560163, icsd-64710,Materials Letters,2012
248,Ca3.84Si2O7F2Ce0.04Mn0.12,Ca3.84Si2O7F2,Ce3+,0.04,Mn2+,0.12,298,580,0.4,0.44,,,,330,,,,,,https://doi.org/10.1016/j.matlet.2012.02.095,mp-560163, icsd-64710,Materials Letters,2012
249,Ca3.76Si2O7F2Ce0.04Mn0.2,Ca3.76Si2O7F2,Ce3+,0.04,Mn2+,0.2,298,580,0.48,0.45,,,,330,,,,,,https://doi.org/10.1016/j.matlet.2012.02.095,mp-560163, icsd-64710,Materials Letters,2012
250,Na3Bi0.9P2O8Dy0.1,Na3Bi0.9P2O8,Dy3+,0.1,,,298,582,0.392,0.419,44.33,,,392,392,,,,582,https://doi.org/10.1016/j.jlumin.2016.12.012,mp-561083, icsd-71362,Journal of Luminescence,2017
251,ZrO2Dy0.01,ZrO2,Dy3+,0.01,,,298,583,0.417,0.389,,,,352,352,,,,583,https://doi.org/10.1111/jace.12149,"mp-2858, mp-776404,mp-754403,mp-1190186,mp-556605 ,mp-755089,mp-755759,mp-2574,mp-776427,mp-775909,mp-775980,mp-755769,mp-775910,mp-1565,mp-754741,mp-775935 ,mp-776386,mp-963,mp-1245318,mp-1100824", icsd-82544 icsd-187209 icsd-80043 icsd-172161 icsd-173959 icsd-82543 icsd-291451 icsd-80042 icsd-658755 icsd-94887 icsd-186674 icsd-41010 icsd-80044 icsd-18190 icsd-62993 icsd-248445 icsd-68782 icsd-57158 icsd-157403 icsd-94886 icsd-86692 icsd-57451 icsd-89426 icsd-417639 icsd-187208 icsd-80048 icsd-80046 icsd-80045 icsd-291120 icsd-41572 icsd-248446 icsd-80050 icsd-80049 icsd-187207 icsd-26488 icsd-15983 icsd-82545 icsd-60900 icsd-647691 icsd-57157 icsd-96537 icsd-80047 icsd-185125 icsd-659226 icsd-60901 icsd-237008 icsd-248449 icsd-173960 icsd-67004 icsd-94931 icsd-66784 icsd-66783 icsd-92091 icsd-92093 icsd-85322 icsd-157620 icsd-237007 icsd-647692 icsd-9993 icsd-92092 icsd-66781 icsd-164736 icsd-51051 icsd-93124 icsd-66786 icsd-248448 icsd-291452 icsd-173961 icsd-157621 icsd-66788 icsd-88022 icsd-93028 icsd-66782 icsd-185124 icsd-93125 icsd-66787 icsd-93033 icsd-93032 icsd-93030 icsd-66785 icsd-93031 icsd-68781 icsd-92090 icsd-180936 icsd-157618 icsd-97004 icsd-248447 icsd-164862 icsd-186673 icsd-157619 icsd-66789 icsd-93123 icsd-93126 icsd-23928 icsd-93029 icsd-68589 icsd-655671 icsd-248444 icsd-53998 icsd-105553 icsd-164861 icsd-291119 icsd-92096 icsd-248443 icsd-186672 icsd-291453 icsd-157617 icsd-173962 icsd-647689 icsd-92095 icsd-237006 icsd-185123 icsd-89429 icsd-79914 icsd-173963 icsd-56696 icsd-83862 icsd-79915,Journal of the American Ceramic Society,2013
252,ZrO2Dy0.01Eu0.05,ZrO2,Dy3+,0.01,Eu3+,0.05,298,583,0.424,0.358,,,,352,352,,,,583,https://doi.org/10.1111/jace.12149,"mp-2858, mp-776404,mp-754403,mp-1190186,mp-556605 ,mp-755089,mp-755759,mp-2574,mp-776427,mp-775909,mp-775980,mp-755769,mp-775910,mp-1565,mp-754741,mp-775935 ,mp-776386,mp-963,mp-1245318,mp-1100824", icsd-82544 icsd-187209 icsd-80043 icsd-172161 icsd-173959 icsd-82543 icsd-291451 icsd-80042 icsd-658755 icsd-94887 icsd-186674 icsd-41010 icsd-80044 icsd-18190 icsd-62993 icsd-248445 icsd-68782 icsd-57158 icsd-157403 icsd-94886 icsd-86692 icsd-57451 icsd-89426 icsd-417639 icsd-187208 icsd-80048 icsd-80046 icsd-80045 icsd-291120 icsd-41572 icsd-248446 icsd-80050 icsd-80049 icsd-187207 icsd-26488 icsd-15983 icsd-82545 icsd-60900 icsd-647691 icsd-57157 icsd-96537 icsd-80047 icsd-185125 icsd-659226 icsd-60901 icsd-237008 icsd-248449 icsd-173960 icsd-67004 icsd-94931 icsd-66784 icsd-66783 icsd-92091 icsd-92093 icsd-85322 icsd-157620 icsd-237007 icsd-647692 icsd-9993 icsd-92092 icsd-66781 icsd-164736 icsd-51051 icsd-93124 icsd-66786 icsd-248448 icsd-291452 icsd-173961 icsd-157621 icsd-66788 icsd-88022 icsd-93028 icsd-66782 icsd-185124 icsd-93125 icsd-66787 icsd-93033 icsd-93032 icsd-93030 icsd-66785 icsd-93031 icsd-68781 icsd-92090 icsd-180936 icsd-157618 icsd-97004 icsd-248447 icsd-164862 icsd-186673 icsd-157619 icsd-66789 icsd-93123 icsd-93126 icsd-23928 icsd-93029 icsd-68589 icsd-655671 icsd-248444 icsd-53998 icsd-105553 icsd-164861 icsd-291119 icsd-92096 icsd-248443 icsd-186672 icsd-291453 icsd-157617 icsd-173962 icsd-647689 icsd-92095 icsd-237006 icsd-185123 icsd-89429 icsd-79914 icsd-173963 icsd-56696 icsd-83862 icsd-79915,Journal of the American Ceramic Society,2013
253,ZrO2Dy0.025Eu0.05,ZrO2,Dy3+,0.025,Eu3+,0.05,298,583,0.402,0.355,,,,352,352,,,,583,https://doi.org/10.1111/jace.12149,"mp-2858, mp-776404,mp-754403,mp-1190186,mp-556605 ,mp-755089,mp-755759,mp-2574,mp-776427,mp-775909,mp-775980,mp-755769,mp-775910,mp-1565,mp-754741,mp-775935 ,mp-776386,mp-963,mp-1245318,mp-1100824", icsd-82544 icsd-187209 icsd-80043 icsd-172161 icsd-173959 icsd-82543 icsd-291451 icsd-80042 icsd-658755 icsd-94887 icsd-186674 icsd-41010 icsd-80044 icsd-18190 icsd-62993 icsd-248445 icsd-68782 icsd-57158 icsd-157403 icsd-94886 icsd-86692 icsd-57451 icsd-89426 icsd-417639 icsd-187208 icsd-80048 icsd-80046 icsd-80045 icsd-291120 icsd-41572 icsd-248446 icsd-80050 icsd-80049 icsd-187207 icsd-26488 icsd-15983 icsd-82545 icsd-60900 icsd-647691 icsd-57157 icsd-96537 icsd-80047 icsd-185125 icsd-659226 icsd-60901 icsd-237008 icsd-248449 icsd-173960 icsd-67004 icsd-94931 icsd-66784 icsd-66783 icsd-92091 icsd-92093 icsd-85322 icsd-157620 icsd-237007 icsd-647692 icsd-9993 icsd-92092 icsd-66781 icsd-164736 icsd-51051 icsd-93124 icsd-66786 icsd-248448 icsd-291452 icsd-173961 icsd-157621 icsd-66788 icsd-88022 icsd-93028 icsd-66782 icsd-185124 icsd-93125 icsd-66787 icsd-93033 icsd-93032 icsd-93030 icsd-66785 icsd-93031 icsd-68781 icsd-92090 icsd-180936 icsd-157618 icsd-97004 icsd-248447 icsd-164862 icsd-186673 icsd-157619 icsd-66789 icsd-93123 icsd-93126 icsd-23928 icsd-93029 icsd-68589 icsd-655671 icsd-248444 icsd-53998 icsd-105553 icsd-164861 icsd-291119 icsd-92096 icsd-248443 icsd-186672 icsd-291453 icsd-157617 icsd-173962 icsd-647689 icsd-92095 icsd-237006 icsd-185123 icsd-89429 icsd-79914 icsd-173963 icsd-56696 icsd-83862 icsd-79915,Journal of the American Ceramic Society,2013
254,ZrO2Dy0.05Eu0.05,ZrO2,Dy3+,0.05,Eu3+,0.05,298,583,0.343,0.325,,,,352,352,,,,583,https://doi.org/10.1111/jace.12149,"mp-2858, mp-776404,mp-754403,mp-1190186,mp-556605 ,mp-755089,mp-755759,mp-2574,mp-776427,mp-775909,mp-775980,mp-755769,mp-775910,mp-1565,mp-754741,mp-775935 ,mp-776386,mp-963,mp-1245318,mp-1100824", icsd-82544 icsd-187209 icsd-80043 icsd-172161 icsd-173959 icsd-82543 icsd-291451 icsd-80042 icsd-658755 icsd-94887 icsd-186674 icsd-41010 icsd-80044 icsd-18190 icsd-62993 icsd-248445 icsd-68782 icsd-57158 icsd-157403 icsd-94886 icsd-86692 icsd-57451 icsd-89426 icsd-417639 icsd-187208 icsd-80048 icsd-80046 icsd-80045 icsd-291120 icsd-41572 icsd-248446 icsd-80050 icsd-80049 icsd-187207 icsd-26488 icsd-15983 icsd-82545 icsd-60900 icsd-647691 icsd-57157 icsd-96537 icsd-80047 icsd-185125 icsd-659226 icsd-60901 icsd-237008 icsd-248449 icsd-173960 icsd-67004 icsd-94931 icsd-66784 icsd-66783 icsd-92091 icsd-92093 icsd-85322 icsd-157620 icsd-237007 icsd-647692 icsd-9993 icsd-92092 icsd-66781 icsd-164736 icsd-51051 icsd-93124 icsd-66786 icsd-248448 icsd-291452 icsd-173961 icsd-157621 icsd-66788 icsd-88022 icsd-93028 icsd-66782 icsd-185124 icsd-93125 icsd-66787 icsd-93033 icsd-93032 icsd-93030 icsd-66785 icsd-93031 icsd-68781 icsd-92090 icsd-180936 icsd-157618 icsd-97004 icsd-248447 icsd-164862 icsd-186673 icsd-157619 icsd-66789 icsd-93123 icsd-93126 icsd-23928 icsd-93029 icsd-68589 icsd-655671 icsd-248444 icsd-53998 icsd-105553 icsd-164861 icsd-291119 icsd-92096 icsd-248443 icsd-186672 icsd-291453 icsd-157617 icsd-173962 icsd-647689 icsd-92095 icsd-237006 icsd-185123 icsd-89429 icsd-79914 icsd-173963 icsd-56696 icsd-83862 icsd-79915,Journal of the American Ceramic Society,2013
255,Ca1.99Gd7.6Si6O26Ce0.05Mn0.005,Ca1.99Gd7.6Si6O26,Ce3+,0.05,Mn2+,0.005,298,585,0.26,0.193,6.5,,,287,287,,,,585,https://doi.org/10.1039/C1JM11650A,,,Journal of Materials Chemistry,2011
256,Ba1.96Si5N8Eu0.04,Ba1.96Si5N8,Eu2+,0.04,,,298,585,0.55,0.447,63,,533,450,,,,,,https://doi.org/10.1111/j.1744-7402.2009.02370.x,mp-9711, icsd-401501,International Journal of Applied Ceramic Technology,2009
257,Ca5P3O12ClCe0.08Mn0.1,Ca5P3O12Cl,Ce3+,0.08,Mn2+,0.1,298,585,0.331,0.292,58.6,,,340,,,,,,https://doi.org/10.1039/C5TC03482E,"mp-555164,mp-39460,mp-554236", icsd-2789 icsd-24237 icsd-184825 icsd-184824,Journal of Materials Chemistry C,2016
258,La1.95Zr2O7Eu0.05,La1.95Zr2O7,Eu3+,0.05,,,298,586,0.616,0.383,,,,393,393,465,,26000,586,https://doi.org/10.1016/j.dyepig.2018.04.045,"mp-4974,mp-674999,mp-557453", icsd-248878 icsd-154752 icsd-153814 icsd-15165 icsd-51573 icsd-150206 icsd-153222 icsd-159321 icsd-184099 icsd-184100 icsd-173795 icsd-184096 icsd-184093 icsd-184102 icsd-184091 icsd-184089 icsd-184095 icsd-184090 icsd-184098 icsd-184097 icsd-184092 icsd-184094 icsd-184101,Dyes and Pigments,2018
259,La1.95Zr2O7Eu0.05,La1.95Zr2O7,Eu3+,0.05,,,323,586,0.615,0.384,,,,393,393,465,,,586,https://doi.org/10.1016/j.dyepig.2018.04.045,"mp-4974,mp-674999,mp-557453", icsd-248878 icsd-154752 icsd-153814 icsd-15165 icsd-51573 icsd-150206 icsd-153222 icsd-159321 icsd-184099 icsd-184100 icsd-173795 icsd-184096 icsd-184093 icsd-184102 icsd-184091 icsd-184089 icsd-184095 icsd-184090 icsd-184098 icsd-184097 icsd-184092 icsd-184094 icsd-184101,Dyes and Pigments,2018
260,La1.95Zr2O7Eu0.05,La1.95Zr2O7,Eu3+,0.05,,,373,586,0.613,0.386,,,,393,393,465,,,586,https://doi.org/10.1016/j.dyepig.2018.04.045,"mp-4974,mp-674999,mp-557453", icsd-248878 icsd-154752 icsd-153814 icsd-15165 icsd-51573 icsd-150206 icsd-153222 icsd-159321 icsd-184099 icsd-184100 icsd-173795 icsd-184096 icsd-184093 icsd-184102 icsd-184091 icsd-184089 icsd-184095 icsd-184090 icsd-184098 icsd-184097 icsd-184092 icsd-184094 icsd-184101,Dyes and Pigments,2018
261,La1.95Zr2O7Eu0.05,La1.95Zr2O7,Eu3+,0.05,,,423,586,0.611,0.387,,,,393,393,465,,,586,https://doi.org/10.1016/j.dyepig.2018.04.045,"mp-4974,mp-674999,mp-557453", icsd-248878 icsd-154752 icsd-153814 icsd-15165 icsd-51573 icsd-150206 icsd-153222 icsd-159321 icsd-184099 icsd-184100 icsd-173795 icsd-184096 icsd-184093 icsd-184102 icsd-184091 icsd-184089 icsd-184095 icsd-184090 icsd-184098 icsd-184097 icsd-184092 icsd-184094 icsd-184101,Dyes and Pigments,2018
262,La1.95Zr2O7Eu0.05,La1.95Zr2O7,Eu3+,0.05,,,473,586,0.607,0.391,,,,393,393,465,,,586,https://doi.org/10.1016/j.dyepig.2018.04.045,"mp-4974,mp-674999,mp-557453", icsd-248878 icsd-154752 icsd-153814 icsd-15165 icsd-51573 icsd-150206 icsd-153222 icsd-159321 icsd-184099 icsd-184100 icsd-173795 icsd-184096 icsd-184093 icsd-184102 icsd-184091 icsd-184089 icsd-184095 icsd-184090 icsd-184098 icsd-184097 icsd-184092 icsd-184094 icsd-184101,Dyes and Pigments,2018
263,La1.95Zr2O7Eu0.05,La1.95Zr2O7,Eu3+,0.05,,,523,586,0.602,0.397,,,,393,393,465,,,586,https://doi.org/10.1016/j.dyepig.2018.04.045,"mp-4974,mp-674999,mp-557453", icsd-248878 icsd-154752 icsd-153814 icsd-15165 icsd-51573 icsd-150206 icsd-153222 icsd-159321 icsd-184099 icsd-184100 icsd-173795 icsd-184096 icsd-184093 icsd-184102 icsd-184091 icsd-184089 icsd-184095 icsd-184090 icsd-184098 icsd-184097 icsd-184092 icsd-184094 icsd-184101,Dyes and Pigments,2018
264,La1.95Zr2O7Eu0.05,La1.95Zr2O7,Eu3+,0.05,,,573,586,0.595,0.404,,,,393,393,465,,,586,https://doi.org/10.1016/j.dyepig.2018.04.045,"mp-4974,mp-674999,mp-557453", icsd-248878 icsd-154752 icsd-153814 icsd-15165 icsd-51573 icsd-150206 icsd-153222 icsd-159321 icsd-184099 icsd-184100 icsd-173795 icsd-184096 icsd-184093 icsd-184102 icsd-184091 icsd-184089 icsd-184095 icsd-184090 icsd-184098 icsd-184097 icsd-184092 icsd-184094 icsd-184101,Dyes and Pigments,2018
265,Mg0.9Y3.8Si3O13Ce0.2Mn0.1,Mg0.9Y3.8Si3O13,Ce3+,0.2,Mn2+,0.1,298,587,0.4,0.3,,,,328,,,,,,https://doi.org/10.1149/2.077205jes,,,Journal of The Electrochemical Society,2012
266,Mg0.8Y3.8Si3O13Ce0.2Mn0.2,Mg0.8Y3.8Si3O13,Ce3+,0.2,Mn2+,0.2,298,587,0.47,0.33,,,,328,,,,,,https://doi.org/10.1149/2.077205jes,,,Journal of The Electrochemical Society,2012
267,Mg0.7Y3.8Si3O13Ce0.2Mn0.3,Mg0.7Y3.8Si3O13,Ce3+,0.2,Mn2+,0.3,298,587,0.51,0.34,,,,328,,,,,,https://doi.org/10.1149/2.077205jes,,,Journal of The Electrochemical Society,2012
268,Mg0.6Y3.8Si3O13Ce0.2Mn0.4,Mg0.6Y3.8Si3O13,Ce3+,0.2,Mn2+,0.4,298,587,0.53,0.35,,,,328,,,,,,https://doi.org/10.1149/2.077205jes,,,Journal of The Electrochemical Society,2012
269,Ca1.98Gd7.6Si6O26Ce0.05Mn0.01,Ca1.98Gd7.6Si6O26,Ce3+,0.05,Mn2+,0.01,298,588,0.295,0.223,7.2,,,287,287,,,,588,https://doi.org/10.1039/C1JM11650A,,,Journal of Materials Chemistry,2011
270,Ca1.97Gd7.6Si6O26Ce0.05Mn0.015,Ca1.97Gd7.6Si6O26,Ce3+,0.05,Mn2+,0.015,298,588,0.346,0.272,9.3,,,287,287,,,,588,https://doi.org/10.1039/C1JM11650A,,,Journal of Materials Chemistry,2011
271,Ca1.96Gd7.6Si6O26Ce0.05Mn0.02,Ca1.96Gd7.6Si6O26,Ce3+,0.05,Mn2+,0.02,298,588,0.373,0.297,10.8,,,287,287,,,,588,https://doi.org/10.1039/C1JM11650A,,,Journal of Materials Chemistry,2011
272,Ca1.94Gd7.6Si6O26Ce0.05Mn0.03,Ca1.94Gd7.6Si6O26,Ce3+,0.05,Mn2+,0.03,298,588,0.405,0.327,16.1,,,287,287,,,,588,https://doi.org/10.1039/C1JM11650A,,,Journal of Materials Chemistry,2011
273,Ca1.9Gd7.6Si6O26Ce0.05Mn0.05,Ca1.9Gd7.6Si6O26,Ce3+,0.05,Mn2+,0.05,298,588,0.451,0.367,19.2,,,287,287,,,,588,https://doi.org/10.1039/C1JM11650A,,,Journal of Materials Chemistry,2011
274,Ca1.99Gd7.6Si6O26Ce0.05Mn0.005,Ca1.99Gd7.6Si6O26,Ce3+,0.05,Mn2+,0.005,298,588,0.312,0.285,5.8,,,330,287,,,,588,https://doi.org/10.1039/C1JM11650A,,,Journal of Materials Chemistry,2011
275,Ca1.98Gd7.6Si6O26Ce0.05Mn0.01,Ca1.98Gd7.6Si6O26,Ce3+,0.05,Mn2+,0.01,298,588,0.35,0.317,6.3,,,330,287,,,,588,https://doi.org/10.1039/C1JM11650A,,,Journal of Materials Chemistry,2011
276,Ca1.97Gd7.6Si6O26Ce0.05Mn0.015,Ca1.97Gd7.6Si6O26,Ce3+,0.05,Mn2+,0.015,298,588,0.383,0.334,6.4,,,330,287,,,,588,https://doi.org/10.1039/C1JM11650A,,,Journal of Materials Chemistry,2011
277,Ca1.96Gd7.Si6O26Ce0.05Mn0.02,Ca1.96Gd7.Si6O26,Ce3+,0.05,Mn2+,0.02,298,588,0.415,0.363,7.6,,,330,287,,,,588,https://doi.org/10.1039/C1JM11650A,,,Journal of Materials Chemistry,2011
278,Ca1.94Gd7.6Si6O26Ce0.05Mn0.03,Ca1.94Gd7.6Si6O26,Ce3+,0.05,Mn2+,0.03,298,588,0.448,0.391,11.7,,,330,287,,,,588,https://doi.org/10.1039/C1JM11650A,,,Journal of Materials Chemistry,2011
279,Ca1.9Gd7.6Si6O26Ce0.05Mn0.05,Ca1.9Gd7.6Si6O26,Ce3+,0.05,Mn2+,0.05,298,588,0.48,0.41,15.5,,,330,287,,,,588,https://doi.org/10.1039/C1JM11650A,,,Journal of Materials Chemistry,2011
280,Ca1.8Gd7.6Si6O26Ce0.05Mn0.1,Ca1.8Gd7.6Si6O26,Ce3+,0.05,Mn2+,0.1,298,588,0.513,0.424,17.8,,,330,287,,,,588,https://doi.org/10.1039/C1JM11650A,,,Journal of Materials Chemistry,2011
281,Ca1.64Gd7.6Si6O26Ce0.05Mn0.18,Ca1.64Gd7.6Si6O26,Ce3+,0.05,Mn2+,0.18,298,588,0.531,0.432,25.7,,,330,287,,,,588,https://doi.org/10.1039/C1JM11650A,,,Journal of Materials Chemistry,2011
282,Ca1.5Gd7.6Si6O26Ce0.05Mn0.25,Ca1.5Gd7.6Si6O26,Ce3+,0.05,Mn2+,0.25,298,588,0.552,0.423,33.9,,,330,287,,,,588,https://doi.org/10.1039/C1JM11650A,,,Journal of Materials Chemistry,2011
283,Ca1.99Gd7.6Si6O26Ce0.05Mn0.005,Ca1.99Gd7.6Si6O26,Ce3+,0.05,Mn2+,0.005,298,588,0.29,0.234,5.4,,,313,287,,,,588,https://doi.org/10.1039/C1JM11650A,,,Journal of Materials Chemistry,2011
284,Ca1.98Gd7.6Si6O26Ce0.05Mn0.01,Ca1.98Gd7.6Si6O26,Ce3+,0.05,Mn2+,0.01,298,588,0.31,0.263,5.9,,,313,287,,,,588,https://doi.org/10.1039/C1JM11650A,,,Journal of Materials Chemistry,2011
285,Ca1.97Gd7.6Si6O26Ce0.05Mn0.015,Ca1.97Gd7.6Si6O26,Ce3+,0.05,Mn2+,0.015,298,588,0.384,0.322,6.1,,,313,287,,,,588,https://doi.org/10.1039/C1JM11650A,,,Journal of Materials Chemistry,2011
286,Ca1.96Gd7.6Si6O26Ce0.05Mn0.02,Ca1.96Gd7.6Si6O26,Ce3+,0.05,Mn2+,0.02,298,588,0.409,0.343,5.9,,,313,287,,,,588,https://doi.org/10.1039/C1JM11650A,,,Journal of Materials Chemistry,2011
287,Ca1.94Gd7.6Si6O26Ce0.05Mn0.03,Ca1.94Gd7.6Si6O26,Ce3+,0.05,Mn2+,0.03,298,588,0.434,0.367,10.1,,,313,287,,,,588,https://doi.org/10.1039/C1JM11650A,,,Journal of Materials Chemistry,2011
288,Ca1.9Gd7.6Si6O26Ce0.05Mn0.05,Ca1.9Gd7.6Si6O26,Ce3+,0.05,Mn2+,0.05,298,588,0.471,0.395,13.1,,,313,287,,,,588,https://doi.org/10.1039/C1JM11650A,,,Journal of Materials Chemistry,2011
289,Ca1.8Gd7.6Si6O26Ce0.05Mn0.1,Ca1.8Gd7.6Si6O26,Ce3+,0.05,Mn2+,0.1,298,588,0.51,0.418,17.2,,,313,287,,,,588,https://doi.org/10.1039/C1JM11650A,,,Journal of Materials Chemistry,2011
290,Ca1.64Gd7.6Si6O26Ce0.05Mn0.18,Ca1.64Gd7.6Si6O26,Ce3+,0.05,Mn2+,0.18,298,588,0.527,0.426,21.5,,,313,287,,,,588,https://doi.org/10.1039/C1JM11650A,,,Journal of Materials Chemistry,2011
291,Ca1.5Gd7.6Si6O26Ce0.05Mn0.25,Ca1.5Gd7.6Si6O26,Ce3+,0.05,Mn2+,0.25,298,588,0.547,0.419,26.7,,,313,287,,,,588,https://doi.org/10.1039/C1JM11650A,,,Journal of Materials Chemistry,2011
292,CaGd7.6Si6O26Ce0.05Mn0.5,CaGd7.6Si6O26,Ce3+,0.05,Mn2+,0.5,298,588,0.575,0.394,15,,,313,287,,,,588,https://doi.org/10.1039/C1JM11650A,,,Journal of Materials Chemistry,2011
293,Y0.6Sc0.4VO4Bi0.01,Y0.6Sc0.4VO4,Bi3+,0.01,,,298,588,0.454,0.477,57.2,,,330,,,,,,https://doi.org/10.1021/acs.chemmater.6b00277,mp-19133, icsd-15604 icsd-107638 icsd-246709 icsd-26894 icsd-78074 icsd-2504 icsd-174549 icsd-246708 icsd-36060,Chemistry of Materials,2016
294,Ca3YGa3B4O15Mn0.03,Ca3YGa3B4O15,Mn2+,0.03,,,298,589,0.562,0.408,,,,365,,,,,,https://doi.org/10.1021/jp107856d,mp-695475,,Journal of Physical Chemistry C,2011
295,Sr1.95Mg3P4O15Eu0.05,Sr1.95Mg3P4O15,Eu3+,0.05,,,298,589,0.5759,0.3736,,,,393,393,,,,589,https://doi.org/10.1111/jace.15334,,,Journal of the American Ceramic Society,2017
296,Sr1.9Mg3P4O15Eu0.1,Sr1.9Mg3P4O15,Eu3+,0.1,,,298,589,0.5836,0.3758,,,,393,393,463,,,589,https://doi.org/10.1111/jace.15334,,,Journal of the American Ceramic Society,2017
297,Sr1.85Mg3P4O15Eu0.15,Sr1.85Mg3P4O15,Eu3+,0.15,,,298,589,0.5868,0.3662,,,,393,393,,,,589,https://doi.org/10.1111/jace.15334,,,Journal of the American Ceramic Society,2017
298,Sr1.8Mg3P4O15Eu0.2,Sr1.8Mg3P4O15,Eu3+,0.2,,,298,589,0.5772,0.3823,,,,393,393,,,,589,https://doi.org/10.1111/jace.15334,,,Journal of the American Ceramic Society,2017
299,Sr1.75Mg3P4O15Eu0.25,Sr1.75Mg3P4O15,Eu3+,0.25,,,298,589,0.5915,0.3779,,,,393,393,,,,589,https://doi.org/10.1111/jace.15334,,,Journal of the American Ceramic Society,2017
300,Sr1.7Mg3P4O15Eu0.3,Sr1.7Mg3P4O15,Eu3+,0.3,,,298,589,0.5839,0.3656,,,,393,393,,,,589,https://doi.org/10.1111/jace.15334,,,Journal of the American Ceramic Society,2017
301,Sr1.65Mg3P4O15Eu0.35,Sr1.65Mg3P4O15,Eu3+,0.35,,,298,589,0.5742,0.3753,,,,393,393,,,,589,https://doi.org/10.1111/jace.15334,,,Journal of the American Ceramic Society,2017
302,Sr1.6Mg3P4O15Eu0.4,Sr1.6Mg3P4O15,Eu3+,0.4,,,298,589,0.5846,0.3603,,,405,393,393,,,,589,https://doi.org/10.1111/jace.15334,,,Journal of the American Ceramic Society,2017
303,Sr1.2Mg3P4O15Li0.4Eu0.4,Sr1.2Mg3P4O15Li0.4,Eu3+,0.4,,,298,589,0.5882,0.3669,,,435,393,,,,,,https://doi.org/10.1111/jace.15334,,,Journal of the American Ceramic Society,2017
304,Sr1.2Mg3P4O15Na0.4Eu0.4,Sr1.2Mg3P4O15Na0.4,Eu3+,0.4,,,298,589,0.591,0.3661,,,445,393,,,,,,https://doi.org/10.1111/jace.15334,,,Journal of the American Ceramic Society,2017
305,Sr1.2Mg3P4O15K0.4Eu0.4,Sr1.2Mg3P4O15K0.4,Eu3+,0.4,,,298,589,0.595,0.3662,,,440,393,,,,,,https://doi.org/10.1111/jace.15334,,,Journal of the American Ceramic Society,2017
306,Sr1.6Mg3P3.6Si0.4O15Eu0.4,Sr1.6Mg3P3.6Si0.4O15,Eu3+,0.4,,,298,589,0.5939,0.3673,,,460,393,,,,,,https://doi.org/10.1111/jace.15334,,,Journal of the American Ceramic Society,2017
307,Sr1.4Mg3P4O15Eu0.4,Sr1.4Mg3P4O15,Eu3+,0.4,,,298,589,0.5869,0.3669,,,470,393,,,,,,https://doi.org/10.1111/jace.15334,,,Journal of the American Ceramic Society,2017
308,Sr1.55Mg3P4O15Eu0.45,Sr1.55Mg3P4O15,Eu3+,0.45,,,298,589,0.5933,0.3662,,,,393,393,,,,589,https://doi.org/10.1111/jace.15334,,,Journal of the American Ceramic Society,2017
309,Sr1.5Mg3P4O15Eu0.5,Sr1.5Mg3P4O15,Eu3+,0.5,,,298,589,0.5951,0.3644,,,,393,393,,,,589,https://doi.org/10.1111/jace.15334,,,Journal of the American Ceramic Society,2017
310,Ca1.64Gd8Si6O26Mn0.18,Ca1.64Gd8Si6O26,Mn2+,0.18,,,298,590,0.527,0.441,4.9,,,313,313,,,,590,https://doi.org/10.1039/C1JM11650A,,,Journal of Materials Chemistry,2011
311,Li2Sr0.97SiO4Dy0.02Eu0.01,Li2Sr0.97SiO4,Dy3+,0.02,Eu3+,0.01,298,590,0.325,0.338,,,,393,393,,,,590,https://doi.org/10.1002/bio.2692,mp-1191141, icsd-167334,Luminescence,2014
312,Li2Sr0.96SiO4Dy0.02Eu0.02,Li2Sr0.96SiO4,Dy3+,0.02,Eu3+,0.02,298,590,0.364,0.342,,,,393,393,,,,590,https://doi.org/10.1002/bio.2692,mp-1191141, icsd-167334,Luminescence,2014
313,Li2Sr0.95SiO4Dy0.02Eu0.03,Li2Sr0.95SiO4,Dy3+,0.02,Eu3+,0.03,298,590,0.397,0.349,,,,393,393,,,,590,https://doi.org/10.1002/bio.2692,mp-1191141, icsd-167334,Luminescence,2014
314,Li2Sr0.94SiO4Dy0.02Eu0.04,Li2Sr0.94SiO4,Dy3+,0.02,Eu3+,0.04,298,590,0.409,0.356,,,,393,393,,,,590,https://doi.org/10.1002/bio.2692,mp-1191141, icsd-167334,Luminescence,2014
315,CaSb2O6Eu0.05Bi0.005,CaSb2O6,Eu3+,0.05,Bi3+,0.005,298,590,0.4853,0.3651,,,,298,,,,,,https://doi.org/10.1007/s10854-015-4186-6,"mp-9125,mvc-1657", icsd-74539,Journal of Materials Science: Materials in Electronics,2015
316,CaSb2O6Eu0.05Bi0.01,CaSb2O6,Eu3+,0.05,Bi3+,0.01,298,590,0.375,0.3155,,,,298,,,,,,https://doi.org/10.1007/s10854-015-4186-6,"mp-9125,mvc-1657", icsd-74539,Journal of Materials Science: Materials in Electronics,2015
317,CaSb2O6Eu0.05Bi0.02,CaSb2O6,Eu3+,0.05,Bi3+,0.02,298,590,0.3549,0.3032,,,,298,,,,,,https://doi.org/10.1007/s10854-015-4186-6,"mp-9125,mvc-1657", icsd-74539,Journal of Materials Science: Materials in Electronics,2015
318,CaSb2O6Eu0.05Bi0.03,CaSb2O6,Eu3+,0.05,Bi3+,0.03,298,590,0.3394,0.2948,,,,298,,,,,,https://doi.org/10.1007/s10854-015-4186-6,"mp-9125,mvc-1657", icsd-74539,Journal of Materials Science: Materials in Electronics,2015
319,CaSb2O6Eu0.05Bi0.04,CaSb2O6,Eu3+,0.05,Bi3+,0.04,298,590,0.3135,0.2859,,,,298,,,,,,https://doi.org/10.1007/s10854-015-4186-6,"mp-9125,mvc-1657", icsd-74539,Journal of Materials Science: Materials in Electronics,2015
320,CaSb2O6Eu0.05Bi0.05,CaSb2O6,Eu3+,0.05,Bi3+,0.05,298,590,0.3074,0.2825,,,,298,,,,,,https://doi.org/10.1007/s10854-015-4186-6,"mp-9125,mvc-1657", icsd-74539,Journal of Materials Science: Materials in Electronics,2015
321,Sr9Sc0.6P7O28Eu0.4,Sr9Sc0.6P7O28,Eu3+,0.4,,,298,590,,,,,553,394,394,,,,590,https://doi.org/10.1016/j.jallcom.2013.10.116,,,Journal of Alloys and Compounds,2014
322,Ca0.98AlSiN3Li0.01Ce0.01,Ca0.98AlSiN3Li0.01,Ce3+,0.01,,,298,590,,,,56,643,460,460,,,,590,https://doi.org/10.1021/cm801669x,,,Chemistry of Materials,2008
323,Sr9Sc0.6P7O28Eu0.4,Sr9Sc0.6P7O28,Eu3+,0.4,,,298,590,,,,,553,394,394,,,,590,https://doi.org/10.1016/j.jallcom.2013.10.116,,,Journal of Alloys and Compounds,2014
324,Mg0.94Y1.94Al4SiO12Ce0.06Mn0.06,Mg0.94Y1.94Al4SiO12,Ce3+,0.06,Mn2+,0.06,298,590,0.473,0.5,63.8,,,460,,,,33.1,550,https://doi.org/10.1016/j.optmat.2017.06.012,,,Optical Materials,2017
325,Y1.9Ti2O7Eu0.1,Y1.9Ti2O7,Eu3+,0.1,,,298,591,0.593,0.407,,,,395,395,375,463,2250000,591,https://doi.org/10.1111/j.1551-2916.2011.04804.x,"mp-5373,mp-685370,mp-686019,mp-1173093", icsd-42702 icsd-93770 icsd-160111 icsd-153820 icsd-167563 icsd-15633 icsd-14242 icsd-24206 icsd-164023 icsd-191622 icsd-157666 icsd-66874 icsd-157667 icsd-239724 icsd-196407 icsd-83593,Journal of the American Ceramic Society,2011
326,Y1.8Ti2O7Eu0.2,Y1.8Ti2O7,Eu3+,0.2,,,298,591,0.596,0.404,,,,395,,,,1800000,591,https://doi.org/10.1111/j.1551-2916.2011.04804.x,"mp-5373,mp-685370,mp-686019,mp-1173093", icsd-42702 icsd-93770 icsd-160111 icsd-153820 icsd-167563 icsd-15633 icsd-14242 icsd-24206 icsd-164023 icsd-191622 icsd-157666 icsd-66874 icsd-157667 icsd-239724 icsd-196407 icsd-83593,Journal of the American Ceramic Society,2011
327,Y1.7Ti2O7Eu0.3,Y1.7Ti2O7,Eu3+,0.3,,,298,591,0.597,0.403,,,,395,395,375,463,1600000,591,https://doi.org/10.1111/j.1551-2916.2011.04804.x,"mp-5373,mp-685370,mp-686019,mp-1173093", icsd-42702 icsd-93770 icsd-160111 icsd-153820 icsd-167563 icsd-15633 icsd-14242 icsd-24206 icsd-164023 icsd-191622 icsd-157666 icsd-66874 icsd-157667 icsd-239724 icsd-196407 icsd-83593,Journal of the American Ceramic Society,2011
328,Y1.6Ti2O7Eu0.4,Y1.6Ti2O7,Eu3+,0.4,,,298,591,0.6,0.399,,,,395,,,,1330000,591,https://doi.org/10.1111/j.1551-2916.2011.04804.x,"mp-5373,mp-685370,mp-686019,mp-1173093", icsd-42702 icsd-93770 icsd-160111 icsd-153820 icsd-167563 icsd-15633 icsd-14242 icsd-24206 icsd-164023 icsd-191622 icsd-157666 icsd-66874 icsd-157667 icsd-239724 icsd-196407 icsd-83593,Journal of the American Ceramic Society,2011
329,Y1.55Ti2O7Eu0.45,Y1.55Ti2O7,Eu3+,0.45,,,298,591,0.616,0.384,,,649,395,395,375,463,1200000,591,https://doi.org/10.1111/j.1551-2916.2011.04804.x,"mp-5373,mp-685370,mp-686019,mp-1173093", icsd-42702 icsd-93770 icsd-160111 icsd-153820 icsd-167563 icsd-15633 icsd-14242 icsd-24206 icsd-164023 icsd-191622 icsd-157666 icsd-66874 icsd-157667 icsd-239724 icsd-196407 icsd-83593,Journal of the American Ceramic Society,2011
330,Ca2KZn2V3O12,Ca2KZn2V3O12,,,,,298,591,0.367,0.476,19.2,,335,389,389,,,6900,591,https://doi.org/10.1038/srep42348,mp-1214210,,Scientific Reports,2017
331,Ca1.8Gd7.6Si6O26Ce0.05Mn0.1,Ca1.8Gd7.6Si6O26,Ce3+,0.05,Mn2+,0.1,298,591,0.497,0.401,22.7,,,287,287,,,,591,https://doi.org/10.1039/C1JM11650A,,,Journal of Materials Chemistry,2011
332,CaBi1.83B2O7Eu0.17,CaBi1.83B2O7,Eu3+,0.17,,,298,591,0.601,0.392,,,,394,394,,,,591,https://doi.org/10.1016/j.ijleo.2016.01.155,mp-557371,,Optik,2016
333,GdF3Tb0.03Eu0.02,GdF3,Tb3+,0.03,Eu3+,0.02,298,591,0.425,0.453,,,,272,,,,,,https://doi.org/10.1039/C6CP03989H,mp-972965,,Physical Chemistry Chemical Physics,2016
334,GdF3Tb0.03Eu0.03,GdF3,Tb3+,0.03,Eu3+,0.03,298,591,0.463,0.437,,,,272,,,,,,https://doi.org/10.1039/C6CP03989H,mp-972965,,Physical Chemistry Chemical Physics,2016
335,GdF3Tb0.03Eu0.04,GdF3,Tb3+,0.03,Eu3+,0.04,298,591,0.485,0.421,,,,272,,,,,,https://doi.org/10.1039/C6CP03989H,mp-972965,,Physical Chemistry Chemical Physics,2016
336,GdF3Tb0.03Eu0.05,GdF3,Tb3+,0.03,Eu3+,0.05,298,591,0.504,0.411,,,,272,,,,,,https://doi.org/10.1039/C6CP03989H,mp-972965,,Physical Chemistry Chemical Physics,2016
337,GdF3Tb0.03Eu0.05,GdF3,Tb3+,0.03,Eu3+,0.05,298,591,0.383,0.421,,,,349,,,,,,https://doi.org/10.1039/C6CP03989H,mp-972965,,Physical Chemistry Chemical Physics,2016
338,GdF3Tb0.03Eu0.06,GdF3,Tb3+,0.03,Eu3+,0.06,298,591,0.517,0.404,,,,272,,,,,,https://doi.org/10.1039/C6CP03989H,mp-972965,,Physical Chemistry Chemical Physics,2016
339,GdF3Tb0.03Eu0.07,GdF3,Tb3+,0.03,Eu3+,0.07,298,591,0.409,0.403,,,,349,,,,,,https://doi.org/10.1039/C6CP03989H,mp-972965,,Physical Chemistry Chemical Physics,2016
340,GdF3Tb0.03Eu0.08,GdF3,Tb3+,0.03,Eu3+,0.08,298,591,0.526,0.392,,,,272,,,,,,https://doi.org/10.1039/C6CP03989H,mp-972965,,Physical Chemistry Chemical Physics,2016
341,GdF3Tb0.03Eu0.08,GdF3,Tb3+,0.03,Eu3+,0.08,298,591,0.411,0.386,,,,349,,,,,,https://doi.org/10.1039/C6CP03989H,mp-972965,,Physical Chemistry Chemical Physics,2016
342,GdF3Tb0.03Eu0.09,GdF3,Tb3+,0.03,Eu3+,0.09,298,591,0.418,0.377,,,,349,,,,,,https://doi.org/10.1039/C6CP03989H,mp-972965,,Physical Chemistry Chemical Physics,2016
343,GdF3Eu0.03,GdF3,Eu3+,0.03,,,298,591,0.524,0.398,,,,272,272,393,373,,591,https://doi.org/10.1039/C6CP03989H,mp-972965,,Physical Chemistry Chemical Physics,2016
344,GdF3Eu0.03Tb0.01,GdF3,Eu3+,0.03,Tb3+,0.01,298,591,0.478,0.402,,,,272,,,,,,https://doi.org/10.1039/C6CP03989H,mp-972965,,Physical Chemistry Chemical Physics,2016
345,GdF3Eu0.03Tb0.02,GdF3,Eu3+,0.03,Tb3+,0.02,298,591,0.469,0.424,,,,272,,,,,,https://doi.org/10.1039/C6CP03989H,mp-972965,,Physical Chemistry Chemical Physics,2016
346,GdF3Eu0.03Tb0.04,GdF3,Eu3+,0.03,Tb3+,0.04,298,591,0.451,0.438,,,,272,,,,,,https://doi.org/10.1039/C6CP03989H,mp-972965,,Physical Chemistry Chemical Physics,2016
347,Cs0.99MgPO4Eu0.01,Cs0.99MgPO4,Eu3+,0.01,,,300,593,0.56,0.42,,,,266,395,,,1660000,593,https://doi.org/10.1016/j.solidstatesciences.2013.12.017,mp-18329, icsd-260423,Solid State Sciences,2014
348,Cs0.95MgPO4Eu0.05,Cs0.95MgPO4,Eu3+,0.05,,,300,593,0.56,0.42,,,,266,,,,1510000,593,https://doi.org/10.1016/j.solidstatesciences.2013.12.017,mp-18329, icsd-260423,Solid State Sciences,2014
349,Cs0.93MgPO4Eu0.07,Cs0.93MgPO4,Eu3+,0.07,,,300,593,0.56,0.42,,,,266,395,,,1210000,593,https://doi.org/10.1016/j.solidstatesciences.2013.12.017,mp-18329, icsd-260423,Solid State Sciences,2014
350,Ba3Y1.3B6O15Eu0.7,Ba3Y1.3B6O15,Eu3+,0.7,,,298,593,0.601,0.396,13.1,,440,393,393,382,463,2636000,593,https://doi.org/10.1016/j.jlumin.2018.12.028,mp-1019527, icsd-261704,Journal of Luminescence,2019
351,CsK2Gd0.9V2O8Eu0.1,CsK2Gd0.9V2O8,Eu3+,0.1,,,298,593,0.315,0.562,25.5,,,312,330,,,610000,593,https://doi.org/10.1021/ic500208h,,,Inorganic Chemistry,2014
352,CsK2Gd0.8V2O8Eu0.2,CsK2Gd0.8V2O8,Eu3+,0.2,,,298,593,0.425,0.458,24.7,,,312,330,,,520000,593,https://doi.org/10.1021/ic500208h,,,Inorganic Chemistry,2014
353,CsK2Gd0.7V2O8Eu0.3,CsK2Gd0.7V2O8,Eu3+,0.3,,,298,593,0.431,0.441,23.5,,,312,330,,,630000,593,https://doi.org/10.1021/ic500208h,,,Inorganic Chemistry,2014
354,CsK2Gd0.6V2O8Eu0.4,CsK2Gd0.6V2O8,Eu3+,0.4,,,298,593,0.445,0.431,24.7,,,312,330,,,680000,593,https://doi.org/10.1021/ic500208h,,,Inorganic Chemistry,2014
355,CsK2Gd0.5V2O8Eu0.5,CsK2Gd0.5V2O8,Eu3+,0.5,,,298,593,0.45,0.41,31.5,,,312,330,,,720000,593,https://doi.org/10.1021/ic500208h,,,Inorganic Chemistry,2014
356,CsK2Gd0.4V2O8Eu0.6,CsK2Gd0.4V2O8,Eu3+,0.6,,,298,593,0.451,0.423,38.5,,,312,330,,,810000,593,https://doi.org/10.1021/ic500208h,,,Inorganic Chemistry,2014
357,CsK2Gd0.3V2O8Eu0.7,CsK2Gd0.3V2O8,Eu3+,0.7,,,298,593,0.441,0.431,38.2,,,312,330,,,1020000,593,https://doi.org/10.1021/ic500208h,,,Inorganic Chemistry,2014
358,CsK2Gd0.2V2O8Eu0.8,CsK2Gd0.2V2O8,Eu3+,0.8,,,298,593,0.452,0.421,34.1,,,312,330,,,2410000,593,https://doi.org/10.1021/ic500208h,,,Inorganic Chemistry,2014
359,CsK2Gd0.1V2O8Eu0.9,CsK2Gd0.1V2O8,Eu3+,0.9,,,298,593,0.435,0.411,27.7,,,312,330,,,2150000,593,https://doi.org/10.1021/ic500208h,,,Inorganic Chemistry,2014
360,CsK2V2O8Eu1,CsK2V2O8,Eu3+,1,,,298,593,,,,,,312,330,,,2050000,593,https://doi.org/10.1021/ic500208h,,,Inorganic Chemistry,2014
361,Ba3La0.95P3O12Sm0.05,Ba3La0.95P3O12,Sm3+,0.05,,,298,593,0.59,0.395,,,,377,,,,,,https://doi.org/10.1021/acs.inorgchem.7b00737,,,Inorganic Chemistry,2017
362,Ba3La0.94P3O12Tb0.01Sm0.05,Ba3La0.94P3O12,Tb3+,0.01,Sm3+,0.05,298,593,0.572,0.403,,,,377,,,,,,https://doi.org/10.1021/acs.inorgchem.7b00737,,,Inorganic Chemistry,2017
363,Ba3La0.92P3O12Tb0.03Sm0.05,Ba3La0.92P3O12,Tb3+,0.03,Sm3+,0.05,298,593,0.554,0.412,,,,377,,,,,,https://doi.org/10.1021/acs.inorgchem.7b00737,,,Inorganic Chemistry,2017
364,Ba3La0.9P3O12Tb0.05Sm0.05,Ba3La0.9P3O12,Tb3+,0.05,Sm3+,0.05,298,593,0.532,0.426,67,,700,377,,,,,,https://doi.org/10.1021/acs.inorgchem.7b00737,,,Inorganic Chemistry,2017
365,CaZrO3Eu0.01,CaZrO3,Eu3+,0.01,,,298,593,0.6017,0.3883,,,,395,395,593,615,,593,https://doi.org/10.1016/j.jsamd.2017.01.002,"mp-4571,mp-776024,mp-542112", icsd-130053 icsd-183757 icsd-239370 icsd-167889 icsd-97465 icsd-37264 icsd-183758 icsd-97463 icsd-97466 icsd-97464 icsd-29003 icsd-56094,Journal of Science: Advanced Materials and Devices,2017
366,CaZrO3Eu0.02,CaZrO3,Eu3+,0.02,,,298,593,0.6065,0.3856,,,,395,395,593,615,,593,https://doi.org/10.1016/j.jsamd.2017.01.002,"mp-4571,mp-776024,mp-542112", icsd-130053 icsd-183757 icsd-239370 icsd-167889 icsd-97465 icsd-37264 icsd-183758 icsd-97463 icsd-97466 icsd-97464 icsd-29003 icsd-56094,Journal of Science: Advanced Materials and Devices,2017
367,CaZrO3Eu0.03,CaZrO3,Eu3+,0.03,,,298,593,0.6092,0.3836,,,,395,395,593,615,,593,https://doi.org/10.1016/j.jsamd.2017.01.002,"mp-4571,mp-776024,mp-542112", icsd-130053 icsd-183757 icsd-239370 icsd-167889 icsd-97465 icsd-37264 icsd-183758 icsd-97463 icsd-97466 icsd-97464 icsd-29003 icsd-56094,Journal of Science: Advanced Materials and Devices,2017
368,CaZrO3Eu0.04,CaZrO3,Eu3+,0.04,,,298,593,0.6076,0.3844,,,,395,395,593,615,,593,https://doi.org/10.1016/j.jsamd.2017.01.002,"mp-4571,mp-776024,mp-542112", icsd-130053 icsd-183757 icsd-239370 icsd-167889 icsd-97465 icsd-37264 icsd-183758 icsd-97463 icsd-97466 icsd-97464 icsd-29003 icsd-56094,Journal of Science: Advanced Materials and Devices,2017
369,CaZrO3Eu0.05,CaZrO3,Eu3+,0.05,,,298,593,0.5927,0.3945,,,,395,395,593,615,,593,https://doi.org/10.1016/j.jsamd.2017.01.002,"mp-4571,mp-776024,mp-542112", icsd-130053 icsd-183757 icsd-239370 icsd-167889 icsd-97465 icsd-37264 icsd-183758 icsd-97463 icsd-97466 icsd-97464 icsd-29003 icsd-56094,Journal of Science: Advanced Materials and Devices,2017
370,Sr1.935P2O7Tb0.06Eu0.005,Sr1.935P2O7,Tb3+,0.06,Eu3+,0.005,298,593,0.2823,0.2562,,,,378,,,,,,https://doi.org/10.1111/jace.13497,mp-5616, icsd-31004 icsd-59395 icsd-34467,Journal of the American Ceramic Society,2015
371,Sr1.925P2O7Tb0.06Eu0.015,Sr1.925P2O7,Tb3+,0.06,Eu3+,0.015,298,593,0.3502,0.2879,,,,378,,,,,,https://doi.org/10.1111/jace.13497,mp-5616, icsd-31004 icsd-59395 icsd-34467,Journal of the American Ceramic Society,2015
372,Sr1.92P2O7Tb0.06Eu0.02,Sr1.92P2O7,Tb3+,0.06,Eu3+,0.02,298,593,0.3353,0.2958,,,,378,,,,,,https://doi.org/10.1111/jace.13497,mp-5616, icsd-31004 icsd-59395 icsd-34467,Journal of the American Ceramic Society,2015
373,Sr1.90P2O7Tb0.06Eu0.04,Sr1.90P2O7,Tb3+,0.06,Eu3+,0.04,298,593,0.34,0.264,,,,378,,,,,,https://doi.org/10.1111/jace.13497,mp-5616, icsd-31004 icsd-59395 icsd-34467,Journal of the American Ceramic Society,2015
374,Sr1.88P2O7Tb0.06Eu0.06,Sr1.88P2O7,Tb3+,0.06,Eu3+,0.06,298,593,0.2863,0.272,,,,378,,,,,,https://doi.org/10.1111/jace.13497,mp-5616, icsd-31004 icsd-59395 icsd-34467,Journal of the American Ceramic Society,2015
375,Sr1.98P2O7Eu0.02,Sr1.98P2O7,Eu3+,0.02,,,298,593,0.5458,0.4409,,,,395,395,,,,593,https://doi.org/10.1111/jace.13497,mp-5616, icsd-31004 icsd-59395 icsd-34467,Journal of the American Ceramic Society,2015
376,Sr1.935P2O7Tb0.06Eu0.005,Sr1.935P2O7,Tb3+,0.06,Eu3+,0.005,298,593,0.5029,0.4768,,,,395,,,,,,https://doi.org/10.1111/jace.13497,mp-5616, icsd-31004 icsd-59395 icsd-34467,Journal of the American Ceramic Society,2015
377,Sr1.925P2O7Tb0.06Eu0.015,Sr1.925P2O7,Tb3+,0.06,Eu3+,0.015,298,593,0.5288,0.4559,,,,395,,,,,,https://doi.org/10.1111/jace.13497,mp-5616, icsd-31004 icsd-59395 icsd-34467,Journal of the American Ceramic Society,2015
378,Sr1.92P2O7Tb0.06Eu0.02,Sr1.92P2O7,Tb3+,0.06,Eu3+,0.02,298,593,0.5599,0.4298,,,,395,,,,,,https://doi.org/10.1111/jace.13497,mp-5616, icsd-31004 icsd-59395 icsd-34467,Journal of the American Ceramic Society,2015
379,Sr1.90P2O7Tb0.06Eu0.04,Sr1.90P2O7,Tb3+,0.06,Eu3+,0.04,298,593,0.578,0.4115,,,,395,,,,,,https://doi.org/10.1111/jace.13497,mp-5616, icsd-31004 icsd-59395 icsd-34467,Journal of the American Ceramic Society,2015
380,Sr1.88P2O7Tb0.06Eu0.06,Sr1.88P2O7,Tb3+,0.06,Eu3+,0.06,298,593,0.584,0.4097,,,,395,,,,,,https://doi.org/10.1111/jace.13497,mp-5616, icsd-31004 icsd-59395 icsd-34467,Journal of the American Ceramic Society,2015
381,Ba3Sc3.996O9Ce0.004,Ba3Sc3.996O9,Ce3+,0.004,,,298,593,,,40,,335,430,430,,,,593,https://doi.org/10.1039/C7TC03203J,,,Journal of Materials Chemistry C,2017
382,LaMgAl11O19Sm0.05,LaMgAl11O19,Sm3+,0.05,,,298,594,,,0.34,,,403,403,,,1620000,594,https://doi.org/10.1021/ic500412r,mp-1223152,,Inorganic Chemistry,2014
383,LaMgAl11O19Sm0.05Eu0.01,LaMgAl11O19,Sm3+,0.05,Eu3+,0.01,298,594,,,0.25,,,403,,,,1580000,594,https://doi.org/10.1021/ic500412r,mp-1223152,,Inorganic Chemistry,2014
384,LaMgAl11O19Sm0.05Eu0.03,LaMgAl11O19,Sm3+,0.05,Eu3+,0.03,298,594,,,0.3,,,403,,,,1530000,594,https://doi.org/10.1021/ic500412r,mp-1223152,,Inorganic Chemistry,2014
385,LaMgAl11O19Sm0.05Eu0.05,LaMgAl11O19,Sm3+,0.05,Eu3+,0.05,298,594,,,0.29,,,403,,,,,594,https://doi.org/10.1021/ic500412r,mp-1223152,,Inorganic Chemistry,2014
386,LaMgAl11O19Sm0.05Eu0.1,LaMgAl11O19,Sm3+,0.05,Eu3+,0.1,298,594,,,0.3,,,403,,,,1400000,594,https://doi.org/10.1021/ic500412r,mp-1223152,,Inorganic Chemistry,2014
387,LaMgAl11O19Sm0.05Eu0.15,LaMgAl11O19,Sm3+,0.05,Eu3+,0.15,298,594,,,0.41,,,403,,,,,594,https://doi.org/10.1021/ic500412r,mp-1223152,,Inorganic Chemistry,2014
388,Ba2Tb0.995B2O6ClEu0.005,Ba2Tb0.995B2O6Cl,Eu2+,0.005,,,298,594,0.561,0.362,,,,377,,,,560000,543,https://doi.org/10.1021/ic300401z,,,Inorganic Chemistry,2012
389,Ba2Tb0.99B2O6ClEu0.01,Ba2Tb0.99B2O6Cl,Eu2+,0.01,,,298,594,0.584,0.359,,,,377,,,,540000,543,https://doi.org/10.1021/ic300401z,,,Inorganic Chemistry,2012
390,Ba2Tb0.98B2O6ClEu0.02,Ba2Tb0.98B2O6Cl,Eu2+,0.02,,,298,594,0.604,0.364,,,,377,,,,530000,543,https://doi.org/10.1021/ic300401z,,,Inorganic Chemistry,2012
391,Ba2Tb0.97B2O6ClEu0.03,Ba2Tb0.97B2O6Cl,Eu2+,0.03,,,298,594,0.611,0.363,56,,,377,,,,480000,543,https://doi.org/10.1021/ic300401z,,,Inorganic Chemistry,2012
392,Na3Ga0.95F6Eu0.05,Na3Ga0.95F6,Eu3+,0.05,,,298,595,0.4625,0.3543,,,473,395,395,466,317,61000,595,https://doi.org/10.1016/j.jlumin.2018.06.080,mp-1114330,,Journal of Luminescence,2018
393,Na3Ga0.93F6Eu0.07,Na3Ga0.93F6,Eu3+,0.07,,,298,595,0.516,0.3563,,,458,395,395,466,317,58000,595,https://doi.org/10.1016/j.jlumin.2018.06.080,mp-1114330,,Journal of Luminescence,2018
394,NaZnPO4Eu0.04,NaZnPO4,Eu3+,0.04,,,298,595,,,,,,395,395,,,2156000,595,https://doi.org/10.1016/j.matlet.2015.04.084,"mp-558237,mp-14648", icsd-87557 icsd-65131,Materials Letters,2015
395,NaZnPO4Eu0.25,NaZnPO4,Eu3+,0.25,,,298,595,0.62,0.38,,,,395,395,,,,595,https://doi.org/10.1016/j.matlet.2015.04.084,"mp-558237,mp-14648", icsd-87557 icsd-65131,Materials Letters,2015
396,Ba1.8LiGaP4O14Eu0.2,Ba1.8LiGaP4O14,Eu3+,0.2,,,298,595,0.6114,0.3851,67,,430,394,394,,,2800000,595,https://doi.org/10.1039/C9DT03105G,,,Dalton Transactions,2019
397,Sr2P2O7Sm0.01,Sr2P2O7,Sm3+,0.01,,,298,596,,,,,,400,,,,3300000,596,https://doi.org/10.1111/ijac.12370,mp-5616, icsd-31004 icsd-59395 icsd-34467,International Journal of Applied Ceramic Technology,2015
398,Sr2P2O7Sm0.02,Sr2P2O7,Sm3+,0.02,,,298,596,,,,,,400,,,,2950000,596,https://doi.org/10.1111/ijac.12370,mp-5616, icsd-31004 icsd-59395 icsd-34467,International Journal of Applied Ceramic Technology,2015
399,Sr2P2O7Sm0.04,Sr2P2O7,Sm3+,0.04,,,298,596,,,,,,400,,,,2650000,596,https://doi.org/10.1111/ijac.12370,mp-5616, icsd-31004 icsd-59395 icsd-34467,International Journal of Applied Ceramic Technology,2015
400,Sr2P2O7Sm0.06,Sr2P2O7,Sm3+,0.06,,,298,596,0.5753,0.4147,,,,400,244,400,370,2150000,596,https://doi.org/10.1111/ijac.12370,mp-5616, icsd-31004 icsd-59395 icsd-34467,International Journal of Applied Ceramic Technology,2015
401,Sr2P2O7Sm0.08,Sr2P2O7,Sm3+,0.08,,,298,596,,,,,,400,,,,1950000,596,https://doi.org/10.1111/ijac.12370,mp-5616, icsd-31004 icsd-59395 icsd-34467,International Journal of Applied Ceramic Technology,2015
402,Sr2P2O7Sm0.12,Sr2P2O7,Sm3+,0.12,,,298,596,,,,,,400,,,,1650000,596,https://doi.org/10.1111/ijac.12370,mp-5616, icsd-31004 icsd-59395 icsd-34467,International Journal of Applied Ceramic Technology,2015
403,Sr2P2O7Sm0.14,Sr2P2O7,Sm3+,0.14,,,298,596,,,,,,400,,,,1550000,596,https://doi.org/10.1111/ijac.12370,mp-5616, icsd-31004 icsd-59395 icsd-34467,International Journal of Applied Ceramic Technology,2015
404,Na2ZnP2O7Sm0.001,Na2ZnP2O7,Sm3+,0.001,,,298,596,0.59,0.406,,,,375,,,,,596,https://doi.org/10.1016/j.jlumin.2019.01.058,"mp-40963,mp-6491", icsd-91134 icsd-95958 icsd-184888,Journal of Luminescence,2019
405,Na2ZnP2O7Sm0.01,Na2ZnP2O7,Sm3+,0.01,,,298,596,0.595,0.402,,,,375,399,373,,,596,https://doi.org/10.1016/j.jlumin.2019.01.058,"mp-40963,mp-6491", icsd-91134 icsd-95958 icsd-184888,Journal of Luminescence,2019
406,Na2ZnP2O7Sm0.03,Na2ZnP2O7,Sm3+,0.03,,,298,596,0.589,0.407,,,,375,,,,,596,https://doi.org/10.1016/j.jlumin.2019.01.058,"mp-40963,mp-6491", icsd-91134 icsd-95958 icsd-184888,Journal of Luminescence,2019
407,Na2ZnP2O7Sm0.05,Na2ZnP2O7,Sm3+,0.05,,,298,596,0.581,0.414,,,,375,,,,,596,https://doi.org/10.1016/j.jlumin.2019.01.058,"mp-40963,mp-6491", icsd-91134 icsd-95958 icsd-184888,Journal of Luminescence,2019
408,Na2ZnP2O7Sm0.07,Na2ZnP2O7,Sm3+,0.07,,,298,596,0.56,0.435,,,,375,,,,,596,https://doi.org/10.1016/j.jlumin.2019.01.058,"mp-40963,mp-6491", icsd-91134 icsd-95958 icsd-184888,Journal of Luminescence,2019
409,Ba3ZrNb4O15Sm0.005,Ba3ZrNb4O15,Sm3+,0.005,,,298,598,0.602,0.397,,,469,407,,,,1015000000,598,https://doi.org/10.1016/j.jlumin.2017.12.014,,,Journal of Luminescence,2018
410,Ba3ZrNb4O15Sm0.01,Ba3ZrNb4O15,Sm3+,0.01,,,298,598,0.602,0.397,,,,407,,,,997000000,598,https://doi.org/10.1016/j.jlumin.2017.12.014,,,Journal of Luminescence,2018
411,Ba3ZrNb4O15Sm0.02,Ba3ZrNb4O15,Sm3+,0.02,,,298,598,0.603,0.396,,,,407,,,,920000000,598,https://doi.org/10.1016/j.jlumin.2017.12.014,,,Journal of Luminescence,2018
412,Ba3ZrNb4O15Sm0.03,Ba3ZrNb4O15,Sm3+,0.03,,,298,598,0.603,0.396,,,398,407,407,480,420,866000000,598,https://doi.org/10.1016/j.jlumin.2017.12.014,,,Journal of Luminescence,2018
413,Ba3ZrNb4O15Sm0.04,Ba3ZrNb4O15,Sm3+,0.04,,,298,598,0.603,0.396,,,,407,,,,820000000,598,https://doi.org/10.1016/j.jlumin.2017.12.014,,,Journal of Luminescence,2018
414,Ca1.64Gd7.6Si6O26Ce0.05Mn0.18,Ca1.64Gd7.6Si6O26,Ce3+,0.05,Mn2+,0.18,298,598,0.519,0.414,28,,,287,287,,,,598,https://doi.org/10.1039/C1JM11650A,,,Journal of Materials Chemistry,2011
415,Na3Bi1.9P3O12Eu0.1,Na3Bi1.9P3O12,Eu3+,0.1,,,298,598,0.64,0.357,38.78,,,396,396,,,2260000,598,https://doi.org/10.1016/S1002-0721(16)60106-0,,,Journal of Rare Earths,2016
416,Na3Bi1.875P3O12Eu0.125,Na3Bi1.875P3O12,Eu3+,0.125,,,298,598,0.64,0.358,39.54,,,396,396,,,2258000,598,https://doi.org/10.1016/S1002-0721(16)60106-0,,,Journal of Rare Earths,2016
417,Na3Bi1.85P3O12Eu0.15,Na3Bi1.85P3O12,Eu3+,0.15,,,298,598,0.64,0.358,40.58,,,396,396,,,2262000,598,https://doi.org/10.1016/S1002-0721(16)60106-0,,,Journal of Rare Earths,2016
418,Na3Bi1.8P3O12Eu0.2,Na3Bi1.8P3O12,Eu3+,0.2,,,298,598,0.64,0.358,39.61,,,396,396,,,2294000,598,https://doi.org/10.1016/S1002-0721(16)60106-0,,,Journal of Rare Earths,2016
419,Na3Bi1.75P3O12Eu0.25,Na3Bi1.75P3O12,Eu3+,0.25,,,298,598,0.638,0.36,43.23,,,396,396,,,2284000,598,https://doi.org/10.1016/S1002-0721(16)60106-0,,,Journal of Rare Earths,2016
420,Na3Bi1.7P3O12Eu0.3,Na3Bi1.7P3O12,Eu3+,0.3,,,298,598,0.635,0.358,41.76,,,396,396,,,2238000,598,https://doi.org/10.1016/S1002-0721(16)60106-0,,,Journal of Rare Earths,2016
421,SrBi2B2O7Sm0.04,SrBi2B2O7,Sm3+,0.04,,,298,598,,,33.2,,553,403,403,,,,598,https://doi.org/10.1039/C6RA26752A,mp-558323,,RSC Advances,2017
422,SrBi2B2O7Sm0.04Eu0.06,SrBi2B2O7,Sm3+,0.04,Eu3+,0.06,298,598,,,42.6,,583,403,403,,,,598,https://doi.org/10.1039/C6RA26752A,mp-558323,,RSC Advances,2017
423,LiBa0.98PO4Sm0.02,LiBa0.98PO4,Sm3+,0.02,,,298,599,0.5308,0.4617,,,,402,402,,,2800000,599,https://doi.org/10.1063/1.3673331,,,Journal of Applied Physics,2012
424,LiBa0.96PO4Sm0.04,LiBa0.96PO4,Sm3+,0.04,,,298,599,0.5331,0.4592,,,,402,402,,,2820000,599,https://doi.org/10.1063/1.3673331,,,Journal of Applied Physics,2012
425,LiBa0.94PO4Sm0.06,LiBa0.94PO4,Sm3+,0.06,,,298,599,0.536,0.4573,,,,402,402,,,2720000,599,https://doi.org/10.1063/1.3673331,,,Journal of Applied Physics,2012
426,LiBa0.91PO4Sm0.09,LiBa0.91PO4,Sm3+,0.09,,,298,599,0.5308,0.4612,,,,402,402,,,2410000,599,https://doi.org/10.1063/1.3673331,,,Journal of Applied Physics,2012
427,LiBa0.88PO4Sm0.12,LiBa0.88PO4,Sm3+,0.12,,,298,599,0.5237,0.4665,,,,402,402,,,2350000,599,https://doi.org/10.1063/1.3673331,,,Journal of Applied Physics,2012
428,La1.92LiSbO6Sm0.08,La1.92LiSbO6,Sm3+,0.08,,,298,599,0.533,0.361,,,,405,405,,,,599,https://doi.org/10.1016/j.jallcom.2019.02.132,mp-6674, icsd-72202 icsd-69192,Journal of Alloys and Compounds,2019
429,BaNb2O6Sm0.005,BaNb2O6,Sm3+,0.005,,,298,599,,,,,,405,405,,,369740,599,https://doi.org/10.1016/j.jlumin.2016.03.025,"mp-28150,mp-555050,mp-640553", icsd-28253 icsd-39320 icsd-28253,Journal of Luminescence,2016
430,BaNb2O6Sm0.015,BaNb2O6,Sm3+,0.015,,,298,599,0.557,0.44,,,,405,405,,,196820,599,https://doi.org/10.1016/j.jlumin.2016.03.025,"mp-28150,mp-555050,mp-640553", icsd-28253 icsd-39320 icsd-28253,Journal of Luminescence,2016
431,BaNb2O6Sm0.025,BaNb2O6,Sm3+,0.025,,,298,599,,,,,,405,405,,,142850,599,https://doi.org/10.1016/j.jlumin.2016.03.025,"mp-28150,mp-555050,mp-640553", icsd-28253 icsd-39320 icsd-28253,Journal of Luminescence,2016
432,NaSr0.999PO4Sm0.001,NaSr0.999PO4,Sm3+,0.001,,,298,600,0.6,0.39,,,,403,403,,,3490000,600,https://doi.org/10.1007/s12034-016-1270-3,mp-1210115,,Bulletin of Materials Science,2016
433,NaSr0.997PO4Sm0.003,NaSr0.997PO4,Sm3+,0.003,,,298,600,0.6,0.39,,,,403,403,,,3470000,600,https://doi.org/10.1007/s12034-016-1270-3,mp-1210115,,Bulletin of Materials Science,2016
434,NaSr0.993PO4Sm0.007,NaSr0.993PO4,Sm3+,0.007,,,298,600,0.6,0.39,,,623,403,403,,,3430000,600,https://doi.org/10.1007/s12034-016-1270-3,mp-1210115,,Bulletin of Materials Science,2016
435,NaSr0.99PO4Sm0.01,NaSr0.99PO4,Sm3+,0.01,,,298,600,0.6,0.39,,,,403,403,,,3370000,600,https://doi.org/10.1007/s12034-016-1270-3,mp-1210115,,Bulletin of Materials Science,2016
436,NaSr0.98PO4Sm0.02,NaSr0.98PO4,Sm3+,0.02,,,298,600,0.6,0.39,,,,403,403,,,2950000,600,https://doi.org/10.1007/s12034-016-1270-3,mp-1210115,,Bulletin of Materials Science,2016
437,NaSr0.97PO4Sm0.03,NaSr0.97PO4,Sm3+,0.03,,,298,600,0.6,0.39,,,,403,403,,,2840000,600,https://doi.org/10.1007/s12034-016-1270-3,mp-1210115,,Bulletin of Materials Science,2016
438,NaSr0.96PO4Sm0.04,NaSr0.96PO4,Sm3+,0.04,,,298,600,0.6,0.39,,,,403,403,,,2550000,600,https://doi.org/10.1007/s12034-016-1270-3,mp-1210115,,Bulletin of Materials Science,2016
439,Ca1.5Gd7.6Si6O26Ce0.05Mn0.25,Ca1.5Gd7.6Si6O26,Ce3+,0.05,Mn2+,0.25,298,600,0.545,0.415,31.5,,,287,287,,,,600,https://doi.org/10.1039/C1JM11650A,,,Journal of Materials Chemistry,2011
440,Lu1.88CaMg2Si3O12Ce0.12,Lu1.88CaMg2Si3O12,Ce3+,0.12,,,298,600,,,,,498,470,470,,,,600,https://doi.org/10.1021/jp508409r,mp-1211091,,Journal of Physical Chemistry C,2015
441,Sr2.98Na0.01B2SiO8Sm0.01,Sr2.98Na0.01B2SiO8,Sm3+,0.01,,,298,600,0.527,0.467,24.528,,,402,402,,,2586000,600,https://doi.org/10.1016/j.optmat.2016.05.044,,,Optical Materials,2016
442,Sr2.94Na0.03B2SiO8Sm0.03,Sr2.94Na0.03B2SiO8,Sm3+,0.03,,,298,600,0.537,0.459,19.334,,,402,402,,,1638000,600,https://doi.org/10.1016/j.optmat.2016.05.044,,,Optical Materials,2016
443,Sr2.9Na0.05B2SiO8Sm0.05,Sr2.9Na0.05B2SiO8,Sm3+,0.05,,,298,600,0.534,0.448,17.007,,493,402,402,,,1201000,600,https://doi.org/10.1016/j.optmat.2016.05.044,,,Optical Materials,2016
444,Sr2.86Na0.07B2SiO8Sm0.07,Sr2.86Na0.07B2SiO8,Sm3+,0.07,,,298,600,0.542,0.438,14.407,,,402,402,,,983000,600,https://doi.org/10.1016/j.optmat.2016.05.044,,,Optical Materials,2016
445,Sr2.82Na0.07B2SiO8Sm0.09,Sr2.82Na0.07B2SiO8,Sm3+,0.09,,,298,600,0.571,0.421,12.438,,,402,402,,,797000,600,https://doi.org/10.1016/j.optmat.2016.05.044,,,Optical Materials,2016
446,Sr7.92MgScP7O28Eu0.08,Sr7.92MgScP7O28,Eu2+,0.08,,,298,600,,,68.2,20.8,433,400,400,,,615,600,https://doi.org/10.1039/C0JM04524A,,,Journal of Materials Chemistry,2011
447,Na3Bi0.7P2O8Eu0.1Tb0.2,Na3Bi0.7P2O8,Eu2+,0.1,Tb3+,0.2,298,600,0.576,0.401,37.5,,,379,,,,,,https://doi.org/10.1016/j.jlumin.2016.12.012,mp-561083, icsd-71362,Journal of Luminescence,2017
448,Na3Bi0.65P2O8Eu0.1Tb0.25,Na3Bi0.65P2O8,Eu2+,0.1,Tb3+,0.25,298,600,0.575,0.399,37.48,,,379,,,,,,https://doi.org/10.1016/j.jlumin.2016.12.012,mp-561083, icsd-71362,Journal of Luminescence,2017
449,Na3Bi0.6P2O8Eu0.1Tb0.3,Na3Bi0.6P2O8,Eu2+,0.1,Tb3+,0.3,298,600,0.583,0.392,36.26,,,379,,,,,,https://doi.org/10.1016/j.jlumin.2016.12.012,mp-561083, icsd-71362,Journal of Luminescence,2017
450,Sr2.4In0.93P3O12Ce0.07Mn0.2,Sr2.4In0.93P3O12,Ce3+,0.07,Mn2+,0.2,298,600,0.522,0.363,52,,,318,,,,,,https://doi.org/10.1039/C2JM32392C,mp-1192241, icsd-2395,Journal of Materials Chemistry,2012
451,Sr2.1In0.93P3O12Ce0.07Mn0.3,Sr2.1In0.93P3O12,Ce3+,0.07,Mn2+,0.3,298,600,0.554,0.368,45,,,318,,,,,,https://doi.org/10.1039/C2JM32392C,mp-1192241, icsd-2395,Journal of Materials Chemistry,2012
452,Ba2Ca0.98Zn2Si6O17Sm0.02,Ba2Ca0.98Zn2Si6O17,Sm3+,0.02,,,298,600,,,,,,405,,,,1619000,600,https://doi.org/10.1016/S1002-0721(16)60064-9,,,Journal of Rare Earths,2016
453,Ba2Ca0.96Zn2Si6O17Sm0.04,Ba2Ca0.96Zn2Si6O17,Sm3+,0.04,,,298,600,0.547,0.45,,,,405,405,,,1864200,600,https://doi.org/10.1016/S1002-0721(16)60064-9,,,Journal of Rare Earths,2016
454,Ba2Ca0.94Zn2Si6O17Sm0.06,Ba2Ca0.94Zn2Si6O17,Sm3+,0.06,,,298,600,,,,,,405,,,,1749100,600,https://doi.org/10.1016/S1002-0721(16)60064-9,,,Journal of Rare Earths,2016
455,Ba2Ca0.92Zn2Si6O17Sm0.08,Ba2Ca0.92Zn2Si6O17,Sm3+,0.08,,,298,600,,,,,,405,,,,1656400,600,https://doi.org/10.1016/S1002-0721(16)60064-9,,,Journal of Rare Earths,2016
456,Mg0.91Y1.94Al4SiO12Ce0.06Mn0.09,Mg0.91Y1.94Al4SiO12,Ce3+,0.06,Mn2+,0.09,298,600,0.484,0.491,63.1,,,460,,,,22.1,550,https://doi.org/10.1016/j.optmat.2017.06.012,,,Optical Materials,2017
457,CaZrO3Sm0.03Gd0.02,CaZrO3,Sm3+,0.03,Gd3+,0.02,298,601,0.532,0.465,,,,409,409,,,,601,https://doi.org/10.1016/S1002-0721(12)60168-9,"mp-4571,mp-776024,mp-542112", icsd-130053 icsd-183757 icsd-239370 icsd-167889 icsd-97465 icsd-37264 icsd-183758 icsd-97463 icsd-97466 icsd-97464 icsd-29003 icsd-56094,Journal of Rare Earths,2012
458,Ba1.99CaB2O6Sm0.005,Ba1.99CaB2O6,Sm3+,0.005,,,298,601,,,,,,402,,,,119100,601,https://doi.org/10.1016/j.cap.2017.07.015,mp-549737, icsd-80429,Current Applied Physics,2017
459,Ba1.98CaB2O6Sm0.01,Ba1.98CaB2O6,Sm3+,0.01,,,298,601,,,,,,402,,,,110100,601,https://doi.org/10.1016/j.cap.2017.07.015,mp-549737, icsd-80429,Current Applied Physics,2017
460,Ba1.97CaB2O6Sm0.015,Ba1.97CaB2O6,Sm3+,0.015,,,298,601,,,,,,402,,,,107900,601,https://doi.org/10.1016/j.cap.2017.07.015,mp-549737, icsd-80429,Current Applied Physics,2017
461,Ba1.96CaB2O6Sm0.02,Ba1.96CaB2O6,Sm3+,0.02,,,298,601,0.596,0.403,,,,402,402,,,101200,601,https://doi.org/10.1016/j.cap.2017.07.015,mp-549737, icsd-80429,Current Applied Physics,2017
462,Ba1.95CaB2O6Sm0.025,Ba1.95CaB2O6,Sm3+,0.025,,,298,601,,,,,,402,,,,99600,601,https://doi.org/10.1016/j.cap.2017.07.015,mp-549737, icsd-80429,Current Applied Physics,2017
463,NaBaLa1.99P3O12Sm0.01,NaBaLa1.99P3O12,Sm3+,0.01,,,298,601,0.5782,0.4171,,,,403,403,,,2133700,601,https://doi.org/10.1016/j.jallcom.2017.01.171,,,Journal of Alloys and Compounds,2017
464,NaBaLa1.96P3O12Sm0.04,NaBaLa1.96P3O12,Sm3+,0.04,,,298,601,,,,,,403,403,,,1895300,601,https://doi.org/10.1016/j.jallcom.2017.01.171,,,Journal of Alloys and Compounds,2017
465,NaBaLa1.93P3O12Sm0.07,NaBaLa1.93P3O12,Sm3+,0.07,,,298,601,,,,,,403,403,,,1769000,601,https://doi.org/10.1016/j.jallcom.2017.01.171,,,Journal of Alloys and Compounds,2017
466,NaBaLa1.89P3O12Sm0.11,NaBaLa1.89P3O12,Sm3+,0.11,,,298,601,,,62.3,,573,403,403,377,364,761800,601,https://doi.org/10.1016/j.jallcom.2017.01.171,,,Journal of Alloys and Compounds,2017
467,NaBaLa1.86P3O12Sm0.14,NaBaLa1.86P3O12,Sm3+,0.14,,,298,601,,,,,,403,403,,,681000,601,https://doi.org/10.1016/j.jallcom.2017.01.171,,,Journal of Alloys and Compounds,2017
468,NaBaLa1.83P3O12Sm0.17,NaBaLa1.83P3O12,Sm3+,0.17,,,298,601,0.5605,0.4312,,,,403,403,,,577100,601,https://doi.org/10.1016/j.jallcom.2017.01.171,,,Journal of Alloys and Compounds,2017
469,CaBi2Ta2O9Sm0.07,CaBi2Ta2O9,Sm3+,0.07,,,298,602,0.5714,0.4253,,,,406,406,475,,,602,https://doi.org/10.1016/j.optcom.2014.03.072,"mp-556697,mvc-16422,mp-556848", icsd-92056 icsd-20667,Optics Communications,2014
470,Ca2Mg0.75Si2O7Mn0.25,Ca2Mg0.75Si2O7,Mn2+,0.25,,,298,602,0.57,0.36,,,,408,408,,,,602,https://doi.org/10.1063/1.2722670,"mp-6094,mp-559083,mp-677780", icsd-94146 icsd-85089 icsd-94142 icsd-160358 icsd-94145 icsd-94140 icsd-92773 icsd-50065 icsd-160352 icsd-50068 icsd-50070 icsd-163285 icsd-160353 icsd-94141 icsd-160355 icsd-160354 icsd-187931 icsd-50067 icsd-160356 icsd-34805 icsd-50071 icsd-100736 icsd-26683 icsd-192373 icsd-94144 icsd-50066 icsd-67691 icsd-39924 icsd-160357 icsd-50069 icsd-163286 icsd-158177 icsd-94143 icsd-85088 icsd-163287,Applied Physics Letters,2007
471,Li0.97AlSiO4Sm0.03,Li0.97AlSiO4,Sm3+,0.03,,,298,602,0.595,0.387,,,,402,402,,,,602,https://doi.org/10.1016/j.jallcom.2016.08.057,"mp-18220,mp-14399,mp-6326,mp-1222444,mp-6327,mp-558713,mp-556544,mp-1222553,mp-559689", icsd-92708 icsd-32595 icsd-22011 icsd-22012 icsd-22013 icsd-22010 icsd-2929 icsd-24888 icsd-22015 icsd-22014 icsd-38167 icsd-66137 icsd-97909,Journal of Alloys and Compounds,2016
472,Ca3Sr3P4O16Sm0.015,Ca3Sr3P4O16,Sm3+,0.015,,,298,603,0.5778,0.4167,,,,405,405,470,,,603,https://doi.org/10.1016/j.ceramint.2018.07.276,,,Ceramics International,2018
473,Ca3Sr3P4O16Sm0.03,Ca3Sr3P4O16,Sm3+,0.03,,,298,603,0.5804,0.4148,,,,405,405,470,,,603,https://doi.org/10.1016/j.ceramint.2018.07.276,,,Ceramics International,2018
474,Ca3Sr3P4O16Sm0.06,Ca3Sr3P4O16,Sm3+,0.06,,,298,603,0.5878,0.4085,,,,405,405,470,,1841300,603,https://doi.org/10.1016/j.ceramint.2018.07.276,,,Ceramics International,2018
475,Ca3Sr3P4O16Li0.06Sm0.06,Ca3Sr3P4O16Li0.06,Sm3+,0.06,,,298,603,0.5964,0.4025,,,,405,,,,1893700,603,https://doi.org/10.1016/j.ceramint.2018.07.276,,,Ceramics International,2018
476,Ca3Sr3P4O16Na0.06Sm0.06,Ca3Sr3P4O16Na0.06,Sm3+,0.06,,,298,603,0.5963,0.4027,,,,405,,,,1892900,603,https://doi.org/10.1016/j.ceramint.2018.07.276,,,Ceramics International,2018
477,Ca3Sr3P4O16K0.06Sm0.06,Ca3Sr3P4O16K0.06,Sm3+,0.06,,,298,603,0.5955,0.4034,,,,405,,,,1885800,603,https://doi.org/10.1016/j.ceramint.2018.07.276,,,Ceramics International,2018
478,Ba3Sc0.95P3O12Sm0.05,Ba3Sc0.95P3O12,Sm3+,0.05,,,298,603,0.568,0.424,53.5,,,406,406,,,1640000,603,https://doi.org/10.1016/j.cplett.2016.04.092,,,Chemical Physics Letters,2016
479,Na3Bi0.88P2O8Eu0.02Sm0.1,Na3Bi0.88P2O8,Eu3+,0.02,Sm3+,0.1,298,603,0.616,0.381,39.56,,,396,,,,2210000,621,https://doi.org/10.1016/j.jlumin.2016.12.012,mp-561083, icsd-71362,Journal of Luminescence,2017
480,Na3Bi0.86P2O8Eu0.04Sm0.1,Na3Bi0.86P2O8,Eu3+,0.04,Sm3+,0.1,298,603,0.622,0.375,38.41,,,396,,,,2180000,621,https://doi.org/10.1016/j.jlumin.2016.12.012,mp-561083, icsd-71362,Journal of Luminescence,2017
481,Na3Bi0.84P2O8Eu0.06Sm0.1,Na3Bi0.84P2O8,Eu3+,0.06,Sm3+,0.1,298,603,0.626,0.371,39.63,,,396,,,,2170000,621,https://doi.org/10.1016/j.jlumin.2016.12.012,mp-561083, icsd-71362,Journal of Luminescence,2017
482,Na3Bi0.82P2O8Eu0.08Sm0.1,Na3Bi0.82P2O8,Eu3+,0.08,Sm3+,0.1,298,603,0.63,0.367,40.23,,,396,,,,2170000,621,https://doi.org/10.1016/j.jlumin.2016.12.012,mp-561083, icsd-71362,Journal of Luminescence,2017
483,Na3Bi0.9P2O8Sm0.1,Na3Bi0.9P2O8,Sm3+,0.1,,,298,603,0.563,0.408,42.69,,,407,407,,,,603,https://doi.org/10.1016/j.jlumin.2016.12.012,mp-561083, icsd-71362,Journal of Luminescence,2017
484,Na3Bi0.88P2O8Eu0.1Sm0.02,Na3Bi0.88P2O8,Eu3+,0.1,Sm3+,0.02,298,603,0.63,0.368,37.84,,,403,,,,,,https://doi.org/10.1016/j.jlumin.2016.12.012,mp-561083, icsd-71362,Journal of Luminescence,2017
485,Na3Bi0.86P2O8Eu0.1Sm0.04,Na3Bi0.86P2O8,Eu3+,0.1,Sm3+,0.04,298,603,0.632,0.366,38.56,,,403,,,,,,https://doi.org/10.1016/j.jlumin.2016.12.012,mp-561083, icsd-71362,Journal of Luminescence,2017
486,Na3Bi0.84P2O8Eu0.1Sm0.06,Na3Bi0.84P2O8,Eu3+,0.1,Sm3+,0.06,298,603,0.632,0.366,38.24,,,403,,,,,,https://doi.org/10.1016/j.jlumin.2016.12.012,mp-561083, icsd-71362,Journal of Luminescence,2017
487,Na3Bi0.82P2O8Eu0.1Sm0.08,Na3Bi0.82P2O8,Eu3+,0.1,Sm3+,0.08,298,603,0.634,0.364,39.83,,,403,,,,,,https://doi.org/10.1016/j.jlumin.2016.12.012,mp-561083, icsd-71362,Journal of Luminescence,2017
488,Na3Bi0.8P2O8Eu0.1Sm0.1,Na3Bi0.8P2O8,Eu3+,0.1,Sm3+,0.1,298,603,0.634,0.364,38.12,,593,403,,,,,,https://doi.org/10.1016/j.jlumin.2016.12.012,mp-561083, icsd-71362,Journal of Luminescence,2017
489,Ca0.955TiO3Sm0.03,Ca0.955TiO3,Sm3+,0.03,,,298,603,0.5792,0.4199,,,,467,467,,,792000,603,https://doi.org/10.1016/j.matchemphys.2016.01.009,"mp-4019,mp-556003,mp-1205364,mp-3442,mp-754701,mp-5827", icsd-167888 icsd-62149 icsd-97828 icsd-167809 icsd-163663 icsd-174127 icsd-94568 icsd-85101 icsd-96258 icsd-162909 icsd-185445 icsd-162916 icsd-162917 icsd-157115 icsd-185443 icsd-185446 icsd-162913 icsd-162908 icsd-163662 icsd-163528 icsd-185452 icsd-16688 icsd-71915 icsd-186224 icsd-185444 icsd-189135 icsd-162918 icsd-162912 icsd-71916 icsd-180956 icsd-74215 icsd-185454 icsd-162914 icsd-74214 icsd-193648 icsd-93082 icsd-153172 icsd-185451 icsd-150420 icsd-74212 icsd-185449 icsd-162911 icsd-51024 icsd-162910 icsd-74213 icsd-37263 icsd-82487 icsd-185447 icsd-50364 icsd-185450 icsd-185453 icsd-74216 icsd-162915 icsd-185448 icsd-165801 icsd-38212 icsd-29116 icsd-162920 icsd-162919 icsd-162922 icsd-162921 icsd-162925 icsd-162924 icsd-77060 icsd-153173 icsd-162923 icsd-187293 icsd-165076 icsd-162926 icsd-31865 icsd-187294 icsd-153174 icsd-31864,Materials Chemistry and Physics,2016
490,Ba2B2O5Tb0.1,Ba2B2O5,Tb3+,0.1,,,298,604,0.318,0.562,,,,262,262,,,618400,604,https://doi.org/10.1111/jace.14766,"mp-771158,mp-753413,mp-768345,mp-771174",,Journal of the American Ceramic Society,2017
491,Ba2B2O5Tb0.1Sm0.01,Ba2B2O5,Tb3+,0.1,Sm3+,0.01,298,604,,,,,,262,262,,,404700,604,https://doi.org/10.1111/jace.14766,"mp-771158,mp-753413,mp-768345,mp-771174",,Journal of the American Ceramic Society,2017
492,Ba2B2O5Tb0.1Sm0.02,Ba2B2O5,Tb3+,0.1,Sm3+,0.02,298,604,,,,,,262,262,,,377300,604,https://doi.org/10.1111/jace.14766,"mp-771158,mp-753413,mp-768345,mp-771174",,Journal of the American Ceramic Society,2017
493,Ba2B2O5Tb0.1Sm0.03,Ba2B2O5,Tb3+,0.1,Sm3+,0.03,298,604,,,,,,262,262,,,324300,604,https://doi.org/10.1111/jace.14766,"mp-771158,mp-753413,mp-768345,mp-771174",,Journal of the American Ceramic Society,2017
494,Ba2B2O5Tb0.1Sm0.05,Ba2B2O5,Tb3+,0.1,Sm3+,0.05,298,604,,,,,,262,262,,,275800,604,https://doi.org/10.1111/jace.14766,"mp-771158,mp-753413,mp-768345,mp-771174",,Journal of the American Ceramic Society,2017
495,Ba2B2O5Tb0.1Sm0.07,Ba2B2O5,Tb3+,0.1,Sm3+,0.07,298,604,,,,,,262,262,,,223800,604,https://doi.org/10.1111/jace.14766,"mp-771158,mp-753413,mp-768345,mp-771174",,Journal of the American Ceramic Society,2017
496,Ba2B2O5Tb0.1Sm0.1,Ba2B2O5,Tb3+,0.1,Sm3+,0.1,298,604,,,,,,262,262,,,199800,604,https://doi.org/10.1111/jace.14766,"mp-771158,mp-753413,mp-768345,mp-771174",,Journal of the American Ceramic Society,2017
497,Ba2B2O5Sm0.03,Ba2B2O5,Sm3+,0.03,,,298,604,0.552,0.29,,,,604,406,,,,604,https://doi.org/10.1111/jace.14766,"mp-771158,mp-753413,mp-768345,mp-771174",,Journal of the American Ceramic Society,2017
498,Ca2ZnWO6Sm0.02,Ca2ZnWO6,Sm3+,0.02,,,298,604,0.476,0.517,,,,410,410,482,,,604,https://doi.org/10.1016/j.jlumin.2014.01.045,"mp-781505,mp-779906", icsd-262323,Journal of Luminescence,2014
499,YVO4Sm0.05,YVO4,Sm3+,0.05,,,298,604,0.615,0.343,50,,,303,303,,,,604,https://doi.org/10.1021/ic100953m,mp-19133, icsd-15604 icsd-107638 icsd-246709 icsd-26894 icsd-78074 icsd-2504 icsd-174549 icsd-246708 icsd-36060,Inorganic Chemistry,2010
500,Y0.4Sc0.6VO4Bi0.01,Y0.4Sc0.6VO4,Bi3+,0.01,,,298,604,0.484,0.468,53.8,,,330,,,,,,https://doi.org/10.1021/acs.chemmater.6b00277,mp-19133, icsd-15604 icsd-107638 icsd-246709 icsd-26894 icsd-78074 icsd-2504 icsd-174549 icsd-246708 icsd-36060,Chemistry of Materials,2016
501,MgOSm0.0002,MgO,Sm3+,0.0002,,,298,604,0.583,0.405,,,,404,404,,,160,604,https://doi.org/10.1016/j.molstruc.2016.09.046,"mp-1265,mp-1065577,mp-1192189,mp-1180973,mp-1192043,mp-549706,mp-1180312 ,mp-775808,mp-776911,mp-1190533,mp-1101930,mp-1190649,mp-1191789,mp-1245039,mp-1245045,mp-1245232,mp-1244962,mp-1245157,mp-1009129,mp-1245143,mp-1245195,mp-1245128,mp-1009127", icsd-64928 icsd-236617 icsd-642716 icsd-170905 icsd-159369 icsd-157525 icsd-188324 icsd-157524 icsd-44927 icsd-104844 icsd-159372 icsd-159371 icsd-161607 icsd-26958 icsd-104845 icsd-56143 icsd-157527 icsd-642712 icsd-159376 icsd-159374 icsd-642713 icsd-60492 icsd-157528 icsd-31051 icsd-41990 icsd-52275 icsd-159375 icsd-159373 icsd-169450 icsd-157523 icsd-181456 icsd-173128 icsd-248385 icsd-77821 icsd-29127 icsd-77759 icsd-64930 icsd-158103 icsd-101007 icsd-61325 icsd-9863 icsd-64929 icsd-159377 icsd-159368 icsd-642714 icsd-159367 icsd-88058 icsd-60692 icsd-173132 icsd-95468 icsd-157526 icsd-52026 icsd-159378 icsd-161059 icsd-181458 icsd-181457 icsd-181460 icsd-162607 icsd-181461 icsd-236618 icsd-161842 icsd-181462 icsd-181463 icsd-181465 icsd-181464 icsd-181466 icsd-166273 icsd-248386,Journal of Molecular Structure,2017
502,MgOSm0.0004,MgO,Sm3+,0.0004,,,298,604,,,,,,404,404,,,153,604,https://doi.org/10.1016/j.molstruc.2016.09.046,"mp-1265,mp-1065577,mp-1192189,mp-1180973,mp-1192043,mp-549706,mp-1180312 ,mp-775808,mp-776911,mp-1190533,mp-1101930,mp-1190649,mp-1191789,mp-1245039,mp-1245045,mp-1245232,mp-1244962,mp-1245157,mp-1009129,mp-1245143,mp-1245195,mp-1245128,mp-1009127", icsd-64928 icsd-236617 icsd-642716 icsd-170905 icsd-159369 icsd-157525 icsd-188324 icsd-157524 icsd-44927 icsd-104844 icsd-159372 icsd-159371 icsd-161607 icsd-26958 icsd-104845 icsd-56143 icsd-157527 icsd-642712 icsd-159376 icsd-159374 icsd-642713 icsd-60492 icsd-157528 icsd-31051 icsd-41990 icsd-52275 icsd-159375 icsd-159373 icsd-169450 icsd-157523 icsd-181456 icsd-173128 icsd-248385 icsd-77821 icsd-29127 icsd-77759 icsd-64930 icsd-158103 icsd-101007 icsd-61325 icsd-9863 icsd-64929 icsd-159377 icsd-159368 icsd-642714 icsd-159367 icsd-88058 icsd-60692 icsd-173132 icsd-95468 icsd-157526 icsd-52026 icsd-159378 icsd-161059 icsd-181458 icsd-181457 icsd-181460 icsd-162607 icsd-181461 icsd-236618 icsd-161842 icsd-181462 icsd-181463 icsd-181465 icsd-181464 icsd-181466 icsd-166273 icsd-248386,Journal of Molecular Structure,2017
503,MgOSm0.0006,MgO,Sm3+,0.0006,,,298,604,,,,,,404,404,,,151,604,https://doi.org/10.1016/j.molstruc.2016.09.046,"mp-1265,mp-1065577,mp-1192189,mp-1180973,mp-1192043,mp-549706,mp-1180312 ,mp-775808,mp-776911,mp-1190533,mp-1101930,mp-1190649,mp-1191789,mp-1245039,mp-1245045,mp-1245232,mp-1244962,mp-1245157,mp-1009129,mp-1245143,mp-1245195,mp-1245128,mp-1009127", icsd-64928 icsd-236617 icsd-642716 icsd-170905 icsd-159369 icsd-157525 icsd-188324 icsd-157524 icsd-44927 icsd-104844 icsd-159372 icsd-159371 icsd-161607 icsd-26958 icsd-104845 icsd-56143 icsd-157527 icsd-642712 icsd-159376 icsd-159374 icsd-642713 icsd-60492 icsd-157528 icsd-31051 icsd-41990 icsd-52275 icsd-159375 icsd-159373 icsd-169450 icsd-157523 icsd-181456 icsd-173128 icsd-248385 icsd-77821 icsd-29127 icsd-77759 icsd-64930 icsd-158103 icsd-101007 icsd-61325 icsd-9863 icsd-64929 icsd-159377 icsd-159368 icsd-642714 icsd-159367 icsd-88058 icsd-60692 icsd-173132 icsd-95468 icsd-157526 icsd-52026 icsd-159378 icsd-161059 icsd-181458 icsd-181457 icsd-181460 icsd-162607 icsd-181461 icsd-236618 icsd-161842 icsd-181462 icsd-181463 icsd-181465 icsd-181464 icsd-181466 icsd-166273 icsd-248386,Journal of Molecular Structure,2017
504,MgOSm0.0008,MgO,Sm3+,0.0008,,,298,604,,,,,,404,404,,,124,604,https://doi.org/10.1016/j.molstruc.2016.09.046,"mp-1265,mp-1065577,mp-1192189,mp-1180973,mp-1192043,mp-549706,mp-1180312 ,mp-775808,mp-776911,mp-1190533,mp-1101930,mp-1190649,mp-1191789,mp-1245039,mp-1245045,mp-1245232,mp-1244962,mp-1245157,mp-1009129,mp-1245143,mp-1245195,mp-1245128,mp-1009127", icsd-64928 icsd-236617 icsd-642716 icsd-170905 icsd-159369 icsd-157525 icsd-188324 icsd-157524 icsd-44927 icsd-104844 icsd-159372 icsd-159371 icsd-161607 icsd-26958 icsd-104845 icsd-56143 icsd-157527 icsd-642712 icsd-159376 icsd-159374 icsd-642713 icsd-60492 icsd-157528 icsd-31051 icsd-41990 icsd-52275 icsd-159375 icsd-159373 icsd-169450 icsd-157523 icsd-181456 icsd-173128 icsd-248385 icsd-77821 icsd-29127 icsd-77759 icsd-64930 icsd-158103 icsd-101007 icsd-61325 icsd-9863 icsd-64929 icsd-159377 icsd-159368 icsd-642714 icsd-159367 icsd-88058 icsd-60692 icsd-173132 icsd-95468 icsd-157526 icsd-52026 icsd-159378 icsd-161059 icsd-181458 icsd-181457 icsd-181460 icsd-162607 icsd-181461 icsd-236618 icsd-161842 icsd-181462 icsd-181463 icsd-181465 icsd-181464 icsd-181466 icsd-166273 icsd-248386,Journal of Molecular Structure,2017
505,Zr0.95O2Eu0.05,Zr0.95O2,Eu3+,0.05,,,298,604,0.554,0.372,,,,393,393,,,,604,https://doi.org/10.1016/j.dyepig.2017.12.012,"mp-2858,mp-776404,mp-754403,mp-1190186,mp-556605,mp-755089,mp-755759,mp-2574,mp-776427,mp-775909,mp-775980,mp-755769,mp-775910,mp-1565,mp-754741,mp-775935,mp-776386,mp-963,mp-1245318,mp-1100824 ", icsd-82544 icsd-187209 icsd-80043 icsd-172161 icsd-173959 icsd-82543 icsd-291451 icsd-80042 icsd-658755 icsd-94887 icsd-186674 icsd-41010 icsd-80044 icsd-18190 icsd-62993 icsd-248445 icsd-68782 icsd-57158 icsd-157403 icsd-94886 icsd-86692 icsd-57451 icsd-89426 icsd-417639 icsd-187208 icsd-80048 icsd-80046 icsd-80045 icsd-291120 icsd-41572 icsd-248446 icsd-80050 icsd-80049 icsd-187207 icsd-26488 icsd-15983 icsd-82545 icsd-60900 icsd-647691 icsd-57157 icsd-96537 icsd-80047 icsd-185125 icsd-659226 icsd-60901 icsd-237008 icsd-248449 icsd-173960 icsd-67004 icsd-94931 icsd-66784 icsd-66783 icsd-92091 icsd-92093 icsd-85322 icsd-157620 icsd-237007 icsd-647692 icsd-9993 icsd-92092 icsd-66781 icsd-164736 icsd-51051 icsd-93124 icsd-66786 icsd-248448 icsd-291452 icsd-173961 icsd-157621 icsd-66788 icsd-88022 icsd-93028 icsd-66782 icsd-185124 icsd-93125 icsd-66787 icsd-93033 icsd-93032 icsd-93030 icsd-66785 icsd-93031 icsd-68781 icsd-92090 icsd-180936 icsd-157618 icsd-97004 icsd-248447 icsd-164862 icsd-186673 icsd-157619 icsd-66789 icsd-93123 icsd-93126 icsd-23928 icsd-93029 icsd-68589 icsd-655671 icsd-248444 icsd-53998 icsd-105553 icsd-164861 icsd-291119 icsd-92096 icsd-248443 icsd-186672 icsd-291453 icsd-157617 icsd-173962 icsd-647689 icsd-92095 icsd-237006 icsd-185123 icsd-89429 icsd-79914 icsd-173963 icsd-56696 icsd-83862 icsd-79915,Dyes and Pigments,2018
506,Zr0.93O2Eu0.07,Zr0.93O2,Eu3+,0.07,,,298,604,0.567,0.37,,,,393,393,,,,604,https://doi.org/10.1016/j.dyepig.2017.12.012,"mp-2858,mp-776404,mp-754403,mp-1190186,mp-556605,mp-755089,mp-755759,mp-2574,mp-776427,mp-775909,mp-775980,mp-755769,mp-775910,mp-1565,mp-754741,mp-775935,mp-776386,mp-963,mp-1245318,mp-1100824 ", icsd-82544 icsd-187209 icsd-80043 icsd-172161 icsd-173959 icsd-82543 icsd-291451 icsd-80042 icsd-658755 icsd-94887 icsd-186674 icsd-41010 icsd-80044 icsd-18190 icsd-62993 icsd-248445 icsd-68782 icsd-57158 icsd-157403 icsd-94886 icsd-86692 icsd-57451 icsd-89426 icsd-417639 icsd-187208 icsd-80048 icsd-80046 icsd-80045 icsd-291120 icsd-41572 icsd-248446 icsd-80050 icsd-80049 icsd-187207 icsd-26488 icsd-15983 icsd-82545 icsd-60900 icsd-647691 icsd-57157 icsd-96537 icsd-80047 icsd-185125 icsd-659226 icsd-60901 icsd-237008 icsd-248449 icsd-173960 icsd-67004 icsd-94931 icsd-66784 icsd-66783 icsd-92091 icsd-92093 icsd-85322 icsd-157620 icsd-237007 icsd-647692 icsd-9993 icsd-92092 icsd-66781 icsd-164736 icsd-51051 icsd-93124 icsd-66786 icsd-248448 icsd-291452 icsd-173961 icsd-157621 icsd-66788 icsd-88022 icsd-93028 icsd-66782 icsd-185124 icsd-93125 icsd-66787 icsd-93033 icsd-93032 icsd-93030 icsd-66785 icsd-93031 icsd-68781 icsd-92090 icsd-180936 icsd-157618 icsd-97004 icsd-248447 icsd-164862 icsd-186673 icsd-157619 icsd-66789 icsd-93123 icsd-93126 icsd-23928 icsd-93029 icsd-68589 icsd-655671 icsd-248444 icsd-53998 icsd-105553 icsd-164861 icsd-291119 icsd-92096 icsd-248443 icsd-186672 icsd-291453 icsd-157617 icsd-173962 icsd-647689 icsd-92095 icsd-237006 icsd-185123 icsd-89429 icsd-79914 icsd-173963 icsd-56696 icsd-83862 icsd-79915,Dyes and Pigments,2018
507,Zr0.91O2Eu0.09,Zr0.91O2,Eu3+,0.09,,,298,604,0.573,0.371,,,,393,393,,,,604,https://doi.org/10.1016/j.dyepig.2017.12.012,"mp-2858,mp-776404,mp-754403,mp-1190186,mp-556605,mp-755089,mp-755759,mp-2574,mp-776427,mp-775909,mp-775980,mp-755769,mp-775910,mp-1565,mp-754741,mp-775935,mp-776386,mp-963,mp-1245318,mp-1100824 ", icsd-82544 icsd-187209 icsd-80043 icsd-172161 icsd-173959 icsd-82543 icsd-291451 icsd-80042 icsd-658755 icsd-94887 icsd-186674 icsd-41010 icsd-80044 icsd-18190 icsd-62993 icsd-248445 icsd-68782 icsd-57158 icsd-157403 icsd-94886 icsd-86692 icsd-57451 icsd-89426 icsd-417639 icsd-187208 icsd-80048 icsd-80046 icsd-80045 icsd-291120 icsd-41572 icsd-248446 icsd-80050 icsd-80049 icsd-187207 icsd-26488 icsd-15983 icsd-82545 icsd-60900 icsd-647691 icsd-57157 icsd-96537 icsd-80047 icsd-185125 icsd-659226 icsd-60901 icsd-237008 icsd-248449 icsd-173960 icsd-67004 icsd-94931 icsd-66784 icsd-66783 icsd-92091 icsd-92093 icsd-85322 icsd-157620 icsd-237007 icsd-647692 icsd-9993 icsd-92092 icsd-66781 icsd-164736 icsd-51051 icsd-93124 icsd-66786 icsd-248448 icsd-291452 icsd-173961 icsd-157621 icsd-66788 icsd-88022 icsd-93028 icsd-66782 icsd-185124 icsd-93125 icsd-66787 icsd-93033 icsd-93032 icsd-93030 icsd-66785 icsd-93031 icsd-68781 icsd-92090 icsd-180936 icsd-157618 icsd-97004 icsd-248447 icsd-164862 icsd-186673 icsd-157619 icsd-66789 icsd-93123 icsd-93126 icsd-23928 icsd-93029 icsd-68589 icsd-655671 icsd-248444 icsd-53998 icsd-105553 icsd-164861 icsd-291119 icsd-92096 icsd-248443 icsd-186672 icsd-291453 icsd-157617 icsd-173962 icsd-647689 icsd-92095 icsd-237006 icsd-185123 icsd-89429 icsd-79914 icsd-173963 icsd-56696 icsd-83862 icsd-79915,Dyes and Pigments,2018
508,Zr0.89O2Eu0.11,Zr0.89O2,Eu3+,0.11,,,298,604,0.581,0.37,,,,393,393,,,,604,https://doi.org/10.1016/j.dyepig.2017.12.012,"mp-2858,mp-776404,mp-754403,mp-1190186,mp-556605,mp-755089,mp-755759,mp-2574,mp-776427,mp-775909,mp-775980,mp-755769,mp-775910,mp-1565,mp-754741,mp-775935,mp-776386,mp-963,mp-1245318,mp-1100824", icsd-82544 icsd-187209 icsd-80043 icsd-172161 icsd-173959 icsd-82543 icsd-291451 icsd-80042 icsd-658755 icsd-94887 icsd-186674 icsd-41010 icsd-80044 icsd-18190 icsd-62993 icsd-248445 icsd-68782 icsd-57158 icsd-157403 icsd-94886 icsd-86692 icsd-57451 icsd-89426 icsd-417639 icsd-187208 icsd-80048 icsd-80046 icsd-80045 icsd-291120 icsd-41572 icsd-248446 icsd-80050 icsd-80049 icsd-187207 icsd-26488 icsd-15983 icsd-82545 icsd-60900 icsd-647691 icsd-57157 icsd-96537 icsd-80047 icsd-185125 icsd-659226 icsd-60901 icsd-237008 icsd-248449 icsd-173960 icsd-67004 icsd-94931 icsd-66784 icsd-66783 icsd-92091 icsd-92093 icsd-85322 icsd-157620 icsd-237007 icsd-647692 icsd-9993 icsd-92092 icsd-66781 icsd-164736 icsd-51051 icsd-93124 icsd-66786 icsd-248448 icsd-291452 icsd-173961 icsd-157621 icsd-66788 icsd-88022 icsd-93028 icsd-66782 icsd-185124 icsd-93125 icsd-66787 icsd-93033 icsd-93032 icsd-93030 icsd-66785 icsd-93031 icsd-68781 icsd-92090 icsd-180936 icsd-157618 icsd-97004 icsd-248447 icsd-164862 icsd-186673 icsd-157619 icsd-66789 icsd-93123 icsd-93126 icsd-23928 icsd-93029 icsd-68589 icsd-655671 icsd-248444 icsd-53998 icsd-105553 icsd-164861 icsd-291119 icsd-92096 icsd-248443 icsd-186672 icsd-291453 icsd-157617 icsd-173962 icsd-647689 icsd-92095 icsd-237006 icsd-185123 icsd-89429 icsd-79914 icsd-173963 icsd-56696 icsd-83862 icsd-79915,Dyes and Pigments,2018
509,Zr0.87O2Eu0.13,Zr0.87O2,Eu3+,0.13,,,298,604,0.56,0.373,,,,393,393,,,,604,https://doi.org/10.1016/j.dyepig.2017.12.012,"mp-2858,mp-776404,mp-754403,mp-1190186,mp-556605,mp-755089,mp-755759,mp-2574,mp-776427,mp-775909,mp-775980,mp-755769,mp-775910,mp-1565,mp-754741,mp-775935,mp-776386,mp-963,mp-1245318,mp-1100824", icsd-82544 icsd-187209 icsd-80043 icsd-172161 icsd-173959 icsd-82543 icsd-291451 icsd-80042 icsd-658755 icsd-94887 icsd-186674 icsd-41010 icsd-80044 icsd-18190 icsd-62993 icsd-248445 icsd-68782 icsd-57158 icsd-157403 icsd-94886 icsd-86692 icsd-57451 icsd-89426 icsd-417639 icsd-187208 icsd-80048 icsd-80046 icsd-80045 icsd-291120 icsd-41572 icsd-248446 icsd-80050 icsd-80049 icsd-187207 icsd-26488 icsd-15983 icsd-82545 icsd-60900 icsd-647691 icsd-57157 icsd-96537 icsd-80047 icsd-185125 icsd-659226 icsd-60901 icsd-237008 icsd-248449 icsd-173960 icsd-67004 icsd-94931 icsd-66784 icsd-66783 icsd-92091 icsd-92093 icsd-85322 icsd-157620 icsd-237007 icsd-647692 icsd-9993 icsd-92092 icsd-66781 icsd-164736 icsd-51051 icsd-93124 icsd-66786 icsd-248448 icsd-291452 icsd-173961 icsd-157621 icsd-66788 icsd-88022 icsd-93028 icsd-66782 icsd-185124 icsd-93125 icsd-66787 icsd-93033 icsd-93032 icsd-93030 icsd-66785 icsd-93031 icsd-68781 icsd-92090 icsd-180936 icsd-157618 icsd-97004 icsd-248447 icsd-164862 icsd-186673 icsd-157619 icsd-66789 icsd-93123 icsd-93126 icsd-23928 icsd-93029 icsd-68589 icsd-655671 icsd-248444 icsd-53998 icsd-105553 icsd-164861 icsd-291119 icsd-92096 icsd-248443 icsd-186672 icsd-291453 icsd-157617 icsd-173962 icsd-647689 icsd-92095 icsd-237006 icsd-185123 icsd-89429 icsd-79914 icsd-173963 icsd-56696 icsd-83862 icsd-79915,Dyes and Pigments,2018
510,La3Si6N11Sm0.01,La3Si6N11,Sm3+,0.01,,,298,605,0.6105,0.3833,,,468,369,369,414,384,380000,605,https://doi.org/10.1016/j.jre.2020.03.004,mp-1019893, icsd-248709,Journal of Rare Earths,2021
511,La3Si6N11Sm0.07,La3Si6N11,Sm3+,0.07,,,298,605,0.6042,0.3872,,,,369,369,414,384,,605,https://doi.org/10.1016/j.jre.2020.03.004,mp-1019893, icsd-248709,Journal of Rare Earths,2021
512,La3Si6N11Sm0.13,La3Si6N11,Sm3+,0.13,,,298,605,0.5771,0.4045,,,,369,369,414,384,,605,https://doi.org/10.1016/j.jre.2020.03.004,mp-1019893, icsd-248709,Journal of Rare Earths,2021
513,LiLa1.99O5BSm0.01,LiLa1.99O5B,Sm3+,0.01,,,298,605,,,,,,405,405,365,385,1160000,605,https://doi.org/10.1149/1.2946482,,,Journal of The Electrochemical Society,2008
514,BaZn2P2O8Sm0.02,BaZn2P2O8,Sm3+,0.02,,,298,606,0.621,0.365,,,,397,397,460,,,606,https://doi.org/10.1016/j.jlumin.2012.03.022,mp-6089, icsd-300159 icsd-86627,Journal of Luminescence,2012
515,BaZn2P2O8K0.02Sm0.02,BaZn2P2O8K0.02,Sm3+,0.02,,,298,606,0.622,0.363,,,,397,,,,,,https://doi.org/10.1016/j.jlumin.2012.03.022,mp-6089, icsd-300159 icsd-86627,Journal of Luminescence,2012
516,Li6CaLa2Ta2O12Eu0.5,Li6CaLa2Ta2O12,Eu3+,0.5,,,298,608,0.65,0.34,,,,464,464,394,,,608,https://doi.org/10.1016/j.ceramint.2014.06.069,,,Ceramics International,2014
517,La2.98SbO7Sm0.02,La2.98SbO7,Sm3+,0.02,,,298,608,,,,,,407,407,,,2080000,608,https://doi.org/10.1002/bio.2983,"mp-1211549,mp-1190600", icsd-246732 icsd-188501,Luminescence,2015
518,La2.9SbO7Sm0.1,La2.9SbO7,Sm3+,0.1,,,298,608,0.547,0.443,,,,407,407,,,1900000,608,https://doi.org/10.1002/bio.2983,"mp-1211549,mp-1190600", icsd-246732 icsd-188501,Luminescence,2015
519,La2.8SbO7Sm0.2,La2.8SbO7,Sm3+,0.2,,,298,608,,,,,,407,407,,,1750000,608,https://doi.org/10.1002/bio.2983,"mp-1211549,mp-1190600", icsd-246732 icsd-188501,Luminescence,2015
520,Sr3Al2O5Cl2Ce0.01Eu0.005,Sr3Al2O5Cl2,Ce3+,0.01,Eu2+,0.005,298,609,,,,,,330,215,330,,41.8,444,https://doi.org/10.1063/1.3094753,mp-559224, icsd-68365,Applied Physics Letters,2009
521,Sr3Al2O5Cl2Ce0.01Eu0.0075,Sr3Al2O5Cl2,Ce3+,0.01,Eu2+,0.0075,298,609,,,,,,330,215,330,,39,444,https://doi.org/10.1063/1.3094753,mp-559224, icsd-68365,Applied Physics Letters,2009
522,Sr3Al2O5Cl2Ce0.01Eu0.01,Sr3Al2O5Cl2,Ce3+,0.01,Eu2+,0.01,298,609,,,,,,330,215,330,,38.4,444,https://doi.org/10.1063/1.3094753,mp-559224, icsd-68365,Applied Physics Letters,2009
523,Sr3Al2O5Cl2Eu0.04,Sr3Al2O5Cl2,Eu2+,0.04,,,298,609,0.52,0.46,,,,350,350,,,,609,https://doi.org/10.1063/1.3094753,mp-559224, icsd-68365,Applied Physics Letters,2009
524,Y1.98WO6Eu0.02,Y1.98WO6,Eu3+,0.02,,,298,609,0.5768,0.3347,,,,275,394,,,1383000,609,https://doi.org/10.1007/s10853-016-0598-9,"mp-559510,mp-30539,mp-559085,mp-1216117", icsd-20955 icsd-65811 icsd-26532,Journal of Materials Science,2016
525,Y1.94WO6Eu0.06,Y1.94WO6,Eu3+,0.06,,,298,609,0.6325,0.3499,,,,275,394,,,2141000,609,https://doi.org/10.1007/s10853-016-0598-9,"mp-559510,mp-30539,mp-559085,mp-1216117", icsd-20955 icsd-65811 icsd-26532,Journal of Materials Science,2016
526,Y1.9WO6Eu0.1,Y1.9WO6,Eu3+,0.1,,,298,609,0.6402,0.3526,,,,275,394,,,1978000,609,https://doi.org/10.1007/s10853-016-0598-9,"mp-559510,mp-30539,mp-559085,mp-1216117", icsd-20955 icsd-65811 icsd-26532,Journal of Materials Science,2016
527,Y1.86WO6Eu0.14,Y1.86WO6,Eu3+,0.14,,,298,609,0.6424,0.3518,,,,275,394,,,1913000,609,https://doi.org/10.1007/s10853-016-0598-9,"mp-559510,mp-30539,mp-559085,mp-1216117", icsd-20955 icsd-65811 icsd-26532,Journal of Materials Science,2016
528,Y1.82WO6Eu0.18,Y1.82WO6,Eu3+,0.18,,,298,609,0.6425,0.3515,,,,275,394,,,1892000,609,https://doi.org/10.1007/s10853-016-0598-9,"mp-559510,mp-30539,mp-559085,mp-1216117", icsd-20955 icsd-65811 icsd-26532,Journal of Materials Science,2016
529,Y1.78WO6Eu0.22,Y1.78WO6,Eu3+,0.22,,,298,609,0.6427,0.3521,,,,275,394,,,1755000,609,https://doi.org/10.1007/s10853-016-0598-9,"mp-559510,mp-30539,mp-559085,mp-1216117", icsd-20955 icsd-65811 icsd-26532,Journal of Materials Science,2016
530,Y1.74WO6Eu0.26,Y1.74WO6,Eu3+,0.26,,,298,609,0.6428,0.3531,,,435,275,394,,,1598000,609,https://doi.org/10.1007/s10853-016-0598-9,"mp-559510,mp-30539,mp-559085,mp-1216117", icsd-20955 icsd-65811 icsd-26532,Journal of Materials Science,2016
531,Y1.7WO6Eu0.3,Y1.7WO6,Eu3+,0.3,,,298,609,0.6433,0.3512,,,,275,394,,,1488000,609,https://doi.org/10.1007/s10853-016-0598-9,"mp-559510,mp-30539,mp-559085,mp-1216117", icsd-20955 icsd-65811 icsd-26532,Journal of Materials Science,2016
532,Y1.66WO6Eu0.34,Y1.66WO6,Eu3+,0.34,,,298,609,0.6451,0.3506,,,,275,394,,,1269000,609,https://doi.org/10.1007/s10853-016-0598-9,"mp-559510,mp-30539,mp-559085,mp-1216117", icsd-20955 icsd-65811 icsd-26532,Journal of Materials Science,2016
533,Y1.62WO6Eu0.38,Y1.62WO6,Eu3+,0.38,,,298,609,0.6431,0.3516,,,,275,394,,,1155000,609,https://doi.org/10.1007/s10853-016-0598-9,"mp-559510,mp-30539,mp-559085,mp-1216117", icsd-20955 icsd-65811 icsd-26532,Journal of Materials Science,2016
534,Mg3Y1.8Ge3O12Eu0.1,Mg3Y1.8Ge3O12,Eu3+,0.1,,,298,610,,,,,,348,,,,2400000,544,https://doi.org/10.1039/D0TC04618C,mp-1216309,,Journal of Materials Chemistry C,2021
535,Mg3Y1.6Ge3O12Eu0.2,Mg3Y1.6Ge3O12,Eu3+,0.2,,,298,610,,,,,,393,394,464,,2100000,610,https://doi.org/10.1002/advs.201903060,mp-1216309,,Advanced Science,2020
536,Mg3Y1.4Ge3O12Eu0.3,Mg3Y1.4Ge3O12,Eu3+,0.3,,,298,610,,,,,,393,,,,1600000,610,https://doi.org/10.1002/advs.201903060,mp-1216309,,Advanced Science,2020
537,Mg3Y1.2Ge3O12Eu0.4,Mg3Y1.2Ge3O12,Eu3+,0.4,,,298,610,,,,,,393,394,464,,1600000,610,https://doi.org/10.1002/advs.201903060,mp-1216309,,Advanced Science,2020
538,Mg3YGe3O12Eu0.5,Mg3YGe3O12,Eu3+,0.5,,,298,610,,,,,,393,394,464,,1400000,610,https://doi.org/10.1002/advs.201903060,mp-1216309,,Advanced Science,2020
539,Mg3Y0.4Ge3O12Eu0.8,Mg3Y0.4Ge3O12,Eu3+,0.8,,,298,610,,,,,,393,394,464,,300000,610,https://doi.org/10.1002/advs.201903060,mp-1216309,,Advanced Science,2020
540,Mg3Ge3O12Eu1,Mg3Ge3O12,Eu3+,1,,,298,610,0.637,0.362,,,,393,394,464,,50000,610,https://doi.org/10.1002/advs.201903060,mp-1216309,,Advanced Science,2020
541,Lu2MoO6Eu0.01,Lu2MoO6,Eu3+,0.01,,,298,610,,,,,,363,363,462,530,308000,610,https://doi.org/10.1016/S1003-6326(16)64276-0,mp-1211057,,Transactions of Nonferrous Metals Society of China,2016
542,Lu2MoO6Eu0.03,Lu2MoO6,Eu3+,0.03,,,298,610,,,,,,363,363,462,530,308000,610,https://doi.org/10.1016/S1003-6326(16)64276-0,mp-1211057,,Transactions of Nonferrous Metals Society of China,2016
543,Lu2MoO6Eu0.05,Lu2MoO6,Eu3+,0.05,,,298,610,,,,,,363,363,462,530,308000,610,https://doi.org/10.1016/S1003-6326(16)64276-0,mp-1211057,,Transactions of Nonferrous Metals Society of China,2016
544,Lu2MoO6Eu0.1,Lu2MoO6,Eu3+,0.1,,,298,610,0.65,0.35,,,,363,363,462,530,280000,610,https://doi.org/10.1016/S1003-6326(16)64276-0,mp-1211057,,Transactions of Nonferrous Metals Society of China,2016
545,Lu2MoO6Eu0.2,Lu2MoO6,Eu3+,0.2,,,298,610,,,,,,363,462,363,530,185000,610,https://doi.org/10.1016/S1003-6326(16)64276-0,mp-1211057,,Transactions of Nonferrous Metals Society of China,2016
546,Lu2MoO6Eu0.4,Lu2MoO6,Eu3+,0.4,,,298,610,,,,,,363,363,462,530,60000,610,https://doi.org/10.1016/S1003-6326(16)64276-0,mp-1211057,,Transactions of Nonferrous Metals Society of China,2016
547,Gd2MoO6Eu0.3,Gd2MoO6,Eu3+,0.3,,,298,610,0.65,0.35,26.5,,383,360,360,463,,581000,610,https://doi.org/10.1039/C6RA25652J,mp-582797, icsd-62886,RSC Advances,2017
548,Gd2MoO6Eu0.3,Gd2MoO6,Eu3+,0.3,,,298,610,0.653,0.347,47.5,,428,463,360,463,,537000,610,https://doi.org/10.1039/C6RA25652J,mp-582797, icsd-62886,RSC Advances,2017
549,Sr0.99MoO4Eu0.01,Sr0.99MoO4,Eu3+,0.01,,,298,610,,,,,,290,,,,506000,615,https://doi.org/10.1039/C5RA06053B,mp-18834, icsd-193794 icsd-250491 icsd-23700 icsd-28025 icsd-194080 icsd-173125 icsd-173120 icsd-245803 icsd-245802 icsd-173122 icsd-239418 icsd-248458 icsd-99089 icsd-194081,RSC Advances,2015
550,Sr2La0.9SbO6Eu0.1,Sr2La0.9SbO6,Eu3+,0.1,,,298,610,,,,,,465,,,,1543000,610,https://doi.org/10.1016/j.dyepig.2017.07.019,mp-1206332,,Dyes and Pigments,2017
551,Sr2La0.8SbO6Eu0.2,Sr2La0.8SbO6,Eu3+,0.2,,,298,610,0.634,0.354,48.3,,503,465,396,465,,1456000,610,https://doi.org/10.1016/j.dyepig.2017.07.019,mp-1206332,,Dyes and Pigments,2017
552,Sr2La0.7SbO6Eu0.3,Sr2La0.7SbO6,Eu3+,0.3,,,298,610,,,,,,465,,,,1399000,610,https://doi.org/10.1016/j.dyepig.2017.07.019,mp-1206332,,Dyes and Pigments,2017
553,Sr2La0.6SbO6Eu0.4,Sr2La0.6SbO6,Eu3+,0.4,,,298,610,,,,,,465,,,,1302000,610,https://doi.org/10.1016/j.dyepig.2017.07.019,mp-1206332,,Dyes and Pigments,2017
554,Sr2La0.5SbO6Eu0.5,Sr2La0.5SbO6,Eu3+,0.5,,,298,610,,,,,,465,,,,1214000,610,https://doi.org/10.1016/j.dyepig.2017.07.019,mp-1206332,,Dyes and Pigments,2017
555,Sr2La0.4SbO6Eu0.6,Sr2La0.4SbO6,Eu3+,0.6,,,298,610,,,,,,465,,,,1047000,610,https://doi.org/10.1016/j.dyepig.2017.07.019,mp-1206332,,Dyes and Pigments,2017
556,Ca2Y0.992Zr2Al3O12Bi0.008Eu0.3,Ca2Y0.992Zr2Al3O12,Bi3+,0.008,Eu3+,0.3,298,610,0.6231,0.3588,,,,278,278,465,,,610,https://doi.org/10.1016/j.ceramint.2019.11.081,,,Ceramics International,2020
557,Gd1.4MoO6Eu0.3,Gd1.4MoO6,Eu3+,0.3,,,298,610,0.65,0.35,26.5,,380,360,463,,,581000,610,https://doi.org/10.1039/C6RA25652J,mp-582797, icsd-62886,RSC Advances,2017
558,Gd1.4MoO6Eu0.3,Gd1.4MoO6,Eu3+,0.3,,,298,610,0.653,0.347,47.5,,430,463,463,,,537000,610,https://doi.org/10.1039/C6RA25652J,mp-582797, icsd-62886,RSC Advances,2017
559,Sr7.92MgYP7O28Eu0.01,Sr7.92MgYP7O28,Eu2+,0.01,,,298,610,0.44,0.471,,,453,400,400,,,,610,https://doi.org/10.1021/ic200515w,,,Inorganic Chemistry,2011
560,ZrO2Eu0.05,ZrO2,Eu3+,0.05,,,298,610,0.494,0.344,,,,352,394,,,,610,https://doi.org/10.1111/jace.12149,"mp-2858, mp-776404,mp-754403,mp-1190186,mp-556605 ,mp-755089,mp-755759,mp-2574,mp-776427,mp-775909,mp-775980,mp-755769,mp-775910,mp-1565,mp-754741,mp-775935 ,mp-776386,mp-963,mp-1245318,mp-1100824", icsd-82544 icsd-187209 icsd-80043 icsd-172161 icsd-173959 icsd-82543 icsd-291451 icsd-80042 icsd-658755 icsd-94887 icsd-186674 icsd-41010 icsd-80044 icsd-18190 icsd-62993 icsd-248445 icsd-68782 icsd-57158 icsd-157403 icsd-94886 icsd-86692 icsd-57451 icsd-89426 icsd-417639 icsd-187208 icsd-80048 icsd-80046 icsd-80045 icsd-291120 icsd-41572 icsd-248446 icsd-80050 icsd-80049 icsd-187207 icsd-26488 icsd-15983 icsd-82545 icsd-60900 icsd-647691 icsd-57157 icsd-96537 icsd-80047 icsd-185125 icsd-659226 icsd-60901 icsd-237008 icsd-248449 icsd-173960 icsd-67004 icsd-94931 icsd-66784 icsd-66783 icsd-92091 icsd-92093 icsd-85322 icsd-157620 icsd-237007 icsd-647692 icsd-9993 icsd-92092 icsd-66781 icsd-164736 icsd-51051 icsd-93124 icsd-66786 icsd-248448 icsd-291452 icsd-173961 icsd-157621 icsd-66788 icsd-88022 icsd-93028 icsd-66782 icsd-185124 icsd-93125 icsd-66787 icsd-93033 icsd-93032 icsd-93030 icsd-66785 icsd-93031 icsd-68781 icsd-92090 icsd-180936 icsd-157618 icsd-97004 icsd-248447 icsd-164862 icsd-186673 icsd-157619 icsd-66789 icsd-93123 icsd-93126 icsd-23928 icsd-93029 icsd-68589 icsd-655671 icsd-248444 icsd-53998 icsd-105553 icsd-164861 icsd-291119 icsd-92096 icsd-248443 icsd-186672 icsd-291453 icsd-157617 icsd-173962 icsd-647689 icsd-92095 icsd-237006 icsd-185123 icsd-89429 icsd-79914 icsd-173963 icsd-56696 icsd-83862 icsd-79915,Journal of the American Ceramic Society,2013
561,NaCaBO3Ce0.01Mn0.05,NaCaBO3,Ce3+,0.01,Mn2+,0.05,298,610,0.397,0.259,,,,347,,,,,,https://doi.org/10.1039/C3DT52328D,,,Dalton Transactions,2014
562,NaCaBO3Ce0.01Mn0.07,NaCaBO3,Ce3+,0.01,Mn2+,0.07,298,610,0.442,0.285,,,,347,,,,,,https://doi.org/10.1039/C3DT52328D,,,Dalton Transactions,2014
563,NaCaBO3Ce0.01Mn0.09,NaCaBO3,Ce3+,0.01,Mn2+,0.09,298,610,0.501,0.32,,,,347,,,,,,https://doi.org/10.1039/C3DT52328D,,,Dalton Transactions,2014
564,NaCaBO3Ce0.01Mn0.11,NaCaBO3,Ce3+,0.01,Mn2+,0.11,298,610,0.54,0.33,,,,347,,,,,,https://doi.org/10.1039/C3DT52328D,,,Dalton Transactions,2014
565,NaCaBO3Mn0.05,NaCaBO3,Mn2+,0.05,,,298,610,0.605,0.395,,,,347,,,,,,https://doi.org/10.1039/C3DT52328D,,,Dalton Transactions,2014
566,Sr0.8Ca0.2AlSiN3Eu0.008,Sr0.8Ca0.2AlSiN3,Eu2+,0.008,,,298,610,,,80,70,540,455,455,,,,610,https://doi.org/10.1016/j.jallcom.2008.07.054,,,Journal of Alloys and Compounds,2009
567,Ba1.28Ca0.67SiO4Eu0.02Mn0.03,Ba1.28Ca0.67SiO4,Eu2+,0.02,Mn2+,0.03,298,610,0.38,0.372,38,,,390,,,,,,https://doi.org/10.1021/ic501423p,mp-17612, icsd-291359 icsd-291355 icsd-6246 icsd-28476,Inorganic Chemistry,2014
568,Ba1.28Ca0.66SiO4Eu0.02Mn0.04,Ba1.28Ca0.66SiO4,Eu2+,0.02,Mn2+,0.04,298,610,0.42,0.378,32,,,390,300,,,,500,https://doi.org/10.1021/ic501423p,mp-17612, icsd-291359 icsd-291355 icsd-6246 icsd-28476,Inorganic Chemistry,2014
569,Ba1.28Ca0.64SiO4Eu0.02Mn0.06,Ba1.28Ca0.64SiO4,Eu2+,0.02,Mn2+,0.06,298,610,0.463,0.372,28,,,390,,,,,,https://doi.org/10.1021/ic501423p,mp-17612, icsd-291359 icsd-291355 icsd-6246 icsd-28476,Inorganic Chemistry,2014
570,Ba1.28Ca0.62SiO4Eu0.02Mn0.08,Ba1.28Ca0.62SiO4,Eu2+,0.02,Mn2+,0.08,298,610,0.499,0.37,20,,,390,,,,,,https://doi.org/10.1021/ic501423p,mp-17612, icsd-291359 icsd-291355 icsd-6246 icsd-28476,Inorganic Chemistry,2014
571,Ba1.28Ca0.6SiO4Eu0.02Mn0.1,Ba1.28Ca0.6SiO4,Eu2+,0.02,Mn2+,0.1,298,610,0.517,0.363,11,,,390,,,,,,https://doi.org/10.1021/ic501423p,mp-17612, icsd-291359 icsd-291355 icsd-6246 icsd-28476,Inorganic Chemistry,2014
572,Ba1.28Ca0.58SiO4Eu0.02Mn0.12,Ba1.28Ca0.58SiO4,Eu2+,0.02,Mn2+,0.12,298,610,0.539,0.361,8,,,390,,,,,,https://doi.org/10.1021/ic501423p,mp-17612, icsd-291359 icsd-291355 icsd-6246 icsd-28476,Inorganic Chemistry,2014
573,Sr8.965ScP7O28Eu0.03Mn0.05,Sr8.965ScP7O28,Eu2+,0.03,Mn2+,0.05,298,610,0.421,0.48,,,,365,,,,580,510,https://doi.org/10.1002/ejic.201301216,,,European Journal of Inorganic Chemistry,2013
574,Sr8.96ScP7O28Eu0.03Mn0.1,Sr8.96ScP7O28,Eu2+,0.03,Mn2+,0.1,298,610,0.437,0.475,,,,365,,,,530,510,https://doi.org/10.1002/ejic.201301216,,,European Journal of Inorganic Chemistry,2013
575,Sr8.95ScP7O28Eu0.03Mn0.2,Sr8.95ScP7O28,Eu2+,0.03,Mn2+,0.2,298,610,0.442,0.473,,,,365,,,,488,510,https://doi.org/10.1002/ejic.201301216,,,European Journal of Inorganic Chemistry,2013
576,Sr8.94ScP7O28Eu0.03Mn0.3,Sr8.94ScP7O28,Eu2+,0.03,Mn2+,0.3,298,610,0.447,0.47,,,,365,,,,456,510,https://doi.org/10.1002/ejic.201301216,,,European Journal of Inorganic Chemistry,2013
577,Na3.6Y1.7P3O12Eu0.1,Na3.6Y1.7P3O12,Eu3+,0.1,,,298,610,,,,,,394,,,,3456000,610,https://doi.org/10.1016/j.jallcom.2019.153513,,,Journal of Alloys and Compounds,2020
578,Na3.6Y1.6P3O12Eu0.2,Na3.6Y1.6P3O12,Eu3+,0.2,,,298,610,,,,,,394,,,,3402000,610,https://doi.org/10.1016/j.jallcom.2019.153513,,,Journal of Alloys and Compounds,2020
579,Na3.6Y1.5P3O12Eu0.3,Na3.6Y1.5P3O12,Eu3+,0.3,,,298,610,0.63,0.36,13,,,394,394,319,383,3354000,610,https://doi.org/10.1016/j.jallcom.2019.153513,,,Journal of Alloys and Compounds,2020
580,Na3.6Y1.45P3O12Eu0.35,Na3.6Y1.45P3O12,Eu3+,0.35,,,298,610,,,,,,394,,,,3185000,610,https://doi.org/10.1016/j.jallcom.2019.153513,,,Journal of Alloys and Compounds,2020
581,Ba8.96Lu1.9Si6O24Ce0.1Mn0.04,Ba8.96Lu1.9Si6O24,Ce3+,0.1,Mn2+,0.04,298,610,0.358,0.289,,,,333,,,,21,380,https://doi.org/10.1021/acs.jpcc.5b07566,,,Journal of Physical Chemistry C,2015
582,Ba8.94Lu1.9Si6O24Ce0.1Mn0.06,Ba8.94Lu1.9Si6O24,Ce3+,0.1,Mn2+,0.06,298,610,0.413,0.304,,,,333,,,,,,https://doi.org/10.1021/acs.jpcc.5b07566,,,Journal of Physical Chemistry C,2015
583,Ba8.92Lu1.9Si6O24Ce0.1Mn0.08,Ba8.92Lu1.9Si6O24,Ce3+,0.1,Mn2+,0.08,298,610,0.435,0.287,,,580,333,,,,,,https://doi.org/10.1021/acs.jpcc.5b07566,,,Journal of Physical Chemistry C,2015
584,Ba8.9Lu1.9Si6O24Ce0.1Mn0.1,Ba8.9Lu1.9Si6O24,Ce3+,0.1,Mn2+,0.1,298,610,0.471,0.293,,,,333,,,,,,https://doi.org/10.1021/acs.jpcc.5b07566,,,Journal of Physical Chemistry C,2015
585,Ba8.88Lu1.9Si6O24Ce0.1Mn0.12,Ba8.88Lu1.9Si6O24,Ce3+,0.1,Mn2+,0.12,298,610,0.487,0.297,,,,333,,,,18,380,https://doi.org/10.1021/acs.jpcc.5b07566,,,Journal of Physical Chemistry C,2015
586,Ba8.85Lu1.9Si6O24Ce0.1Mn0.15,Ba8.85Lu1.9Si6O24,Ce3+,0.1,Mn2+,0.15,298,610,0.521,0.307,,,,333,,,,,,https://doi.org/10.1021/acs.jpcc.5b07566,,,Journal of Physical Chemistry C,2015
587,Ba8.8Lu1.9Si6O24Ce0.1Mn0.2,Ba8.8Lu1.9Si6O24,Ce3+,0.1,Mn2+,0.2,298,610,0.521,0.311,,,,333,,,,16,380,https://doi.org/10.1021/acs.jpcc.5b07566,,,Journal of Physical Chemistry C,2015
588,Mg0.88Y1.94Al4SiO12Ce0.06Mn0.12,Mg0.88Y1.94Al4SiO12,Ce3+,0.06,Mn2+,0.12,298,610,0.493,0.484,54.3,,,460,,,,13.4,550,https://doi.org/10.1016/j.optmat.2017.06.012,,,Optical Materials,2017
589,Ca8ZnLa0.95P7O28Eu0.05,Ca8ZnLa0.95P7O28,Eu3+,0.05,,,298,611,,,25,,,391,391,462,359,1842000,611,https://doi.org/10.1111/jace.15691,,,Journal of the American Ceramic Society,2018
590,Ca8ZnLa0.9P7O28Eu0.1,Ca8ZnLa0.9P7O28,Eu3+,0.1,,,298,611,,,33,,,391,391,462,359,1842000,611,https://doi.org/10.1111/jace.15691,,,Journal of the American Ceramic Society,2018
591,Ca8ZnLa0.7P7O28Eu0.3,Ca8ZnLa0.7P7O28,Eu3+,0.3,,,298,611,,,47,,,391,391,462,359,1836000,611,https://doi.org/10.1111/jace.15691,,,Journal of the American Ceramic Society,2018
592,Ca8ZnLa0.5P7O28Eu0.5,Ca8ZnLa0.5P7O28,Eu3+,0.5,,,298,611,,,55,,,391,391,462,359,1845000,611,https://doi.org/10.1111/jace.15691,,,Journal of the American Ceramic Society,2018
593,Ca8ZnLa0.3P7O28Eu0.7,Ca8ZnLa0.3P7O28,Eu3+,0.7,,,298,611,,,78,,,391,391,462,359,1830000,611,https://doi.org/10.1111/jace.15691,,,Journal of the American Ceramic Society,2018
594,Ca8ZnLa0.1P7O28Eu0.9,Ca8ZnLa0.1P7O28,Eu3+,0.9,,,298,611,0.6512,0.3485,75,,520,391,391,462,359,1841000,611,https://doi.org/10.1111/jace.15691,,,Journal of the American Ceramic Society,2018
595,Ca8ZnP7O28Eu1,Ca8ZnP7O28,Eu3+,1,,,298,611,,,70,,,391,391,462,359,1803000,611,https://doi.org/10.1111/jace.15691,,,Journal of the American Ceramic Society,2018
596,Y2O2SEu0.05,Y2O2S,Eu3+,0.05,,,298,611,0.661,0.333,35,,,317,317,,,,611,https://doi.org/10.1364/OE.19.006303,mp-12894, icsd-154582,Optics Express,2011
597,Ca2YZr2Al3O12Eu0.08,Ca2YZr2Al3O12,Eu3+,0.08,,,298,611,0.6284,0.3596,,,498,395,395,465,,,611,https://doi.org/10.1021/acs.inorgchem.6b01711,,,Inorganic Chemistry,2016
598,BaGd2O4Bi0.08Eu0.12,BaGd2O4,Bi3+,0.08,Eu3+,0.12,298,611,0.368,0.204,,,,337,,,,255,432,https://doi.org/10.1016/j.jlumin.2018.10.050,mp-17143, icsd-78484 icsd-427487,Journal of Luminescence,2019
599,BaGd2O4Bi0.08Eu0.2,BaGd2O4,Bi3+,0.08,Eu3+,0.2,298,611,,,,,387,337,,,,188,432,https://doi.org/10.1016/j.jlumin.2018.10.050,mp-17143, icsd-78484 icsd-427487,Journal of Luminescence,2019
600,BaGd2O4Bi0.08Eu0.3,BaGd2O4,Bi3+,0.08,Eu3+,0.3,298,611,0.548,0.31,,,,337,,,,161,432,https://doi.org/10.1016/j.jlumin.2018.10.050,mp-17143, icsd-78484 icsd-427487,Journal of Luminescence,2019
601,BaGd2O4Eu0.2,BaGd2O4,Eu3+,0.2,,,298,611,0.564,0.333,,,,394,275,,,,611,https://doi.org/10.1016/j.jlumin.2018.10.050,mp-17143, icsd-78484 icsd-427487,Journal of Luminescence,2019
602,Ca2GdF4PO4Eu0.05,Ca2GdF4PO4,Eu3+,0.05,,,298,611,0.661,0.333,64,,,394,394,465,,940000,611,https://doi.org/10.1364/OE.19.006303,,,Optics Express,2011
603,Ca2YF4PO4Eu0.05,Ca2YF4PO4,Eu3+,0.05,,,298,611,0.661,0.333,48,,,394,394,465,,,611,https://doi.org/10.1364/OE.19.006303,,,Optics Express,2011
604,Li3Y3Te2O12Eu0.05,Li3Y3Te2O12,Eu3+,0.05,,,298,611,0.665,0.341,,,,395,395,,,2590000,611,https://doi.org/10.1016/j.jallcom.2012.11.118,mp-1211226,,Journal of Alloys and Compounds,2013
605,Li3Y3Te2O12Eu0.4,Li3Y3Te2O12,Eu3+,0.4,,,298,611,,,61,,,395,395,465,530,2330000,611,https://doi.org/10.1016/j.jallcom.2012.11.118,mp-1211226,,Journal of Alloys and Compounds,2013
606,Li3Y3Te2O12Eu1,Li3Y3Te2O12,Eu3+,1,,,298,611,0.663,0.337,,,,395,395,465,530,100000,611,https://doi.org/10.1016/j.jallcom.2012.11.118,mp-1211226,,Journal of Alloys and Compounds,2013
607,Bi4Si3O12Eu0.02,Bi4Si3O12,Eu3+,0.02,,,298,611,0.387,0.34,1.6,,420,273,,,,,,https://doi.org/10.1038/srep42464,mp-23331, icsd-402349 icsd-36156 icsd-108873 icsd-86277 icsd-84519 icsd-69430 icsd-26787,Scientific Reports,2017
608,Bi4Si3O12Eu0.02,Bi4Si3O12,Eu3+,0.02,,,348,611,0.387,0.334,,,,273,,,,,,https://doi.org/10.1038/srep42464,mp-23331, icsd-402349 icsd-36156 icsd-108873 icsd-86277 icsd-84519 icsd-69430 icsd-26787,Scientific Reports,2017
609,Bi4Si3O12Eu0.02,Bi4Si3O12,Eu3+,0.02,,,398,611,0.412,0.336,,,,273,,,,,,https://doi.org/10.1038/srep42464,mp-23331, icsd-402349 icsd-36156 icsd-108873 icsd-86277 icsd-84519 icsd-69430 icsd-26787,Scientific Reports,2017
610,Bi4Si3O12Eu0.02,Bi4Si3O12,Eu3+,0.02,,,448,611,0.466,0.34,,,,273,,,,,,https://doi.org/10.1038/srep42464,mp-23331, icsd-402349 icsd-36156 icsd-108873 icsd-86277 icsd-84519 icsd-69430 icsd-26787,Scientific Reports,2017
611,Bi4Si3O12Eu0.02,Bi4Si3O12,Eu3+,0.02,,,498,611,0.483,0.331,,,,273,,,,,,https://doi.org/10.1038/srep42464,mp-23331, icsd-402349 icsd-36156 icsd-108873 icsd-86277 icsd-84519 icsd-69430 icsd-26787,Scientific Reports,2017
612,Sr3LaV3O12Eu,Sr3LaV3O12,Eu3+,,,,298,611,0.321,0.452,32.7,,,370,,,,4240,520,https://doi.org/10.1039/C4TC02783C,mp-1218724,,Journal of Materials Chemistry C,2015
613,Li6CaLa2Sb2O12Eu0.4,Li6CaLa2Sb2O12,Eu3+,0.4,,,298,611,0.64,0.35,,,,464,464,394,,,611,https://doi.org/10.1016/j.ceramint.2014.06.069,,,Ceramics International,2014
614,Sr7.76MgLaP7O28Eu0.03,Sr7.76MgLaP7O28,Eu2+,0.03,,,298,611,0.495,0.473,,,443,400,400,,,,611,https://doi.org/10.1021/ic200515w,,,Inorganic Chemistry,2011
615,Ba2La7.98Ge6O26Eu0.02,Ba2La7.98Ge6O26,Eu3+,0.02,,,298,611,,,,,,395,395,,,1586000,611,https://doi.org/10.1016/j.jre.2020.10.019,,,Journal of Rare Earths,2021
616,Ba2La7.92Ge6O26Eu0.08,Ba2La7.92Ge6O26,Eu3+,0.08,,,298,611,0.5838,0.4071,37.23,,523,395,395,,,1606000,611,https://doi.org/10.1016/j.jre.2020.10.019,,,Journal of Rare Earths,2021
617,Ba2La7.86Ge6O26Eu0.14,Ba2La7.86Ge6O26,Eu3+,0.14,,,298,611,,,,,,395,395,,,1614000,611,https://doi.org/10.1016/j.jre.2020.10.019,,,Journal of Rare Earths,2021
618,Na2Y1.91B2O7Tb0.05Eu0.04,Na2Y1.91B2O7,Tb3+,0.05,Eu3+,0.04,298,611,,,,,,380,275,,,116200,542,https://doi.org/10.1039/C3DT52214H,mp-6331, icsd-191128 icsd-245226 icsd-99206,Dalton Transactions,2013
619,Na3MgZrP3O12Eu0.01,Na3MgZrP3O12,Eu3+,0.01,,,298,611,0.639,0.359,,,513,393,393,,,5367000,611,https://doi.org/10.1007/s10854-017-8135-4,mp-690382,,Journal of Materials Science: Materials in Electronics,2017
620,Y1.90O3Eu0.05,Y1.90O3,Eu3+,0.05,,,298,611,0.65,0.34,,,,261,395,,,,611,https://doi.org/10.1007/s00339-017-1226-5,"mp-2652,mp-558573,mp-754759,mp-775907,mp-775906,mp-13061,mp-777514,mp-1244949,mp-1245017,mp-1244888,mp-1245291,mp-1216050,mp-673247", icsd-290965 icsd-192862 icsd-181825 icsd-78581 icsd-27772 icsd-237970 icsd-186675 icsd-80033 icsd-66242 icsd-86813 icsd-85355 icsd-81861 icsd-41936 icsd-647653 icsd-86814 icsd-160890 icsd-193377 icsd-155173 icsd-290963 icsd-151761 icsd-181871 icsd-290961 icsd-26190 icsd-290960 icsd-193042 icsd-16394 icsd-66243 icsd-86817 icsd-184530 icsd-66730 icsd-193376 icsd-153500 icsd-77081 icsd-151760 icsd-290962 icsd-23811 icsd-185295 icsd-290964 icsd-41267 icsd-193374 icsd-193375 icsd-187274 icsd-82420 icsd-86815 icsd-181826 icsd-192863 icsd-160219 icsd-647650 icsd-160204 icsd-181827 icsd-192864,Applied Physics A: Materials Science and Processing,2017
621,Na0.09Sr0.82B2O4Eu0.09,Na0.09Sr0.82B2O4,Eu3+,0.09,,,298,611,0.64,0.35,,,,394,394,,,,611,https://doi.org/10.1016/j.saa.2011.11.043,"mp-9749,mp-8878", icsd-203226 icsd-69102,Spectrochimica Acta - Part A: Molecular and Biomolecular Spectroscopy,2012
622,Sr0.94B2O4Eu0.06,Sr0.94B2O4,Eu3+,0.06,,,298,611,0.64,0.35,,,,394,394,,,,611,https://doi.org/10.1016/j.saa.2011.11.043,"mp-9749,mp-8878", icsd-203226 icsd-69102,Spectrochimica Acta - Part A: Molecular and Biomolecular Spectroscopy,2012
623,Y2WO6,Y2WO6,,,,,298,611,0.1885,0.219,,,,327,327,,,,611,https://doi.org/10.1016/j.jallcom.2016.11.033,"mp-559510,mp-30539,mp-559085,mp-1216117", icsd-20955 icsd-65811 icsd-26532,Journal of Alloys and Compounds,2017
624,Y1.96WO6Eu0.02,Y1.96WO6,Eu3+,0.02,,,298,611,0.5879,0.3321,,,,327,327,,,,611,https://doi.org/10.1016/j.jallcom.2016.11.033,"mp-559510,mp-30539,mp-559085,mp-1216117", icsd-20955 icsd-65811 icsd-26532,Journal of Alloys and Compounds,2017
625,Y1.94WO6Eu0.03,Y1.94WO6,Eu3+,0.03,,,298,611,0.6133,0.3386,,,,327,327,,,1020000,611,https://doi.org/10.1016/j.jallcom.2016.11.033,"mp-559510,mp-30539,mp-559085,mp-1216117", icsd-20955 icsd-65811 icsd-26532,Journal of Alloys and Compounds,2017
626,Y1.9WO6Eu0.05,Y1.9WO6,Eu3+,0.05,,,298,611,0.6327,0.3433,,,,327,327,,,,611,https://doi.org/10.1016/j.jallcom.2016.11.033,"mp-559510,mp-30539,mp-559085,mp-1216117", icsd-20955 icsd-65811 icsd-26532,Journal of Alloys and Compounds,2017
627,Y1.86WO6Eu0.07,Y1.86WO6,Eu3+,0.07,,,298,611,0.6415,0.345,,,,327,327,,,,611,https://doi.org/10.1016/j.jallcom.2016.11.033,"mp-559510,mp-30539,mp-559085,mp-1216117", icsd-20955 icsd-65811 icsd-26532,Journal of Alloys and Compounds,2017
628,Y1.82WO6Eu0.09,Y1.82WO6,Eu3+,0.09,,,298,611,0.6458,0.3456,,,,327,327,,,1000000,611,https://doi.org/10.1016/j.jallcom.2016.11.033,"mp-559510,mp-30539,mp-559085,mp-1216117", icsd-20955 icsd-65811 icsd-26532,Journal of Alloys and Compounds,2017
629,Y1.8WO6Eu0.1,Y1.8WO6,Eu3+,0.1,,,298,611,0.647,0.3458,,,,327,327,,,,611,https://doi.org/10.1016/j.jallcom.2016.11.033,"mp-559510,mp-30539,mp-559085,mp-1216117", icsd-20955 icsd-65811 icsd-26532,Journal of Alloys and Compounds,2017
630,Y1.78WO6Eu0.11,Y1.78WO6,Eu3+,0.11,,,298,611,0.6474,0.3465,,,,327,327,,,,611,https://doi.org/10.1016/j.jallcom.2016.11.033,"mp-559510,mp-30539,mp-559085,mp-1216117", icsd-20955 icsd-65811 icsd-26532,Journal of Alloys and Compounds,2017
631,Y1.4MoO6Eu0.6,Y1.4MoO6,Eu2+,0.6,,,298,611,0.611,0.386,,,,363,363,,,,611,https://doi.org/10.1016/j.jlumin.2014.01.018,mp-31124, icsd-99575,Journal of Luminescence,2014
632,La1.63LiSbO6Eu0.36Bi0.01,La1.63LiSbO6,Eu3+,0.36,Bi3+,0.01,298,611,0.643,0.335,,,,394,394,,,,611,https://doi.org/10.1016/j.jallcom.2019.02.132,mp-6674, icsd-72202 icsd-69192,Journal of Alloys and Compounds,2019
633,SrBi2B2O7Eu0.06,SrBi2B2O7,Eu3+,0.06,,,298,611,,,37.5,,473,393,393,,,,611,https://doi.org/10.1039/C6RA26752A,mp-558323,,RSC Advances,2017
634,Ca10.78Si4O22B2Eu0.005,Ca10.78Si4O22B2,Eu2+,0.005,,,298,611,0.624,0.375,9.7,,,394,394,,,,611,https://doi.org/10.1039/C3TC30933A,,,Journal of Materials Chemistry C,2013
635,LaMgAl11O19Sm0.05Eu0.2,LaMgAl11O19,Sm3+,0.05,Eu3+,0.2,298,612,0.601,0.39,0.48,,428,403,403,,,,612,https://doi.org/10.1021/ic500412r,mp-1223152,,Inorganic Chemistry,2014
636,LaMgAl11O19Sm0.05Eu0.3,LaMgAl11O19,Sm3+,0.05,Eu3+,0.3,298,612,,,0.14,,,403,,,,,,https://doi.org/10.1021/ic500412r,mp-1223152,,Inorganic Chemistry,2014
637,LaMgAl11O19Eu0.1,LaMgAl11O19,Eu3+,0.1,,,298,612,,,0.33,,,464,,,,,,https://doi.org/10.1021/ic500412r,mp-1223152,,Inorganic Chemistry,2014
638,Sr3Bi0.995P3O12Eu0.005,Sr3Bi0.995P3O12,Eu3+,0.005,,,298,612,,,,,,392,392,,,2371000,612,https://doi.org/10.1016/j.optcom.2012.06.018,,,Optics Communications,2012
639,Sr3Bi0.99P3O12Eu0.01,Sr3Bi0.99P3O12,Eu3+,0.01,,,298,612,,,,,,392,392,,,2374000,612,https://doi.org/10.1016/j.optcom.2012.06.018,,,Optics Communications,2012
640,Sr3Bi0.97P3O12Eu0.03,Sr3Bi0.97P3O12,Eu3+,0.03,,,298,612,,,,,,392,392,,,2396000,612,https://doi.org/10.1016/j.optcom.2012.06.018,,,Optics Communications,2012
641,Sr3Bi0.95P3O12Eu0.05,Sr3Bi0.95P3O12,Eu3+,0.05,,,298,612,0.585,0.339,85,,,392,392,464,,2400000,612,https://doi.org/10.1016/j.optcom.2012.06.018,,,Optics Communications,2012
642,Sr3Bi0.93P3O12Eu0.07,Sr3Bi0.93P3O12,Eu3+,0.07,,,298,612,,,,,,392,392,,,2375000,612,https://doi.org/10.1016/j.optcom.2012.06.018,,,Optics Communications,2012
643,Sr3Bi0.9P3O12Eu0.1,Sr3Bi0.9P3O12,Eu3+,0.1,,,298,612,,,,,,392,392,,,2318000,612,https://doi.org/10.1016/j.optcom.2012.06.018,,,Optics Communications,2012
644,CaB6O10Eu0.03,CaB6O10,Eu3+,0.03,,,300,612,,,,,,266,393,,,1880000,612,https://doi.org/10.1016/j.jlumin.2014.11.024,mp-558358, icsd-161320,Journal of Luminescence,2015
645,CaB6O10Eu0.03,CaB6O10,Eu3+,0.03,,,300,612,,,27,,,393,393,,,,612,https://doi.org/10.1016/j.jlumin.2014.11.024,mp-558358, icsd-161320,Journal of Luminescence,2015
646,Sr3La0.99V3O12Eu0.01,Sr3La0.99V3O12,Eu3+,0.01,,,298,612,,,,,,370,,,,4200,520,https://doi.org/10.1039/C4TC02783C,mp-1218724,,Journal of Materials Chemistry C,2015
647,Sr3La0.97V3O12Eu0.03,Sr3La0.97V3O12,Eu3+,0.03,,,298,612,,,,,,370,,,,4180,520,https://doi.org/10.1039/C4TC02783C,mp-1218724,,Journal of Materials Chemistry C,2015
648,Sr3La0.95V3O12Eu0.05,Sr3La0.95V3O12,Eu3+,0.05,,,298,612,0.401,0.412,31.2,,,370,,,,4230,520,https://doi.org/10.1039/C4TC02783C,mp-1218724,,Journal of Materials Chemistry C,2015
649,Sr3La0.93V3O12Eu0.07,Sr3La0.93V3O12,Eu3+,0.07,,,298,612,,,,,,370,,,,4220,520,https://doi.org/10.1039/C4TC02783C,mp-1218724,,Journal of Materials Chemistry C,2015
650,Sr3La0.91V3O12Eu0.09,Sr3La0.91V3O12,Eu3+,0.09,,,298,612,,,,,,370,,,,4190,520,https://doi.org/10.1039/C4TC02783C,mp-1218724,,Journal of Materials Chemistry C,2015
651,Sr1.95VO4ClEu0.05,Sr1.95VO4Cl,Eu3+,0.05,,,298,612,,,2.9,,,276,,,,,,https://doi.org/10.1039/C3RA42724B,mp-558952, icsd-73946,RSC Advances,2013
652,Sr4.95V3O12ClEu0.05,Sr4.95V3O12Cl,Eu3+,0.05,,,298,612,,,0.7,,,365,,,,,,https://doi.org/10.1039/C3RA42724B,mp-556224, icsd-184835 icsd-171381 icsd-184833 icsd-184834,RSC Advances,2013
653,Sr4.9V3O12ClNa0.05Eu0.05,Sr4.9V3O12ClNa0.05,Eu3+,0.05,,,298,612,,,2.5,,,365,,,,3633,578,https://doi.org/10.1039/C3RA42724B,mp-556224, icsd-184835 icsd-171381 icsd-184833 icsd-184834,RSC Advances,2013
654,Ca2Y0.995TaO6Eu0.005,Ca2Y0.995TaO6,Eu3+,0.005,,,298,612,0.619,0.378,,,,395,395,,,979000,612,https://doi.org/10.1016/j.jre.2020.07.006,,,Journal of Rare Earths,2021
655,Ca2Y0.99TaO6Eu0.01,Ca2Y0.99TaO6,Eu3+,0.01,,,298,612,0.625,0.373,,,,395,395,,,,612,https://doi.org/10.1016/j.jre.2020.07.006,,,Journal of Rare Earths,2021
656,Ca2Y0.98TaO6Eu0.02,Ca2Y0.98TaO6,Eu3+,0.02,,,298,612,0.631,0.367,,,,395,395,,,,612,https://doi.org/10.1016/j.jre.2020.07.006,,,Journal of Rare Earths,2021
657,Ca2Y0.95TaO6Eu0.05,Ca2Y0.95TaO6,Eu3+,0.05,,,298,612,0.641,0.358,,,,395,395,,,,612,https://doi.org/10.1016/j.jre.2020.07.006,,,Journal of Rare Earths,2021
658,Ca2Y0.9TaO6Eu0.1,Ca2Y0.9TaO6,Eu3+,0.1,,,298,612,0.65,0.349,,,,395,395,,,824000,612,https://doi.org/10.1016/j.jre.2020.07.006,,,Journal of Rare Earths,2021
659,Ca2Y0.8TaO6Eu0.2,Ca2Y0.8TaO6,Eu3+,0.2,,,298,612,0.66,0.339,,,,395,395,,,,612,https://doi.org/10.1016/j.jre.2020.07.006,,,Journal of Rare Earths,2021
660,Ca2Y0.7TaO6Eu0.3,Ca2Y0.7TaO6,Eu3+,0.3,,,298,612,0.664,0.335,,,,395,395,,,,612,https://doi.org/10.1016/j.jre.2020.07.006,,,Journal of Rare Earths,2021
661,Ca2Y0.6TaO6Eu0.4,Ca2Y0.6TaO6,Eu3+,0.4,,,298,612,0.666,0.333,52.7,12.4,,395,395,,,741000,612,https://doi.org/10.1016/j.jre.2020.07.006,,,Journal of Rare Earths,2021
662,Ca2Y0.5TaO6Eu0.5,Ca2Y0.5TaO6,Eu3+,0.5,,,298,612,0.667,0.332,,,,395,395,,,,612,https://doi.org/10.1016/j.jre.2020.07.006,,,Journal of Rare Earths,2021
663,K1.02Sr3.98B3O9Eu0.005,K1.02Sr3.98B3O9,Eu3+,0.005,,,298,612,0.623,0.376,,,,396,396,466,,,612,https://doi.org/10.1016/j.jlumin.2016.01.010,mp-554346, icsd-423814 icsd-425548 icsd-171423,Journal of Luminescence,2016
664,Rb1.01Ba0.98PO4Eu0.01,Rb1.01Ba0.98PO4,Eu3+,0.01,,,298,612,0.53,0.45,,,,392,392,,,,612,https://doi.org/10.1007/s10854-015-3745-1,mp-17832, icsd-72001,Journal of Materials Science: Materials in Electronics,2015
665,Rb1.03Ba0.94PO4Eu0.03,Rb1.03Ba0.94PO4,Eu3+,0.03,,,298,612,0.586,0.405,,,,392,392,,,,612,https://doi.org/10.1007/s10854-015-3745-1,mp-17832, icsd-72001,Journal of Materials Science: Materials in Electronics,2015
666,Rb1.05Ba0.9PO4Eu0.05,Rb1.05Ba0.9PO4,Eu3+,0.05,,,298,612,0.596,0.397,,,,392,392,,,,612,https://doi.org/10.1007/s10854-015-3745-1,mp-17832, icsd-72001,Journal of Materials Science: Materials in Electronics,2015
667,Rb1.07Ba0.86PO4Eu0.07,Rb1.07Ba0.86PO4,Eu3+,0.07,,,298,612,0.603,0.391,,,,392,392,,,,612,https://doi.org/10.1007/s10854-015-3745-1,mp-17832, icsd-72001,Journal of Materials Science: Materials in Electronics,2015
668,Rb1.09Ba0.82PO4Eu0.09,Rb1.09Ba0.82PO4,Eu3+,0.09,,,298,612,0.61,0.386,31,,473,392,392,462,,1940000,612,https://doi.org/10.1007/s10854-015-3745-1,mp-17832, icsd-72001,Journal of Materials Science: Materials in Electronics,2015
669,Rb1.09Ba0.82PO4Eu0.09,Rb1.09Ba0.82PO4,Eu3+,0.09,,,323,612,0.61,0.387,,,,392,,,,,,https://doi.org/10.1007/s10854-015-3745-1,mp-17832, icsd-72001,Journal of Materials Science: Materials in Electronics,2015
670,Rb1.09Ba0.82PO4Eu0.09,Rb1.09Ba0.82PO4,Eu3+,0.09,,,343,612,0.609,0.388,,,,392,,,,,,https://doi.org/10.1007/s10854-015-3745-1,mp-17832, icsd-72001,Journal of Materials Science: Materials in Electronics,2015
671,Rb1.09Ba0.82PO4Eu0.09,Rb1.09Ba0.82PO4,Eu3+,0.09,,,363,612,0.608,0.39,,,,392,,,,,,https://doi.org/10.1007/s10854-015-3745-1,mp-17832, icsd-72001,Journal of Materials Science: Materials in Electronics,2015
672,Rb1.09Ba0.82PO4Eu0.09,Rb1.09Ba0.82PO4,Eu3+,0.09,,,383,612,0.606,0.392,,,,392,,,,,,https://doi.org/10.1007/s10854-015-3745-1,mp-17832, icsd-72001,Journal of Materials Science: Materials in Electronics,2015
673,Rb1.09Ba0.82PO4Eu0.09,Rb1.09Ba0.82PO4,Eu3+,0.09,,,403,612,0.603,0.395,,,,392,,,,,,https://doi.org/10.1007/s10854-015-3745-1,mp-17832, icsd-72001,Journal of Materials Science: Materials in Electronics,2015
674,Rb1.09Ba0.82PO4Eu0.09,Rb1.09Ba0.82PO4,Eu3+,0.09,,,423,612,0.598,0.398,,,,392,,,,,,https://doi.org/10.1007/s10854-015-3745-1,mp-17832, icsd-72001,Journal of Materials Science: Materials in Electronics,2015
675,Rb1.09Ba0.82PO4Eu0.09,Rb1.09Ba0.82PO4,Eu3+,0.09,,,433,612,0.597,0.4,,,,392,,,,,,https://doi.org/10.1007/s10854-015-3745-1,mp-17832, icsd-72001,Journal of Materials Science: Materials in Electronics,2015
676,Rb1.09Ba0.82PO4Eu0.09,Rb1.09Ba0.82PO4,Eu3+,0.09,,,443,612,0.595,0.402,,,,392,,,,,,https://doi.org/10.1007/s10854-015-3745-1,mp-17832, icsd-72001,Journal of Materials Science: Materials in Electronics,2015
677,Rb1.09Ba0.82PO4Eu0.09,Rb1.09Ba0.82PO4,Eu3+,0.09,,,453,612,0.592,0.405,,,,392,,,,,,https://doi.org/10.1007/s10854-015-3745-1,mp-17832, icsd-72001,Journal of Materials Science: Materials in Electronics,2015
678,Rb1.11Ba0.78PO4Eu0.11,Rb1.11Ba0.78PO4,Eu3+,0.11,,,298,612,0.608,0.387,,,,392,392,,,,612,https://doi.org/10.1007/s10854-015-3745-1,mp-17832, icsd-72001,Journal of Materials Science: Materials in Electronics,2015
679,Rb1.13Ba0.74PO4Eu0.13,Rb1.13Ba0.74PO4,Eu3+,0.13,,,298,612,0.606,0.389,,,,392,392,,,,612,https://doi.org/10.1007/s10854-015-3745-1,mp-17832, icsd-72001,Journal of Materials Science: Materials in Electronics,2015
680,Bi3.64Ge3O12Eu0.09,Bi3.64Ge3O12,Eu3+,0.09,,,298,612,0.6301,0.3694,,,498,394,394,,,,612,https://doi.org/10.1016/j.jallcom.2016.09.115,mp-23560, icsd-156438 icsd-86276 icsd-201356 icsd-260560 icsd-108872 icsd-39231 icsd-156439 icsd-39227,Journal of Alloys and Compounds,2017
681,CaSb2O6Eu0.05,CaSb2O6,Eu3+,0.05,,,298,612,0.5935,0.4059,,,,394,394,,,,612,https://doi.org/10.1007/s10854-015-4186-6,"mp-9125,mvc-1657", icsd-74539,Journal of Materials Science: Materials in Electronics,2015
682,CaSb2O6Eu0.05Bi0.04,CaSb2O6,Eu3+,0.05,Bi3+,0.04,298,612,0.3339,0.2882,,,,298,298,,,,612,https://doi.org/10.1007/s10854-015-4186-6,"mp-9125,mvc-1657", icsd-74539,Journal of Materials Science: Materials in Electronics,2015
683,CaSb2O6Eu0.05Bi0.04,CaSb2O6,Eu3+,0.05,Bi3+,0.04,298,612,0.6498,0.3499,,,,394,394,,,,612,https://doi.org/10.1007/s10854-015-4186-6,"mp-9125,mvc-1657", icsd-74539,Journal of Materials Science: Materials in Electronics,2015
684,CaSb2O6Eu0.05Bi0.04,CaSb2O6,Eu3+,0.05,Bi3+,0.04,298,612,0.6498,0.3499,,,,394,394,,,,612,https://doi.org/10.1007/s10854-015-4186-6,"mp-9125,mvc-1657", icsd-74539,Journal of Materials Science: Materials in Electronics,2015
685,Ba0.88ZrGe3O9Eu0.08,Ba0.88ZrGe3O9,Eu3+,0.08,,,298,612,0.656,0.344,37.4,,573,394,394,,,,612,https://doi.org/10.1021/acs.inorgchem.7b00591,,,Inorganic Chemistry,2017
686,Ca19Mg2P14O56Eu0.06,Ca19Mg2P14O56,Eu3+,0.06,,,298,612,0.658,0.342,,,543,393,393,,,1820000,612,https://doi.org/10.1039/C3TC31263A,mp-1228644,,Journal of Materials Chemistry C,2013
687,KNaCa2P2O8Eu0.008Mn0.1,KNaCa2P2O8,Eu2+,0.008,Mn2+,0.1,298,612,0.4,0.335,31,,550,365,365,,,410,472,https://doi.org/10.1021/ic402305x,,,Inorganic Chemistry,2013
688,KNaCa2P2O8Eu0.008Mn0.15,KNaCa2P2O8,Eu2+,0.008,Mn2+,0.15,298,612,0.43,0.34,38,,,365,365,,,360,472,https://doi.org/10.1021/ic402305x,,,Inorganic Chemistry,2013
689,KNaCa2P2O8Eu0.008Mn0.2,KNaCa2P2O8,Eu2+,0.008,Mn2+,0.2,298,612,0.44,0.34,37,,,365,365,,,280,472,https://doi.org/10.1021/ic402305x,,,Inorganic Chemistry,2013
690,KNaCa2P2O8Eu0.008Mn0.25,KNaCa2P2O8,Eu2+,0.008,Mn2+,0.25,298,612,0.4506,0.351,24,,,365,365,,,230,472,https://doi.org/10.1021/ic402305x,,,Inorganic Chemistry,2013
691,Ba3In3.88P6O24Eu0.03,Ba3In3.88P6O24,Eu3+,0.03,,,298,612,0.6439,0.3557,35.4,,,232,390,465,,,612,https://doi.org/10.1016/j.jallcom.2019.05.059,,,Journal of Alloys and Compounds,2019
692,Ba3In3.96P6O24Eu0.01,Ba3In3.96P6O24,Eu3+,0.01,,,298,612,0.6341,0.3655,,,,232,232,,,,612,https://doi.org/10.1016/j.jallcom.2019.05.059,,,Journal of Alloys and Compounds,2019
693,Ba3In3.94P6O24Eu0.01Tb0.005,Ba3In3.94P6O24,Eu3+,0.01,Tb3+,0.005,298,612,0.5093,0.3226,,,,233,,,,,,https://doi.org/10.1016/j.jallcom.2019.05.059,,,Journal of Alloys and Compounds,2019
694,Ba3In3.93P6O24Eu0.01Tb0.0075,Ba3In3.93P6O24,Eu3+,0.01,Tb3+,0.0075,298,612,0.3837,0.3331,,,,233,,,,,,https://doi.org/10.1016/j.jallcom.2019.05.059,,,Journal of Alloys and Compounds,2019
695,Ba3In3.92P6O24Eu0.01Tb0.01,Ba3In3.92P6O24,Eu3+,0.01,Tb3+,0.01,298,612,0.3769,0.3489,,,,233,,,,,,https://doi.org/10.1016/j.jallcom.2019.05.059,,,Journal of Alloys and Compounds,2019
696,Ba3In3.86P6O24Tb0.015Eu0.02,Ba3In3.86P6O24,Tb3+,0.015,Eu3+,0.02,298,612,0.4011,0.3812,22.5,,473,233,,,,3800000,549,https://doi.org/10.1016/j.jallcom.2019.05.059,,,Journal of Alloys and Compounds,2019
697,Ba3In3.82P6O24Tb0.015Eu0.03,Ba3In3.82P6O24,Tb3+,0.015,Eu3+,0.03,298,612,0.425,0.3701,25.3,,,233,,,,4000000,549,https://doi.org/10.1016/j.jallcom.2019.05.059,,,Journal of Alloys and Compounds,2019
698,Ba3In3.78P6O24Tb0.015Eu0.04,Ba3In3.78P6O24,Tb3+,0.015,Eu3+,0.04,298,612,0.452,0.3586,,,,233,,,,3860000,549,https://doi.org/10.1016/j.jallcom.2019.05.059,,,Journal of Alloys and Compounds,2019
699,Ba3In3.74P6O24Tb0.015Eu0.05,Ba3In3.74P6O24,Tb3+,0.015,Eu3+,0.05,298,612,0.4675,0.352,,,,233,,,,3980000,549,https://doi.org/10.1016/j.jallcom.2019.05.059,,,Journal of Alloys and Compounds,2019
700,Ca18Li3Bi0.8P14O56Eu0.2,Ca18Li3Bi0.8P14O56,Eu3+,0.2,,,298,612,0.6275,0.3404,,,,394,394,376,463,1750000,612,https://doi.org/10.1039/C8DT04047H,,,Dalton Transactions,2019
701,Ca18Li3Bi0.6P14O56Eu0.4,Ca18Li3Bi0.6P14O56,Eu3+,0.4,,,298,612,0.6442,0.3432,,,,394,394,376,463,1820000,612,https://doi.org/10.1039/C8DT04047H,,,Dalton Transactions,2019
702,Ca18Li3Bi0.4P14O56Eu0.6,Ca18Li3Bi0.4P14O56,Eu3+,0.6,,,298,612,0.638,0.3478,,,403,394,394,376,463,1890000,612,https://doi.org/10.1039/C8DT04047H,,,Dalton Transactions,2019
703,Ca18Li3Bi0.4P14O56Eu0.6,Ca18Li3Bi0.4P14O56,Eu3+,0.6,,,333,612,,,,,,394,,,,1800000,,https://doi.org/10.1039/C8DT04047H,,,Dalton Transactions,2019
704,Ca18Li3Bi0.4P14O56Eu0.6,Ca18Li3Bi0.4P14O56,Eu3+,0.6,,,363,612,,,,,,394,,,,1790000,,https://doi.org/10.1039/C8DT04047H,,,Dalton Transactions,2019
705,Ca18Li3Bi0.4P14O56Eu0.6,Ca18Li3Bi0.4P14O56,Eu3+,0.6,,,393,612,,,,,,394,,,,1780000,,https://doi.org/10.1039/C8DT04047H,,,Dalton Transactions,2019
706,Ca18Li3Bi0.4P14O56Eu0.6,Ca18Li3Bi0.4P14O56,Eu3+,0.6,,,423,612,,,,,,394,,,,1770000,,https://doi.org/10.1039/C8DT04047H,,,Dalton Transactions,2019
707,Ca18Li3Bi0.4P14O56Eu0.6,Ca18Li3Bi0.4P14O56,Eu3+,0.6,,,453,612,,,,,,394,,,,1720000,,https://doi.org/10.1039/C8DT04047H,,,Dalton Transactions,2019
708,Ca18Li3Bi0.4P14O56Eu0.6,Ca18Li3Bi0.4P14O56,Eu3+,0.6,,,483,612,,,,,,394,,,,1710000,,https://doi.org/10.1039/C8DT04047H,,,Dalton Transactions,2019
709,Ca18Li3Bi0.2P14O56Eu0.8,Ca18Li3Bi0.2P14O56,Eu3+,0.8,,,298,612,0.63,0.3491,,,,394,394,376,463,1860000,612,https://doi.org/10.1039/C8DT04047H,,,Dalton Transactions,2019
710,Ca18Li3P14O56Eu1,Ca18Li3P14O56,Eu3+,1,,,298,612,0.6211,0.3507,,,,394,394,376,463,1810000,612,https://doi.org/10.1039/C8DT04047H,,,Dalton Transactions,2019
711,Ca1.96Si5N8Eu0.04,Ca1.96Si5N8,Eu2+,0.04,,,298,612,0.598,0.398,50,,458,450,,,,,,https://doi.org/10.1111/j.1744-7402.2009.02370.x,"mp-28922,mp-570645", icsd-79070 icsd-419318,International Journal of Applied Ceramic Technology,2009
712,Ba2YB2O6ClEu0.04Bi0.0005,Ba2YB2O6Cl,Eu3+,0.04,Bi3+,0.0005,298,612,0.265,0.291,,,,336,,,,,,https://doi.org/10.1021/acs.jpcc.7b00019,mp-866310, icsd-262072,Journal of Physical Chemistry C,2017
713,Ba2YB2O6ClEu0.04Bi0.001,Ba2YB2O6Cl,Eu3+,0.04,Bi3+,0.001,298,612,0.253,0.3049,,,,336,,,,,,https://doi.org/10.1021/acs.jpcc.7b00019,mp-866310, icsd-262072,Journal of Physical Chemistry C,2017
714,Ba2YB2O6ClEu0.04Bi0.002,Ba2YB2O6Cl,Eu3+,0.04,Bi3+,0.002,298,612,0.2984,0.3098,,,,336,,,,,,https://doi.org/10.1021/acs.jpcc.7b00019,mp-866310, icsd-262072,Journal of Physical Chemistry C,2017
715,Ba2YB2O6ClEu0.04Bi0.005,Ba2YB2O6Cl,Eu3+,0.04,Bi3+,0.005,298,612,0.3175,0.3192,,,,336,,,,,,https://doi.org/10.1021/acs.jpcc.7b00019,mp-866310, icsd-262072,Journal of Physical Chemistry C,2017
716,Ba2YB2O6ClEu0.04Bi0.01,Ba2YB2O6Cl,Eu3+,0.04,Bi3+,0.01,298,612,0.3723,0.3241,,,,336,,,,,,https://doi.org/10.1021/acs.jpcc.7b00019,mp-866310, icsd-262072,Journal of Physical Chemistry C,2017
717,Ba2YB2O6ClEu0.04Bi0.02,Ba2YB2O6Cl,Eu3+,0.04,Bi3+,0.02,298,612,0.4083,0.3283,,,,336,,,,,,https://doi.org/10.1021/acs.jpcc.7b00019,mp-866310, icsd-262072,Journal of Physical Chemistry C,2017
718,Ba2YB2O6ClEu0.04Bi0.01,Ba2YB2O6Cl,Eu3+,0.04,Bi3+,0.01,298,612,0.3476,0.1783,,,,372,,,,,,https://doi.org/10.1021/acs.jpcc.7b00019,mp-866310, icsd-262072,Journal of Physical Chemistry C,2017
719,Ba2YB2O6ClEu0.04Bi0.02,Ba2YB2O6Cl,Eu3+,0.04,Bi3+,0.02,298,612,0.3865,0.2053,,,,372,,,,,,https://doi.org/10.1021/acs.jpcc.7b00019,mp-866310, icsd-262072,Journal of Physical Chemistry C,2017
720,Ba2YB2O6ClBi0.002Eu0.002,Ba2YB2O6Cl,Bi3+,0.002,Eu3+,0.002,298,612,0.1982,0.292,,,,336,336,393,467,999000,612,https://doi.org/10.1021/acs.jpcc.7b00019,mp-866310, icsd-262072,Journal of Physical Chemistry C,2017
721,Ba2YB2O6ClBi0.002Eu0.005,Ba2YB2O6Cl,Bi3+,0.002,Eu3+,0.005,298,612,0.2147,0.3,,,,336,336,393,467,1036000,612,https://doi.org/10.1021/acs.jpcc.7b00019,mp-866310, icsd-262072,Journal of Physical Chemistry C,2017
722,Ba2YB2O6ClBi0.002Eu0.01,Ba2YB2O6Cl,Bi3+,0.002,Eu3+,0.01,298,612,0.2312,0.2974,,,,336,336,393,467,1095000,612,https://doi.org/10.1021/acs.jpcc.7b00019,mp-866310, icsd-262072,Journal of Physical Chemistry C,2017
723,Ba2YB2O6ClBi0.002Eu0.02,Ba2YB2O6Cl,Bi3+,0.002,Eu3+,0.02,298,612,0.2525,0.3062,,,,336,336,393,467,1113000,612,https://doi.org/10.1021/acs.jpcc.7b00019,mp-866310, icsd-262072,Journal of Physical Chemistry C,2017
724,Ba2YB2O6ClBi0.002Eu0.04,Ba2YB2O6Cl,Bi3+,0.002,Eu3+,0.04,298,612,0.2941,0.3047,,,,336,336,393,467,1203000,612,https://doi.org/10.1021/acs.jpcc.7b00019,mp-866310, icsd-262072,Journal of Physical Chemistry C,2017
725,Ba2YB2O6ClBi0.002Eu0.06,Ba2YB2O6Cl,Bi3+,0.002,Eu3+,0.06,298,612,0.3068,0.3084,,,,336,336,393,467,1152000,612,https://doi.org/10.1021/acs.jpcc.7b00019,mp-866310, icsd-262072,Journal of Physical Chemistry C,2017
726,Ba2YB2O6ClBi0.002Eu0.08,Ba2YB2O6Cl,Bi3+,0.002,Eu3+,0.08,298,612,0.2911,0.3071,,,,336,336,393,467,1042000,612,https://doi.org/10.1021/acs.jpcc.7b00019,mp-866310, icsd-262072,Journal of Physical Chemistry C,2017
727,CaLa0.98B7O13Eu0.02,CaLa0.98B7O13,Eu3+,0.02,,,298,613,0.544,0.455,13.2,,,395,,,,,613,https://doi.org/10.1016/j.ijleo.2017.10.161,,,Optik,2018
728,CaLa0.92B7O13Eu0.08,CaLa0.92B7O13,Eu3+,0.08,,,298,613,0.564,0.435,16.1,,,395,,,,,613,https://doi.org/10.1016/j.ijleo.2017.10.161,,,Optik,2018
729,CaLa0.85B7O13Eu0.15,CaLa0.85B7O13,Eu3+,0.15,,,298,613,0.579,0.418,18.9,,,395,,,,,613,https://doi.org/10.1016/j.ijleo.2017.10.161,,,Optik,2018
730,CaLa0.65B7O13Eu0.35,CaLa0.65B7O13,Eu3+,0.35,,,298,613,0.611,0.388,15.6,,,395,395,378,465,,613,https://doi.org/10.1016/j.ijleo.2017.10.161,,,Optik,2018
731,CaLa0.55B7O13Eu0.45,CaLa0.55B7O13,Eu3+,0.45,,,298,613,0.607,0.393,12.6,,,395,,,,,613,https://doi.org/10.1016/j.ijleo.2017.10.161,,,Optik,2018
732,CaLa0.45B7O13Eu0.55,CaLa0.45B7O13,Eu3+,0.55,,,298,613,0.594,0.405,10.1,,,395,,,,,613,https://doi.org/10.1016/j.ijleo.2017.10.161,,,Optik,2018
733,Gd1.86ZnTiO6Eu0.14,Gd1.86ZnTiO6,Eu3+,0.14,,,298,613,0.662,0.338,,,425,270,270,396,464,614000,613,https://doi.org/10.1039/C8RA00700D,mp-1105276, icsd-251934,RSC Advances,2018
734,Ba2Y1.70Si4O13Bi0.03Eu0.12,Ba2Y1.70Si4O13,Bi3+,0.03,Eu3+,0.12,298,613,0.253,0.349,,,,342,,,,469,503,https://doi.org/10.1111/jace.16048,,,Journal of the American Ceramic Society,2018
735,Ba2Y1.62Si4O13Bi0.03Eu0.16,Ba2Y1.62Si4O13,Bi3+,0.03,Eu3+,0.16,298,613,0.246,0.351,,,,342,,,,462,503,https://doi.org/10.1111/jace.16048,,,Journal of the American Ceramic Society,2018
736,Ba2Y1.54Si4O13Bi0.03Eu0.2,Ba2Y1.54Si4O13,Bi3+,0.03,Eu3+,0.2,298,613,0.288,0.35,,,525,342,,,,457,503,https://doi.org/10.1111/jace.16048,,,Journal of the American Ceramic Society,2018
737,Ba2Y1.5Si4O13Bi0.03Eu0.22,Ba2Y1.5Si4O13,Bi3+,0.03,Eu3+,0.22,298,613,0.255,0.35,,,,342,,,,447,503,https://doi.org/10.1111/jace.16048,,,Journal of the American Ceramic Society,2018
738,Ba2Y1.70Si4O13Bi0.03Eu0.12,Ba2Y1.70Si4O13,Bi3+,0.03,Eu3+,0.12,298,613,0.326,0.15,,,,373,,,,137,414,https://doi.org/10.1111/jace.16048,,,Journal of the American Ceramic Society,2018
739,Ba2Y1.62Si4O13Bi0.03Eu0.16,Ba2Y1.62Si4O13,Bi3+,0.03,Eu3+,0.16,298,613,0.371,0.176,,,,373,,,,129,414,https://doi.org/10.1111/jace.16048,,,Journal of the American Ceramic Society,2018
740,Ba2Y1.54Si4O13Bi0.03Eu0.2,Ba2Y1.54Si4O13,Bi3+,0.03,Eu3+,0.2,298,613,0.415,0.205,,,,373,,,,122,414,https://doi.org/10.1111/jace.16048,,,Journal of the American Ceramic Society,2018
741,Ba2Y1.5Si4O13Bi0.03Eu0.22,Ba2Y1.5Si4O13,Bi3+,0.03,Eu3+,0.22,298,613,0.438,0.217,,,,373,,,,120,414,https://doi.org/10.1111/jace.16048,,,Journal of the American Ceramic Society,2018
742,Na2CaSiO4Eu0.12,Na2CaSiO4,Eu3+,0.12,,,298,613,0.66,0.34,58.9,,,393,393,460,380,,613,https://doi.org/10.1016/j.materresbull.2011.03.001,mp-555342, icsd-24235,Materials Research Bulletin,2011
743,Ca3P2O8Eu0.04,Ca3P2O8,Eu3+,0.04,,,298,613,0.653,0.346,,,,395,395,375,320,,613,https://doi.org/10.1016/j.optmat.2012.12.023,"mp-1197377,mp-531132,mp-3487,mp-753711,mp-686015", icsd-923 icsd-200202 icsd-188081 icsd-158736,Optical Materials,2013
744,Ca9.9LiP7O28Eu0.1,Ca9.9LiP7O28,Eu3+,0.1,,,298,613,0.638,0.361,75,,,393,393,465,,,613,https://doi.org/10.1016/S1002-0721(10)60476-0,,,Journal of Rare Earths,2011
745,Sr3Y0.94P3O12Eu0.06,Sr3Y0.94P3O12,Eu3+,0.06,,,298,613,0.64,0.33,75,,,392,392,,,2400000,613,https://doi.org/10.1016/j.ceramint.2012.02.080,,,Ceramics International,2012
746,NaBaY0.3B2O6Eu0.7,NaBaY0.3B2O6,Eu3+,0.7,,,298,613,,,48,,498,394,394,465,,7380000,613,https://doi.org/10.1016/j.dyepig.2017.04.008,mp-1182342,,Dyes and Pigments,2017
747,KBaY0.3B2O6Eu0.7,KBaY0.3B2O6,Eu3+,0.7,,,298,613,,,31.1,,553,394,394,465,,5130000,613,https://doi.org/10.1016/j.dyepig.2017.04.008,,,Dyes and Pigments,2017
748,Ba2CaZn2Si6O17Eu0.005,Ba2CaZn2Si6O17,Eu3+,0.005,,,298,613,,,,,,395,395,466,,2244000,613,https://doi.org/10.1016/j.jlumin.2015.03.007,,,Journal of Luminescence,2016
749,Ba2CaZn2Si6O17Eu0.01,Ba2CaZn2Si6O17,Eu3+,0.01,,,298,613,,,,,,395,395,466,,2109000,613,https://doi.org/10.1016/j.jlumin.2015.03.007,,,Journal of Luminescence,2016
750,Ba2CaZn2Si6O17Eu0.03,Ba2CaZn2Si6O17,Eu3+,0.03,,,298,613,,,,,,395,395,466,,1894000,613,https://doi.org/10.1016/j.jlumin.2015.03.007,,,Journal of Luminescence,2016
751,Ba2CaZn2Si6O17Eu0.05,Ba2CaZn2Si6O17,Eu3+,0.05,,,298,613,,,,,,395,395,466,,1886000,613,https://doi.org/10.1016/j.jlumin.2015.03.007,,,Journal of Luminescence,2016
752,Ba2CaZn2Si6O17Eu0.07,Ba2CaZn2Si6O17,Eu3+,0.07,,,298,613,,,,,,395,395,466,,1776000,613,https://doi.org/10.1016/j.jlumin.2015.03.007,,,Journal of Luminescence,2016
753,Ba2CaZn2Si6O17Eu0.09,Ba2CaZn2Si6O17,Eu3+,0.09,,,298,613,0.637,0.362,11.2,,,395,395,466,,1765000,613,https://doi.org/10.1016/j.jlumin.2015.03.007,,,Journal of Luminescence,2016
754,Ba2CaZn2Si6O17Eu0.11,Ba2CaZn2Si6O17,Eu3+,0.11,,,298,613,,,,,,395,395,466,,1633000,613,https://doi.org/10.1016/j.jlumin.2015.03.007,,,Journal of Luminescence,2016
755,SrLa1.5Mg2W2O12Eu0.5,SrLa1.5Mg2W2O12,Eu3+,0.5,,,298,613,0.66,0.34,27.1,,,464,464,530,,,613,https://doi.org/10.1016/j.ceramint.2013.01.013,mp-1223130,,Ceramics International,2013
756,SrLa1.5Mg2W2O12Eu0.5,SrLa1.5Mg2W2O12,Eu3+,0.5,,,298,613,,,8.8,,,395,,,,,,https://doi.org/10.1016/j.ceramint.2013.01.013,mp-1223130,,Ceramics International,2013
757,Ca1.99Na1.01Zn2V3O12Eu0.01,Ca1.99Na1.01Zn2V3O12,Eu3+,0.01,,,298,613,0.2759,0.3837,,,,365,365,,,,497,https://doi.org/10.1016/j.jpcs.2013.05.002,mp-706235,,Journal of Physics and Chemistry of Solids,2013
758,Ca1.97Na1.03Zn2V3O12Eu0.03,Ca1.97Na1.03Zn2V3O12,Eu3+,0.03,,,298,613,0.2688,0.3711,,,,365,365,,,8730000,497,https://doi.org/10.1016/j.jpcs.2013.05.002,mp-706235,,Journal of Physics and Chemistry of Solids,2013
759,Ca1.92Na1.08Zn2V3O12Eu0.08,Ca1.92Na1.08Zn2V3O12,Eu3+,0.08,,,298,613,0.2914,0.3591,17.4,,,365,365,,,,497,https://doi.org/10.1016/j.jpcs.2013.05.002,mp-706235,,Journal of Physics and Chemistry of Solids,2013
760,Ca1.9Na1.1Zn2V3O12Eu0.1,Ca1.9Na1.1Zn2V3O12,Eu3+,0.1,,,298,613,0.3154,0.406,,,,365,365,,,,497,https://doi.org/10.1016/j.jpcs.2013.05.002,mp-706235,,Journal of Physics and Chemistry of Solids,2013
761,SrBi1.96TeO7Eu0.02,SrBi1.96TeO7,Eu3+,0.02,,,298,613,,,,,,465,465,394,,2360000,613,https://doi.org/10.1016/j.materresbull.2017.08.002,,,Materials Research Bulletin,2017
762,SrBi1.7TeO7Eu0.15,SrBi1.7TeO7,Eu3+,0.15,,,298,613,,,,,,465,465,394,,1430000,613,https://doi.org/10.1016/j.materresbull.2017.08.002,,,Materials Research Bulletin,2017
763,SrBi1.4TeO7Eu0.3,SrBi1.4TeO7,Eu3+,0.3,,,298,613,0.64,0.35,39.42,5.4,403,465,465,394,,850000,613,https://doi.org/10.1016/j.materresbull.2017.08.002,,,Materials Research Bulletin,2017
764,SrBi1.4TeO7Eu0.3,SrBi1.4TeO7,Eu3+,0.3,,,298,613,0.62,0.34,,,,394,465,394,,,613,https://doi.org/10.1016/j.materresbull.2017.08.002,,,Materials Research Bulletin,2017
765,Gd2.9Zn2Nb3O14Eu0.1,Gd2.9Zn2Nb3O14,Eu3+,0.1,,,298,613,0.59,0.34,20.17,,,392,392,465,,630000,613,https://doi.org/10.1016/j.jallcom.2018.04.135,,,Journal of Alloys and Compounds,2018
766,Gd2.8Zn2Nb3O14Eu0.2,Gd2.8Zn2Nb3O14,Eu3+,0.2,,,298,613,0.62,0.34,20.41,,,392,392,465,,640000,613,https://doi.org/10.1016/j.jallcom.2018.04.135,,,Journal of Alloys and Compounds,2018
767,Gd2.7Zn2Nb3O14Eu0.3,Gd2.7Zn2Nb3O14,Eu3+,0.3,,,298,613,0.63,0.35,20.82,,,392,392,465,,640000,613,https://doi.org/10.1016/j.jallcom.2018.04.135,,,Journal of Alloys and Compounds,2018
768,Gd2.6Zn2Nb3O14Eu0.4,Gd2.6Zn2Nb3O14,Eu3+,0.4,,,298,613,0.64,0.35,21.07,,,392,392,465,,650000,613,https://doi.org/10.1016/j.jallcom.2018.04.135,,,Journal of Alloys and Compounds,2018
769,Gd2.5Zn2Nb3O14Eu0.5,Gd2.5Zn2Nb3O14,Eu3+,0.5,,,298,613,0.65,0.35,20.24,,,392,392,465,,620000,613,https://doi.org/10.1016/j.jallcom.2018.04.135,,,Journal of Alloys and Compounds,2018
770,Na1.98Ca1.98Nb4O13Eu0.02,Na1.98Ca1.98Nb4O13,Eu3+,0.02,,,298,613,,,,,,395,395,465,530,736500,613,https://doi.org/10.1016/j.jlumin.2018.12.064,,,Journal of Luminescence,2019
771,Na1.96Ca1.96Nb4O13Eu0.04,Na1.96Ca1.96Nb4O13,Eu3+,0.04,,,298,613,,,,,,395,395,465,530,723500,613,https://doi.org/10.1016/j.jlumin.2018.12.064,,,Journal of Luminescence,2019
772,Na1.94Ca1.94Nb4O13Eu0.06,Na1.94Ca1.94Nb4O13,Eu3+,0.06,,,298,613,,,,,,395,395,465,530,590200,613,https://doi.org/10.1016/j.jlumin.2018.12.064,,,Journal of Luminescence,2019
773,Na1.92Ca1.92Nb4O13Eu0.08,Na1.92Ca1.92Nb4O13,Eu3+,0.08,,,298,613,,,,,,395,395,465,530,534100,613,https://doi.org/10.1016/j.jlumin.2018.12.064,,,Journal of Luminescence,2019
774,Na1.9Ca1.9Nb4O13Eu0.1,Na1.9Ca1.9Nb4O13,Eu3+,0.1,,,298,613,0.6312,0.3684,,,440,395,395,465,530,459600,613,https://doi.org/10.1016/j.jlumin.2018.12.064,,,Journal of Luminescence,2019
775,Na1.88Ca1.88Nb4O13Eu0.12,Na1.88Ca1.88Nb4O13,Eu3+,0.12,,,298,613,,,,,,395,395,465,530,431800,613,https://doi.org/10.1016/j.jlumin.2018.12.064,,,Journal of Luminescence,2019
776,Bi2MoO6,Bi2MoO6,,,,,298,613,0.203,0.326,,,,328,,,,,613,https://doi.org/10.1039/C5RA03913D,"mp-23064,mp-23423,mp-555748,mp-555658", icsd-14266 icsd-47139 icsd-201685 icsd-92326 icsd-78179 icsd-17070 icsd-37251,RSC Advances,2015
777,Bi2MoO6Eu0.01,Bi2MoO6,Eu3+,0.01,,,298,613,0.271,0.33,,,,328,465,,,,613,https://doi.org/10.1039/C5RA03913D,"mp-23064,mp-23423,mp-555748,mp-555658", icsd-14266 icsd-47139 icsd-201685 icsd-92326 icsd-78179 icsd-17070 icsd-37251,RSC Advances,2015
778,Bi2MoO6Eu0.05,Bi2MoO6,Eu3+,0.05,,,298,613,0.299,0.303,,,,328,465,,,1748000,613,https://doi.org/10.1039/C5RA03913D,"mp-23064,mp-23423,mp-555748,mp-555658", icsd-14266 icsd-47139 icsd-201685 icsd-92326 icsd-78179 icsd-17070 icsd-37251,RSC Advances,2015
779,Bi2MoO6Eu0.1,Bi2MoO6,Eu3+,0.1,,,298,613,0.401,0.315,,,,328,465,,,,613,https://doi.org/10.1039/C5RA03913D,"mp-23064,mp-23423,mp-555748,mp-555658", icsd-14266 icsd-47139 icsd-201685 icsd-92326 icsd-78179 icsd-17070 icsd-37251,RSC Advances,2015
780,Bi2MoO6Eu0.15,Bi2MoO6,Eu3+,0.15,,,298,613,0.496,0.343,,,,328,465,,,663000,613,https://doi.org/10.1039/C5RA03913D,"mp-23064,mp-23423,mp-555748,mp-555658", icsd-14266 icsd-47139 icsd-201685 icsd-92326 icsd-78179 icsd-17070 icsd-37251,RSC Advances,2015
781,Bi2MoO6Eu0.2,Bi2MoO6,Eu3+,0.2,,,298,613,0.226,0.206,,,,328,465,,,,613,https://doi.org/10.1039/C5RA03913D,"mp-23064,mp-23423,mp-555748,mp-555658", icsd-14266 icsd-47139 icsd-201685 icsd-92326 icsd-78179 icsd-17070 icsd-37251,RSC Advances,2015
782,Gd6MoO12Eu0.25,Gd6MoO12,Eu3+,0.25,,,298,613,0.655,0.345,62,,473,394,394,465,,275000,613,https://doi.org/10.1007/s11051-013-1940-7,,,Journal of Nanoparticle Research,2013
783,Gd6MoO12Eu0.25,Gd6MoO12,Eu3+,0.25,,,298,613,,,43,,,320,,,,,,https://doi.org/10.1007/s11051-013-1940-7,,,Journal of Nanoparticle Research,2013
784,Gd6MoO12Eu0.25,Gd6MoO12,Eu3+,0.25,,,298,613,,,25,,,450,,,,,,https://doi.org/10.1007/s11051-013-1940-7,,,Journal of Nanoparticle Research,2013
785,Ba4La5.64Si6O25Eu0.06,Ba4La5.64Si6O25,Eu3+,0.06,,,298,613,0.634,0.365,65,,418,394,394,,,1560000,613,https://doi.org/10.1039/C5TC03919C,,,Journal of Materials Chemistry C,2016
786,Sr3Y0.94P3O12Eu0.06,Sr3Y0.94P3O12,Eu3+,0.06,,,298,613,0.64,0.33,75,,,392,392,,,2400000,613,https://doi.org/10.1016/j.poly.2016.09.001,,,Polyhedron,2016
787,Mg2Y8Si6O26Mn0.18,Mg2Y8Si6O26,Mn2+,0.18,,,298,613,0.522,0.332,0.105,,,409,409,,,,613,https://doi.org/10.1021/jp204824d,,,Journal of Physical Chemistry C,2011
788,Mg2Y8Si6O26Ce0.01Mn0.05,Mg2Y8Si6O26,Ce3+,0.01,Mn2+,0.05,298,613,0.32,0.252,54,,,292,,,,38.8,425,https://doi.org/10.1021/jp204824d,,,Journal of Physical Chemistry C,2011
789,Mg2Y8Si6O26Ce0.01Mn0.07,Mg2Y8Si6O26,Ce3+,0.01,Mn2+,0.07,298,613,0.335,0.261,45,,,292,,,,31.5,425,https://doi.org/10.1021/jp204824d,,,Journal of Physical Chemistry C,2011
790,Mg2Y8Si6O26Ce0.01Mn0.09,Mg2Y8Si6O26,Ce3+,0.01,Mn2+,0.09,298,613,0.361,0.274,38,,,292,,,,,,https://doi.org/10.1021/jp204824d,,,Journal of Physical Chemistry C,2011
791,Mg2Y8Si6O26Ce0.01Mn0.15,Mg2Y8Si6O26,Ce3+,0.01,Mn2+,0.15,298,613,0.461,0.324,39,,,292,,,,,,https://doi.org/10.1021/jp204824d,,,Journal of Physical Chemistry C,2011
792,Mg2Y8Si6O26Ce0.01Mn0.2,Mg2Y8Si6O26,Ce3+,0.01,Mn2+,0.2,298,613,0.498,0.34,36,,,292,,,,,,https://doi.org/10.1021/jp204824d,,,Journal of Physical Chemistry C,2011
793,Mg2Y8Si6O26Ce0.01Mn0.25,Mg2Y8Si6O26,Ce3+,0.01,Mn2+,0.25,298,613,0.528,0.352,43,,,292,,,,,,https://doi.org/10.1021/jp204824d,,,Journal of Physical Chemistry C,2011
794,Mg2Y8Si6O26Ce0.01Mn0.3,Mg2Y8Si6O26,Ce3+,0.01,Mn2+,0.3,298,613,0.544,0.357,46,,,292,,,,,,https://doi.org/10.1021/jp204824d,,,Journal of Physical Chemistry C,2011
795,Mg2Y8Si6O26Ce0.01Mn0.4,Mg2Y8Si6O26,Ce3+,0.01,Mn2+,0.4,298,613,0.572,0.356,26,,,292,,,,,,https://doi.org/10.1021/jp204824d,,,Journal of Physical Chemistry C,2011
796,Mg2Y8Si6O26Ce0.01Mn0.5,Mg2Y8Si6O26,Ce3+,0.01,Mn2+,0.5,298,613,0.589,0.355,21,,,292,,,,,,https://doi.org/10.1021/jp204824d,,,Journal of Physical Chemistry C,2011
797,Mg2Y8Si6O26Ce0.001Mn0.05,Mg2Y8Si6O26,Ce3+,0.001,Mn2+,0.05,298,613,0.319,0.247,19,,,292,,,,,,https://doi.org/10.1021/jp204824d,,,Journal of Physical Chemistry C,2011
798,Mg2Y8Si6O26Ce0.003Mn0.05,Mg2Y8Si6O26,Ce3+,0.003,Mn2+,0.05,298,613,0.315,0.245,34,,,292,,,,,,https://doi.org/10.1021/jp204824d,,,Journal of Physical Chemistry C,2011
799,Mg2Y8Si6O26Ce0.005Mn0.05,Mg2Y8Si6O26,Ce3+,0.005,Mn2+,0.05,298,613,0.329,0.257,32,,,292,,,,,,https://doi.org/10.1021/jp204824d,,,Journal of Physical Chemistry C,2011
800,Mg2Y8Si6O26Ce0.008Mn0.05,Mg2Y8Si6O26,Ce3+,0.008,Mn2+,0.05,298,613,0.333,0.26,44,,,292,,,,,,https://doi.org/10.1021/jp204824d,,,Journal of Physical Chemistry C,2011
801,Mg2Y8Si6O26Ce0.012Mn0.05,Mg2Y8Si6O26,Ce3+,0.012,Mn2+,0.05,298,613,0.321,0.253,53,,,292,,,,,,https://doi.org/10.1021/jp204824d,,,Journal of Physical Chemistry C,2011
802,Mg2Y8Si6O26Ce0.02Mn0.05,Mg2Y8Si6O26,Ce3+,0.02,Mn2+,0.05,298,613,0.323,0.262,51,,,292,,,,,,https://doi.org/10.1021/jp204824d,,,Journal of Physical Chemistry C,2011
803,NaGdW2O8Eu0.05,NaGdW2O8,Eu3+,0.05,,,298,613,0.65,0.32,,,,465,465,396,,,613,https://doi.org/10.1039/C3CE41712C,mp-1220735,,CrystEngComm,2014
804,Ba0.99MoO4Eu0.01,Ba0.99MoO4,Eu3+,0.01,,,298,613,0.64,0.359,,,,464,464,395,,,613,https://doi.org/10.1016/j.saa.2013.12.007,mp-19276, icsd-194082 icsd-161851 icsd-50821 icsd-155140 icsd-16166 icsd-56109 icsd-194083 icsd-250487 icsd-193795,Spectrochimica Acta - Part A: Molecular and Biomolecular Spectroscopy,2014
805,Ba0.97MoO4Eu0.03,Ba0.97MoO4,Eu3+,0.03,,,298,613,0.649,0.35,,,,464,464,395,,,613,https://doi.org/10.1016/j.saa.2013.12.007,mp-19276, icsd-194082 icsd-161851 icsd-50821 icsd-155140 icsd-16166 icsd-56109 icsd-194083 icsd-250487 icsd-193795,Spectrochimica Acta - Part A: Molecular and Biomolecular Spectroscopy,2014
806,Ba0.94MoO4Eu0.06,Ba0.94MoO4,Eu3+,0.06,,,298,613,0.655,0.344,,,,464,464,395,,,613,https://doi.org/10.1016/j.saa.2013.12.007,mp-19276, icsd-194082 icsd-161851 icsd-50821 icsd-155140 icsd-16166 icsd-56109 icsd-194083 icsd-250487 icsd-193795,Spectrochimica Acta - Part A: Molecular and Biomolecular Spectroscopy,2014
807,Ba0.91MoO4Eu0.09,Ba0.91MoO4,Eu3+,0.09,,,298,613,0.65,0.347,,,,464,464,395,,,613,https://doi.org/10.1016/j.saa.2013.12.007,mp-19276, icsd-194082 icsd-161851 icsd-50821 icsd-155140 icsd-16166 icsd-56109 icsd-194083 icsd-250487 icsd-193795,Spectrochimica Acta - Part A: Molecular and Biomolecular Spectroscopy,2014
808,Ba0.88MoO4Eu0.12,Ba0.88MoO4,Eu3+,0.12,,,298,613,0.647,0.647,,,,464,464,395,,,613,https://doi.org/10.1016/j.saa.2013.12.007,mp-19276, icsd-194082 icsd-161851 icsd-50821 icsd-155140 icsd-16166 icsd-56109 icsd-194083 icsd-250487 icsd-193795,Spectrochimica Acta - Part A: Molecular and Biomolecular Spectroscopy,2014
809,NaCa0.99BO3Eu0.01,NaCa0.99BO3,Eu3+,0.01,,,298,613,,,,,,395,395,381,465,1913000,613,https://doi.org/10.1016/j.ceramint.2014.06.034,,,Ceramics International,2014
810,NaCa0.97BO3Eu0.03,NaCa0.97BO3,Eu3+,0.03,,,298,613,,,,,,395,395,381,465,1874000,613,https://doi.org/10.1016/j.ceramint.2014.06.034,,,Ceramics International,2014
811,NaCa0.95BO3Eu0.05,NaCa0.95BO3,Eu3+,0.05,,,298,613,,,,,,395,395,381,465,1862000,613,https://doi.org/10.1016/j.ceramint.2014.06.034,,,Ceramics International,2014
812,NaCa0.93BO3Eu0.07,NaCa0.93BO3,Eu3+,0.07,,,298,613,,,,,,395,395,381,465,1845000,613,https://doi.org/10.1016/j.ceramint.2014.06.034,,,Ceramics International,2014
813,NaCa0.91BO3Eu0.09,NaCa0.91BO3,Eu3+,0.09,,,298,613,,,,,,395,395,381,465,1839000,613,https://doi.org/10.1016/j.ceramint.2014.06.034,,,Ceramics International,2014
814,NaCa0.89BO3Eu0.11,NaCa0.89BO3,Eu3+,0.11,,,298,613,0.608,0.387,,,,395,395,381,465,1831000,613,https://doi.org/10.1016/j.ceramint.2014.06.034,,,Ceramics International,2014
815,NaCa0.87BO3Eu0.13,NaCa0.87BO3,Eu3+,0.13,,,298,613,,,,,,395,395,381,465,1815000,613,https://doi.org/10.1016/j.ceramint.2014.06.034,,,Ceramics International,2014
816,NaCa0.85BO3Eu0.15,NaCa0.85BO3,Eu3+,0.15,,,298,613,,,,,,395,395,381,465,1792000,613,https://doi.org/10.1016/j.ceramint.2014.06.034,,,Ceramics International,2014
817,LiBa0.98BO3Eu0.02,LiBa0.98BO3,Eu3+,0.02,,,298,613,0.368,0.378,,,,325,325,,,,613,https://doi.org/10.1002/bio.3295,mp-6499, icsd-92843 icsd-73218,Luminescence,2017
818,LiBa0.975BO3Eu0.025,LiBa0.975BO3,Eu3+,0.025,,,298,613,0.376,0.366,,,,325,325,,,,613,https://doi.org/10.1002/bio.3295,mp-6499, icsd-92843 icsd-73218,Luminescence,2017
819,NaCaLaV2O8Eu0.45,NaCaLaV2O8,Eu3+,0.45,,,298,613,,,,,483,395,467,395,,630000,613,https://doi.org/10.1111/jace.12152,"mp-532028,mp-505741,mp-1182001", icsd-412273,Journal of the American Ceramic Society,2013
820,NaSrLaV2O8Eu0.45,NaSrLaV2O8,Eu3+,0.45,,,298,613,,,,,,395,,,,520000,613,https://doi.org/10.1111/jace.12152,mp-19386, icsd-73258 icsd-167701,Journal of the American Ceramic Society,2013
821,NaBaLaV2O8Eu0.45,NaBaLaV2O8,Eu3+,0.45,,,298,613,,,,,,395,,,,490000,613,https://doi.org/10.1111/jace.12152,mp-19365, icsd-78169 icsd-14237 icsd-167695,Journal of the American Ceramic Society,2013
822,NaCaLaV2O8Eu0.05,NaCaLaV2O8,Eu3+,0.05,,,298,613,0.662,0.334,,,,395,467,395,,,613,https://doi.org/10.1111/jace.12152,"mp-532028,mp-505741,mp-1182001", icsd-412273,Journal of the American Ceramic Society,2013
823,LaV2O8Eu0.05,LaV2O8,Eu3+,0.05,,,298,613,0.647,0.343,,,,395,395,,,,613,https://doi.org/10.1111/jace.12152,,,Journal of the American Ceramic Society,2013
824,Ca2Tb7.98Si6O26Eu0.02,Ca2Tb7.98Si6O26,Eu3+,0.02,,,298,613,0.612,0.354,,,,238,238,,,1279000,545,https://doi.org/10.1016/j.jlumin.2015.08.009,,,Journal of Luminescence,2015
825,Ca2Tb7.96Si6O26Eu0.04,Ca2Tb7.96Si6O26,Eu3+,0.04,,,298,613,0.623,0.35,,,,238,238,,,,613,https://doi.org/10.1016/j.jlumin.2015.08.009,,,Journal of Luminescence,2015
826,Ca2Tb7.94Si6O26Eu0.06,Ca2Tb7.94Si6O26,Eu3+,0.06,,,298,613,0.626,0.348,,52,563,238,238,,,,613,https://doi.org/10.1016/j.jlumin.2015.08.009,,,Journal of Luminescence,2015
827,Ca2Tb7.92Si6O26Eu0.08,Ca2Tb7.92Si6O26,Eu3+,0.08,,,298,613,0.628,0.347,,,,238,238,,,,613,https://doi.org/10.1016/j.jlumin.2015.08.009,,,Journal of Luminescence,2015
828,Ca9.99NaP7O28Eu0.01,Ca9.99NaP7O28,Eu3+,0.01,,,298,613,0.6065,0.3928,,,,393,393,380,464,,613,https://doi.org/10.1016/j.saa.2010.12.038,mp-1221168,,Spectrochimica Acta - Part A: Molecular and Biomolecular Spectroscopy,2011
829,Ca9.97NaP7O28Eu0.03,Ca9.97NaP7O28,Eu3+,0.03,,,298,613,0.6183,0.3812,,,,393,393,380,464,,613,https://doi.org/10.1016/j.saa.2010.12.038,mp-1221168,,Spectrochimica Acta - Part A: Molecular and Biomolecular Spectroscopy,2011
830,Ca9.95NaP7O28Eu0.05,Ca9.95NaP7O28,Eu3+,0.05,,,298,613,0.6229,0.3766,,,,393,393,380,464,,613,https://doi.org/10.1016/j.saa.2010.12.038,mp-1221168,,Spectrochimica Acta - Part A: Molecular and Biomolecular Spectroscopy,2011
831,Ca9.93NaP7O28Eu0.07,Ca9.93NaP7O28,Eu3+,0.07,,,298,613,0.6251,0.3745,,,,393,393,380,464,,613,https://doi.org/10.1016/j.saa.2010.12.038,mp-1221168,,Spectrochimica Acta - Part A: Molecular and Biomolecular Spectroscopy,2011
832,Ca9.91NaP7O28Eu0.09,Ca9.91NaP7O28,Eu3+,0.09,,,298,613,0.6269,0.3727,,,,393,393,380,464,,613,https://doi.org/10.1016/j.saa.2010.12.038,mp-1221168,,Spectrochimica Acta - Part A: Molecular and Biomolecular Spectroscopy,2011
833,Ca9.89NaP7O28Eu0.11,Ca9.89NaP7O28,Eu3+,0.11,,,298,613,0.6245,0.3751,,,,393,393,380,464,,613,https://doi.org/10.1016/j.saa.2010.12.038,mp-1221168,,Spectrochimica Acta - Part A: Molecular and Biomolecular Spectroscopy,2011
834,Ca9.87NaP7O28Eu0.13,Ca9.87NaP7O28,Eu3+,0.13,,,298,613,0.6236,0.376,,,,393,393,380,464,,613,https://doi.org/10.1016/j.saa.2010.12.038,mp-1221168,,Spectrochimica Acta - Part A: Molecular and Biomolecular Spectroscopy,2011
835,Ca9.85NaP7O28Eu0.15,Ca9.85NaP7O28,Eu3+,0.15,,,298,613,0.6265,0.3731,,,,393,393,380,464,,613,https://doi.org/10.1016/j.saa.2010.12.038,mp-1221168,,Spectrochimica Acta - Part A: Molecular and Biomolecular Spectroscopy,2011
836,La2.85YSnNbO10.5Eu0.15,La2.85YSnNbO10.5,Eu3+,0.15,,,298,613,,,46.51,,,392,392,463,380,860000,613,https://doi.org/10.1039/C8CP03863E,,,Physical Chemistry Chemical Physics,2018
837,Gd2.85YSnNbO10.5Eu0.15,Gd2.85YSnNbO10.5,Eu3+,0.15,,,298,613,,,40.1,,,392,392,463,380,1210000,613,https://doi.org/10.1039/C8CP03863E,,,Physical Chemistry Chemical Physics,2018
838,Y2.85YSnNbO10.5Eu0.15,Y2.85YSnNbO10.5,Eu3+,0.15,,,298,613,,,40.07,,,392,392,463,380,1110000,613,https://doi.org/10.1039/C8CP03863E,,,Physical Chemistry Chemical Physics,2018
839,Lu2.85YSnNbO10.5Eu0.15,Lu2.85YSnNbO10.5,Eu3+,0.15,,,298,613,,,38.86,,,392,392,463,380,1090000,613,https://doi.org/10.1039/C8CP03863E,,,Physical Chemistry Chemical Physics,2018
840,La2.9YSnNbO10.5Eu0.1,La2.9YSnNbO10.5,Eu3+,0.1,,,298,613,0.57,0.35,42.9,,,392,392,463,380,770000,613,https://doi.org/10.1039/C8CP03863E,,,Physical Chemistry Chemical Physics,2018
841,La2.7YSnNbO10.5Eu0.3,La2.7YSnNbO10.5,Eu3+,0.3,,,298,613,0.6,0.38,43.19,,,392,392,463,380,770000,613,https://doi.org/10.1039/C8CP03863E,,,Physical Chemistry Chemical Physics,2018
842,La2.5YSnNbO10.5Eu0.5,La2.5YSnNbO10.5,Eu3+,0.5,,,298,613,0.61,0.37,58.02,,,392,392,463,380,780000,613,https://doi.org/10.1039/C8CP03863E,,,Physical Chemistry Chemical Physics,2018
843,La2.25YSnNbO10.5Eu0.75,La2.25YSnNbO10.5,Eu3+,0.75,,,298,613,0.62,0.37,59.07,,,392,392,463,380,800000,613,https://doi.org/10.1039/C8CP03863E,,,Physical Chemistry Chemical Physics,2018
844,La2YSnNbO10.5Eu1,La2YSnNbO10.5,Eu3+,1,,,298,613,0.63,0.36,64.43,,,392,392,463,380,810000,613,https://doi.org/10.1039/C8CP03863E,,,Physical Chemistry Chemical Physics,2018
845,La1.75YSnNbO10.5Eu1.25,La1.75YSnNbO10.5,Eu3+,1.25,,,298,613,0.63,0.37,64.59,,,392,392,463,380,880000,613,https://doi.org/10.1039/C8CP03863E,,,Physical Chemistry Chemical Physics,2018
846,Ca2.97Mo0.2W0.8O6Eu0.03,Ca2.97Mo0.2W0.8O6,Eu3+,0.03,,,298,613,0.6422,0.3564,,,,365,,,,333270,613,https://doi.org/10.1016/j.jlumin.2020.117212,"mp-781505,mp-779906", icsd-262323,Journal of Luminescence,2020
847,Ca2.95Mo0.2W0.8O6Eu0.05,Ca2.95Mo0.2W0.8O6,Eu3+,0.05,,,298,613,0.6448,0.354,,,,365,,,,328570,613,https://doi.org/10.1016/j.jlumin.2020.117212,"mp-781505,mp-779906", icsd-262323,Journal of Luminescence,2020
848,Ca2.93Mo0.2W0.8O6Eu0.07,Ca2.93Mo0.2W0.8O6,Eu3+,0.07,,,298,613,0.646,0.3529,,,,365,,,,326110,613,https://doi.org/10.1016/j.jlumin.2020.117212,"mp-781505,mp-779906", icsd-262323,Journal of Luminescence,2020
849,Ca2.91Mo0.2W0.8O6Eu0.09,Ca2.91Mo0.2W0.8O6,Eu3+,0.09,,,298,613,0.6467,0.3521,22.4,8.7,355,365,,,,325140,613,https://doi.org/10.1016/j.jlumin.2020.117212,"mp-781505,mp-779906", icsd-262323,Journal of Luminescence,2020
850,Ca2.89Mo0.2W0.8O6Eu0.11,Ca2.89Mo0.2W0.8O6,Eu3+,0.11,,,298,613,0.6472,0.3517,,,,365,,,,322070,613,https://doi.org/10.1016/j.jlumin.2020.117212,"mp-781505,mp-779906", icsd-262323,Journal of Luminescence,2020
851,Ca2.87Mo0.2W0.8O6Eu0.13,Ca2.87Mo0.2W0.8O6,Eu3+,0.13,,,298,613,0.6478,0.3511,,,,365,,,,322030,613,https://doi.org/10.1016/j.jlumin.2020.117212,"mp-781505,mp-779906", icsd-262323,Journal of Luminescence,2020
852,Ca2.85Mo0.2W0.8O6Eu0.15,Ca2.85Mo0.2W0.8O6,Eu3+,0.15,,,298,613,0.6479,0.351,,,,365,,,,320870,613,https://doi.org/10.1016/j.jlumin.2020.117212,"mp-781505,mp-779906", icsd-262323,Journal of Luminescence,2020
853,Ca2.83Mo0.2W0.8O6Eu0.17,Ca2.83Mo0.2W0.8O6,Eu3+,0.17,,,298,613,0.647,0.3499,,,,365,,,,316190,613,https://doi.org/10.1016/j.jlumin.2020.117212,"mp-781505,mp-779906", icsd-262323,Journal of Luminescence,2020
854,Ca2.97Mo0.2W0.8O6Eu0.03,Ca2.97Mo0.2W0.8O6,Eu3+,0.03,,,298,613,0.6387,0.3594,,,,393,,,,323350,613,https://doi.org/10.1016/j.jlumin.2020.117212,"mp-781505,mp-779906", icsd-262323,Journal of Luminescence,2020
855,Ca2.95Mo0.2W0.8O6Eu0.05,Ca2.95Mo0.2W0.8O6,Eu3+,0.05,,,298,613,0.6421,0.3563,,,,393,,,,319770,613,https://doi.org/10.1016/j.jlumin.2020.117212,"mp-781505,mp-779906", icsd-262323,Journal of Luminescence,2020
856,Ca2.93Mo0.2W0.8O6Eu0.07,Ca2.93Mo0.2W0.8O6,Eu3+,0.07,,,298,613,0.6433,0.3551,,,,393,,,,319440,613,https://doi.org/10.1016/j.jlumin.2020.117212,"mp-781505,mp-779906", icsd-262323,Journal of Luminescence,2020
857,Ca2.91Mo0.2W0.8O6Eu0.09,Ca2.91Mo0.2W0.8O6,Eu3+,0.09,,,298,613,0.644,0.3545,18.7,6.2,360,393,,,,318510,613,https://doi.org/10.1016/j.jlumin.2020.117212,"mp-781505,mp-779906", icsd-262323,Journal of Luminescence,2020
858,Ca2.89Mo0.2W0.8O6Eu0.11,Ca2.89Mo0.2W0.8O6,Eu3+,0.11,,,298,613,0.645,0.3535,,,,393,,,,316750,613,https://doi.org/10.1016/j.jlumin.2020.117212,"mp-781505,mp-779906", icsd-262323,Journal of Luminescence,2020
859,Ca2.87Mo0.2W0.8O6Eu0.13,Ca2.87Mo0.2W0.8O6,Eu3+,0.13,,,298,613,0.6452,0.3533,,,,393,,,,316880,613,https://doi.org/10.1016/j.jlumin.2020.117212,"mp-781505,mp-779906", icsd-262323,Journal of Luminescence,2020
860,Ca2.85Mo0.2W0.8O6Eu0.15,Ca2.85Mo0.2W0.8O6,Eu3+,0.15,,,298,613,0.6453,0.3532,,,,393,,,,315860,613,https://doi.org/10.1016/j.jlumin.2020.117212,"mp-781505,mp-779906", icsd-262323,Journal of Luminescence,2020
861,Ca2.83Mo0.2W0.8O6Eu0.17,Ca2.83Mo0.2W0.8O6,Eu3+,0.17,,,298,613,0.6466,0.352,,,,393,,,,312500,613,https://doi.org/10.1016/j.jlumin.2020.117212,"mp-781505,mp-779906", icsd-262323,Journal of Luminescence,2020
862,Ca2.97Mo0.2W0.8O6Eu0.03,Ca2.97Mo0.2W0.8O6,Eu3+,0.03,,,298,613,0.6255,0.3697,,,,465,,,,329690,613,https://doi.org/10.1016/j.jlumin.2020.117212,"mp-781505,mp-779906", icsd-262323,Journal of Luminescence,2020
863,Ca2.95Mo0.2W0.8O6Eu0.05,Ca2.95Mo0.2W0.8O6,Eu3+,0.05,,,298,613,0.6354,0.361,,,,465,,,,323770,613,https://doi.org/10.1016/j.jlumin.2020.117212,"mp-781505,mp-779906", icsd-262323,Journal of Luminescence,2020
864,Ca2.93Mo0.2W0.8O6Eu0.07,Ca2.93Mo0.2W0.8O6,Eu3+,0.07,,,298,613,0.6417,0.3553,,,,465,,,,319480,613,https://doi.org/10.1016/j.jlumin.2020.117212,"mp-781505,mp-779906", icsd-262323,Journal of Luminescence,2020
865,Ca2.91Mo0.2W0.8O6Eu0.09,Ca2.91Mo0.2W0.8O6,Eu3+,0.09,,,298,613,0.6447,0.3526,29.6,4.4,370,465,,,,313650,613,https://doi.org/10.1016/j.jlumin.2020.117212,"mp-781505,mp-779906", icsd-262323,Journal of Luminescence,2020
866,Ca2.89Mo0.2W0.8O6Eu0.11,Ca2.89Mo0.2W0.8O6,Eu3+,0.11,,,298,613,0.6467,0.3508,,,,465,,,,311270,613,https://doi.org/10.1016/j.jlumin.2020.117212,"mp-781505,mp-779906", icsd-262323,Journal of Luminescence,2020
867,Ca2.87Mo0.2W0.8O6Eu0.13,Ca2.87Mo0.2W0.8O6,Eu3+,0.13,,,298,613,0.6472,0.3503,,,,465,,,,311430,613,https://doi.org/10.1016/j.jlumin.2020.117212,"mp-781505,mp-779906", icsd-262323,Journal of Luminescence,2020
868,Ca2.85Mo0.2W0.8O6Eu0.15,Ca2.85Mo0.2W0.8O6,Eu3+,0.15,,,298,613,0.6477,0.3499,,,,465,,,,306230,613,https://doi.org/10.1016/j.jlumin.2020.117212,"mp-781505,mp-779906", icsd-262323,Journal of Luminescence,2020
869,Ca2.83Mo0.2W0.8O6Eu0.17,Ca2.83Mo0.2W0.8O6,Eu3+,0.17,,,298,613,0.6497,0.3481,,,,465,,,,300850,613,https://doi.org/10.1016/j.jlumin.2020.117212,"mp-781505,mp-779906", icsd-262323,Journal of Luminescence,2020
870,MgY2Si3O10Eu0.14,MgY2Si3O10,Eu3+,0.14,,,298,613,0.579,0.349,,,,230,230,,,,613,https://doi.org/10.1039/C4DT02114B,,,Dalton Transactions,2015
871,MgY2Si3O10Bi0.02Eu0.06,MgY2Si3O10,Bi3+,0.02,Eu3+,0.06,298,613,0.27,0.299,,,,344,,,,,,https://doi.org/10.1039/C4DT02114B,,,Dalton Transactions,2015
872,MgY2Si3O10Bi0.02Eu0.14,MgY2Si3O10,Bi3+,0.02,Eu3+,0.14,298,613,0.326,0.304,,,,344,,,,,,https://doi.org/10.1039/C4DT02114B,,,Dalton Transactions,2015
873,MgY2Si3O10Bi0.02Eu0.16,MgY2Si3O10,Bi3+,0.02,Eu3+,0.16,298,613,0.333,0.306,,,,344,,,,,,https://doi.org/10.1039/C4DT02114B,,,Dalton Transactions,2015
874,MgY2Si3O10Bi0.02Eu0.2,MgY2Si3O10,Bi3+,0.02,Eu3+,0.2,298,613,0.38,0.317,,,,344,,,,,,https://doi.org/10.1039/C4DT02114B,,,Dalton Transactions,2015
875,MgY2Si3O10Bi0.02Eu0.22,MgY2Si3O10,Bi3+,0.02,Eu3+,0.22,298,613,0.426,0.323,29.01,,,344,,,,1041820,613,https://doi.org/10.1039/C4DT02114B,,,Dalton Transactions,2015
876,Sr7ZrP6O24Tb0.01Eu0.015,Sr7ZrP6O24,Tb3+,0.01,Eu3+,0.015,298,613,0.359,0.327,,,,374,,,,1960000,544,https://doi.org/10.1016/j.jallcom.2017.02.199,,,Journal of Alloys and Compounds,2017
877,Sr7ZrP6O24Tb0.01Eu0.02,Sr7ZrP6O24,Tb3+,0.01,Eu3+,0.02,298,613,0.386,0.33,,,,374,,,,1720000,544,https://doi.org/10.1016/j.jallcom.2017.02.199,,,Journal of Alloys and Compounds,2017
878,K2Y0.492WPO8Tb0.5Eu0.008,K2Y0.492WPO8,Tb3+,0.5,Eu3+,0.008,298,613,0.485,0.471,,,,377,377,,,13710000,545,https://doi.org/10.1016/j.materresbull.2014.08.051,,,Materials Research Bulletin,2014
879,K2Y0.49WPO8Tb0.5Eu0.01,K2Y0.49WPO8,Tb3+,0.5,Eu3+,0.01,298,613,0.518,0.446,,,,377,377,370,352,11800000,545,https://doi.org/10.1016/j.materresbull.2014.08.051,,,Materials Research Bulletin,2014
880,K2Y0.48WPO8Tb0.5Eu0.02,K2Y0.48WPO8,Tb3+,0.5,Eu3+,0.02,298,613,0.571,0.404,,,,377,377,,,10170000,545,https://doi.org/10.1016/j.materresbull.2014.08.051,,,Materials Research Bulletin,2014
881,K2Y0.47WPO8Tb0.5Eu0.03,K2Y0.47WPO8,Tb3+,0.5,Eu3+,0.03,298,613,0.585,0.392,,,,377,377,,,8600000,545,https://doi.org/10.1016/j.materresbull.2014.08.051,,,Materials Research Bulletin,2014
882,K2Y0.45WPO8Tb0.5Eu0.05,K2Y0.45WPO8,Tb3+,0.5,Eu3+,0.05,298,613,0.609,0.371,,,,377,377,,,4120000,545,https://doi.org/10.1016/j.materresbull.2014.08.051,,,Materials Research Bulletin,2014
883,K2Y0.4WPO8Tb0.5Eu0.1,K2Y0.4WPO8,Tb3+,0.5,Eu3+,0.1,298,613,0.629,0.357,,,,377,377,,,3420000,545,https://doi.org/10.1016/j.materresbull.2014.08.051,,,Materials Research Bulletin,2014
884,K2Y0.3WPO8Tb0.5Eu0.2,K2Y0.3WPO8,Tb3+,0.5,Eu3+,0.2,298,613,0.641,0.346,,,,377,377,,,2180000,545,https://doi.org/10.1016/j.materresbull.2014.08.051,,,Materials Research Bulletin,2014
885,Y1.95WO6Sm0.05,Y1.95WO6,Sm3+,0.05,,,298,613,0.277,0.227,,,,308,,,,,,https://doi.org/10.1016/j.jlumin.2013.09.043,"mp-559510,mp-30539,mp-559085,mp-1216117", icsd-20955 icsd-65811 icsd-26532,Journal of Luminescence,2014
886,Y1.93WO6Sm0.07,Y1.93WO6,Sm3+,0.07,,,298,613,0.304,0.251,,,,308,,,,,,https://doi.org/10.1016/j.jlumin.2013.09.043,"mp-559510,mp-30539,mp-559085,mp-1216117", icsd-20955 icsd-65811 icsd-26532,Journal of Luminescence,2014
887,Y1.91WO6Sm0.09,Y1.91WO6,Sm3+,0.09,,,298,613,0.318,0.267,,,,308,,,,,,https://doi.org/10.1016/j.jlumin.2013.09.043,"mp-559510,mp-30539,mp-559085,mp-1216117", icsd-20955 icsd-65811 icsd-26532,Journal of Luminescence,2014
888,Sr1.4Zn0.3CeO4Eu0.3,Sr1.4Zn0.3CeO4,Eu3+,0.3,,,298,614,0.6,0.34,46.1,,388,400,363,280,,710000,614,https://doi.org/10.1021/am4041493,mp-15743, icsd-86768 icsd-237179 icsd-237186,ACS Applied Materials &amp; Interfaces,2014
889,K2MgGeO4Bi0.001,K2MgGeO4,Bi3+,0.001,,,298,614,,,,,,335,,,,2106,614,https://doi.org/10.1021/acs.inorgchem.8b02025,mp-1212053,,Inorganic Chemistry,2018
890,K2MgGeO4Bi0.004,K2MgGeO4,Bi3+,0.004,,,298,614,,,,,,335,,,,1949,614,https://doi.org/10.1021/acs.inorgchem.8b02025,mp-1212053,,Inorganic Chemistry,2018
891,K2MgGeO4Bi0.01,K2MgGeO4,Bi3+,0.01,,,298,614,0.4989,0.44,66.6,,,335,335,250,,1701,614,https://doi.org/10.1021/acs.inorgchem.8b02025,mp-1212053,,Inorganic Chemistry,2018
892,K2MgGeO4Bi0.02,K2MgGeO4,Bi3+,0.02,,,298,614,,,,,,335,,,,1564,614,https://doi.org/10.1021/acs.inorgchem.8b02025,mp-1212053,,Inorganic Chemistry,2018
893,Sr1.9ZnWO6Li0.05Eu0.05,Sr1.9ZnWO6Li0.05,Eu3+,0.05,,,298,614,0.656,0.345,35,,,367,462,393,,343000,614,https://doi.org/10.1016/j.jallcom.2016.06.255,"mp-1105272,mp-1079778,mp-19282", icsd-262322 icsd-190595 icsd-239812 icsd-190592 icsd-72811 icsd-28599,Journal of Alloys and Compounds,2016
894,Sr1.9ZnW0.8Mo0.2O6Li0.05Eu0.05,Sr1.9ZnW0.8Mo0.2O6Li0.05,Eu3+,0.05,,,298,614,0.657,0.342,39,,,367,393,462,,341000,614,https://doi.org/10.1016/j.jallcom.2016.06.255,"mp-1105272,mp-1079778,mp-19282", icsd-262322 icsd-190595 icsd-239812 icsd-190592 icsd-72811 icsd-28599,Journal of Alloys and Compounds,2016
895,Sr1.9ZnW0.6Mo0.4O6Li0.05Eu0.05,Sr1.9ZnW0.6Mo0.4O6Li0.05,Eu3+,0.05,,,298,614,0.647,0.352,40,,,367,393,462,,326000,614,https://doi.org/10.1016/j.jallcom.2016.06.255,"mp-1105272,mp-1079778,mp-19282", icsd-262322 icsd-190595 icsd-239812 icsd-190592 icsd-72811 icsd-28599,Journal of Alloys and Compounds,2016
896,Sr1.9ZnW0.4Mo0.6O6Li0.05Eu0.05,Sr1.9ZnW0.4Mo0.6O6Li0.05,Eu3+,0.05,,,298,614,0.647,0.353,40,,,367,393,462,,312000,614,https://doi.org/10.1016/j.jallcom.2016.06.255,"mp-1105272,mp-1079778,mp-19282", icsd-262322 icsd-190595 icsd-239812 icsd-190592 icsd-72811 icsd-28599,Journal of Alloys and Compounds,2016
897,Sr1.9ZnW0.2Mo0.8O6Li0.05Eu0.05,Sr1.9ZnW0.2Mo0.8O6Li0.05,Eu3+,0.05,,,298,614,0.645,0.354,37,,,367,393,462,,295000,614,https://doi.org/10.1016/j.jallcom.2016.06.255,"mp-1105272,mp-1079778,mp-19282", icsd-262322 icsd-190595 icsd-239812 icsd-190592 icsd-72811 icsd-28599,Journal of Alloys and Compounds,2016
898,Sr1.9ZnMoO6Li0.05Eu0.05,Sr1.9ZnMoO6Li0.05,Eu3+,0.05,,,298,614,0.645,0.356,36,,,367,393,462,,282000,614,https://doi.org/10.1016/j.jallcom.2016.06.255,"mp-1105272,mp-1079778,mp-19282", icsd-262322 icsd-190595 icsd-239812 icsd-190592 icsd-72811 icsd-28599,Journal of Alloys and Compounds,2016
899,K2Y0.95WO8PEu0.05,K2Y0.95WO8P,Eu3+,0.05,,,298,614,,,,,,395,,,,2568000,614,https://doi.org/10.1016/j.materresbull.2015.09.003,,,Materials Research Bulletin,2016
900,K2Y0.9WO8PEu0.1,K2Y0.9WO8P,Eu3+,0.1,,,298,614,,,,,,395,,,,2551000,614,https://doi.org/10.1016/j.materresbull.2015.09.003,,,Materials Research Bulletin,2016
901,K2Y0.7WO8PEu0.3,K2Y0.7WO8P,Eu3+,0.3,,,298,614,,,,,,395,,,,2519000,614,https://doi.org/10.1016/j.materresbull.2015.09.003,,,Materials Research Bulletin,2016
902,K2Y0.5WO8PEu0.5,K2Y0.5WO8P,Eu3+,0.5,,,298,614,,,,,,395,,,,2468000,614,https://doi.org/10.1016/j.materresbull.2015.09.003,,,Materials Research Bulletin,2016
903,K2Y0.3WO8PEu0.7,K2Y0.3WO8P,Eu3+,0.7,,,298,614,0.64,0.347,70.5,,,395,394,382,362,2382000,614,https://doi.org/10.1016/j.materresbull.2015.09.003,,,Materials Research Bulletin,2016
904,K2Y0.3WO8PEu0.7,K2Y0.3WO8P,Eu3+,0.7,,,373,614,0.639,0.348,,,,395,,,,,,https://doi.org/10.1016/j.materresbull.2015.09.003,,,Materials Research Bulletin,2016
905,K2Y0.3WO8PEu0.7,K2Y0.3WO8P,Eu3+,0.7,,,453,614,0.638,0.349,,,,395,,,,,,https://doi.org/10.1016/j.materresbull.2015.09.003,,,Materials Research Bulletin,2016
906,K2Y0.1WO8PEu0.9,K2Y0.1WO8P,Eu3+,0.9,,,298,614,,,,,,395,,,,2273000,614,https://doi.org/10.1016/j.materresbull.2015.09.003,,,Materials Research Bulletin,2016
907,K2WO8PEu1,K2WO8P,Eu3+,1,,,298,614,,,,,,395,,,,1855000,614,https://doi.org/10.1016/j.materresbull.2015.09.003,,,Materials Research Bulletin,2016
908,LiLa1.74O5BEu0.25Sm0.01,LiLa1.74O5B,Eu3+,0.25,Sm3+,0.01,298,614,0.669,0.33,,,,405,405,365,385,790000,605,https://doi.org/10.1149/1.2946482,,,Journal of The Electrochemical Society,2008
909,Sr2MgTeO6Eu0.25,Sr2MgTeO6,Eu3+,0.25,,,298,614,0.65,0.34,,,510,465,465,394,,,614,https://doi.org/10.1016/j.optlastec.2017.11.046,mp-1078995, icsd-290893,Optics and Laser Technology,2018
910,BaGd0.99B9O16Eu0.01,BaGd0.99B9O16,Eu3+,0.01,,,298,614,0.68,0.32,,,,396,396,,,,614,https://doi.org/10.1016/S1002-0721(14)60394-X,,,Journal of Rare Earths,2015
911,BaGd0.91La0.08B9O16Eu0.01,BaGd0.91La0.08B9O16,Eu3+,0.01,,,298,614,0.67,0.32,,,,396,396,466,,,614,https://doi.org/10.1016/S1002-0721(14)60394-X,,,Journal of Rare Earths,2015
912,BaGd0.91Y0.08B9O16Eu0.01,BaGd0.91Y0.08B9O16,Eu3+,0.01,,,298,614,0.67,0.32,,,,396,396,466,,,614,https://doi.org/10.1016/S1002-0721(14)60394-X,,,Journal of Rare Earths,2015
913,Na13Sr1.8Ta2P9O36Eu0.2,Na13Sr1.8Ta2P9O36,Eu3+,0.2,,,298,614,,,,,,394,394,465,,2160000,614,https://doi.org/10.1016/j.jlumin.2019.116976,,,Journal of Luminescence,2020
914,Na13Sr1.6Ta2P9O36Li0.2Eu0.2,Na13Sr1.6Ta2P9O36Li0.2,Eu3+,0.2,,,298,614,,,,,,394,,,,2200000,614,https://doi.org/10.1016/j.jlumin.2019.116976,,,Journal of Luminescence,2020
915,Na13Sr1.6Ta2P9O36Na0.2Eu0.2,Na13Sr1.6Ta2P9O36Na0.2,Eu3+,0.2,,,298,614,0.644,0.3522,44.94,,,394,,,,2230000,614,https://doi.org/10.1016/j.jlumin.2019.116976,,,Journal of Luminescence,2020
916,Na13Sr1.6Ta2P9O36K0.2Eu0.2,Na13Sr1.6Ta2P9O36K0.2,Eu3+,0.2,,,298,614,,,,,,394,,,,2210000,614,https://doi.org/10.1016/j.jlumin.2019.116976,,,Journal of Luminescence,2020
917,Sr3Y0.9P3O12Dy0.06Eu0.04,Sr3Y0.9P3O12,Dy3+,0.06,Eu3+,0.04,298,614,0.3831,0.3252,19.7,,,393,393,,,2013400,614,https://doi.org/10.1016/j.mseb.2016.07.017,,,Materials Science and Engineering B: Solid-State Materials for Advanced Technology,2016
918,Sr3Y0.88P3O12Dy0.06Eu0.06,Sr3Y0.88P3O12,Dy3+,0.06,Eu3+,0.06,298,614,0.4202,0.3365,,,,393,393,,,2117000,614,https://doi.org/10.1016/j.mseb.2016.07.017,,,Materials Science and Engineering B: Solid-State Materials for Advanced Technology,2016
919,Sr3Y0.86P3O12Dy0.06Eu0.08,Sr3Y0.86P3O12,Dy3+,0.06,Eu3+,0.08,298,614,0.4331,0.3395,,,,393,393,,,2139000,614,https://doi.org/10.1016/j.mseb.2016.07.017,,,Materials Science and Engineering B: Solid-State Materials for Advanced Technology,2016
920,Sr3Y0.84P3O12Dy0.06Eu0.1,Sr3Y0.84P3O12,Dy3+,0.06,Eu3+,0.1,298,614,0.4624,0.348,,,,393,393,,,2161800,614,https://doi.org/10.1016/j.mseb.2016.07.017,,,Materials Science and Engineering B: Solid-State Materials for Advanced Technology,2016
921,Sr3Y0.98P3O12Eu0.02,Sr3Y0.98P3O12,Eu3+,0.02,,,298,614,0.4997,0.3622,,,,393,393,,,625200,614,https://doi.org/10.1016/j.mseb.2016.07.017,,,Materials Science and Engineering B: Solid-State Materials for Advanced Technology,2016
922,Sr3Sc0.85P3O12Dy0.07Eu0.08,Sr3Sc0.85P3O12,Dy3+,0.07,Eu3+,0.08,298,614,0.4022,0.2924,,,,394,350,,,367500,483,https://doi.org/10.1016/j.ijleo.2017.08.110,,,Optik,2017
923,CaWO4Eu0.08,CaWO4,Eu3+,0.08,,,298,614,,,,,,280,393,463,,541000,614,https://doi.org/10.1016/j.dyepig.2017.04.037,"mp-19426,mp-1190383", icsd-60550 icsd-193491 icsd-60548 icsd-60551 icsd-15869 icsd-155423 icsd-193047 icsd-15586 icsd-60549 icsd-18135 icsd-77335 icsd-157428 icsd-291535 icsd-60547 icsd-155791 icsd-238259 icsd-238258,Dyes and Pigments,2017
924,CaW0.9Mo0.1O4Eu0.08,CaW0.9Mo0.1O4,Eu3+,0.08,,,298,614,,,,,,280,393,463,,535000,614,https://doi.org/10.1016/j.dyepig.2017.04.037,"mp-19426,mp-1190383", icsd-60550 icsd-193491 icsd-60548 icsd-60551 icsd-15869 icsd-155423 icsd-193047 icsd-15586 icsd-60549 icsd-18135 icsd-77335 icsd-157428 icsd-291535 icsd-60547 icsd-155791 icsd-238259 icsd-238258,Dyes and Pigments,2017
925,CaW0.7Mo0.3O4Eu0.08,CaW0.7Mo0.3O4,Eu3+,0.08,,,298,614,,,,,,280,393,463,,510000,614,https://doi.org/10.1016/j.dyepig.2017.04.037,"mp-19426,mp-1190383", icsd-60550 icsd-193491 icsd-60548 icsd-60551 icsd-15869 icsd-155423 icsd-193047 icsd-15586 icsd-60549 icsd-18135 icsd-77335 icsd-157428 icsd-291535 icsd-60547 icsd-155791 icsd-238259 icsd-238258,Dyes and Pigments,2017
926,CaW0.4Mo0.6O4Eu0.08,CaW0.4Mo0.6O4,Eu3+,0.08,,,298,614,0.653,0.354,,,440,280,393,463,,478000,614,https://doi.org/10.1016/j.dyepig.2017.04.037,"mp-19426,mp-1190383", icsd-60550 icsd-193491 icsd-60548 icsd-60551 icsd-15869 icsd-155423 icsd-193047 icsd-15586 icsd-60549 icsd-18135 icsd-77335 icsd-157428 icsd-291535 icsd-60547 icsd-155791 icsd-238259 icsd-238258,Dyes and Pigments,2017
927,CaW0.2Mo0.8O4Eu0.08,CaW0.2Mo0.8O4,Eu3+,0.08,,,298,614,,,,,,280,393,463,,454000,614,https://doi.org/10.1016/j.dyepig.2017.04.037,"mp-19426,mp-1190383", icsd-60550 icsd-193491 icsd-60548 icsd-60551 icsd-15869 icsd-155423 icsd-193047 icsd-15586 icsd-60549 icsd-18135 icsd-77335 icsd-157428 icsd-291535 icsd-60547 icsd-155791 icsd-238259 icsd-238258,Dyes and Pigments,2017
928,CaMoO4Eu0.08,CaMoO4,Eu3+,0.08,,,298,614,,,,,,280,393,463,,435000,614,https://doi.org/10.1016/j.dyepig.2017.04.037,mp-19330, icsd-23699 icsd-60558 icsd-193793 icsd-183446 icsd-60557 icsd-194078 icsd-60554 icsd-60553 icsd-417513 icsd-183447 icsd-62219 icsd-60552 icsd-22351 icsd-194079 icsd-60556 icsd-60555 icsd-77334,Dyes and Pigments,2017
929,CsGd0.92Mo2O8Dy0.05Eu0.03,CsGd0.92Mo2O8,Dy3+,0.05,Eu3+,0.03,298,614,0.455,0.391,,,,395,,,,,,https://doi.org/10.1016/j.dyepig.2016.10.016,"mp-1213392,mp-1213304",,Dyes and Pigments,2017
930,CsGd0.92Mo2O8Dy0.05Eu0.03,CsGd0.92Mo2O8,Dy3+,0.05,Eu3+,0.03,298,614,,,,,,295,,,,5.87,575,https://doi.org/10.1016/j.dyepig.2016.10.016,"mp-1213392,mp-1213304",,Dyes and Pigments,2017
931,CsGd0.91Mo2O8Dy0.05Eu0.04,CsGd0.91Mo2O8,Dy3+,0.05,Eu3+,0.04,298,614,0.479,0.395,,,,395,,,,,,https://doi.org/10.1016/j.dyepig.2016.10.016,"mp-1213392,mp-1213304",,Dyes and Pigments,2017
932,CsGd0.91Mo2O8Dy0.05Eu0.04,CsGd0.91Mo2O8,Dy3+,0.05,Eu3+,0.04,298,614,,,,,,295,,,,5.76,575,https://doi.org/10.1016/j.dyepig.2016.10.016,"mp-1213392,mp-1213304",,Dyes and Pigments,2017
933,CsGd0.9Mo2O8Dy0.05Eu0.05,CsGd0.9Mo2O8,Dy3+,0.05,Eu3+,0.05,298,614,0.497,0.39,,,,395,,,,,,https://doi.org/10.1016/j.dyepig.2016.10.016,"mp-1213392,mp-1213304",,Dyes and Pigments,2017
934,CsGd0.9Mo2O8Dy0.05Eu0.05,CsGd0.9Mo2O8,Dy3+,0.05,Eu3+,0.05,298,614,,,,,,295,,,,5.63,575,https://doi.org/10.1016/j.dyepig.2016.10.016,"mp-1213392,mp-1213304",,Dyes and Pigments,2017
935,CsGd0.95Mo2O8Eu0.05,CsGd0.95Mo2O8,Eu3+,0.05,,,298,614,0.596,0.382,,,,395,,,,,,https://doi.org/10.1016/j.dyepig.2016.10.016,"mp-1213392,mp-1213304",,Dyes and Pigments,2017
936,CsGd0.95Mo2O8Eu0.05,CsGd0.95Mo2O8,Eu3+,0.05,,,298,614,,,,,,295,,,,6.55,615,https://doi.org/10.1016/j.dyepig.2016.10.016,"mp-1213392,mp-1213304",,Dyes and Pigments,2017
937,CsGd0.94Mo2O8Eu0.05Dy0.01,CsGd0.94Mo2O8,Eu3+,0.05,Dy3+,0.01,298,614,0.422,0.386,,,,395,,,,,,https://doi.org/10.1016/j.dyepig.2016.10.016,"mp-1213392,mp-1213304",,Dyes and Pigments,2017
938,CsGd0.94Mo2O8Eu0.05Dy0.01,CsGd0.94Mo2O8,Eu3+,0.05,Dy3+,0.01,298,614,,,,,,295,,,,5.72,615,https://doi.org/10.1016/j.dyepig.2016.10.016,"mp-1213392,mp-1213304",,Dyes and Pigments,2017
939,CsGd0.93Mo2O8Eu0.05Dy0.02,CsGd0.93Mo2O8,Eu3+,0.05,Dy3+,0.02,298,614,0.4,0.395,,,,395,,,,,,https://doi.org/10.1016/j.dyepig.2016.10.016,"mp-1213392,mp-1213304",,Dyes and Pigments,2017
940,CsGd0.93Mo2O8Eu0.05Dy0.02,CsGd0.93Mo2O8,Eu3+,0.05,Dy3+,0.02,298,614,,,,,,295,,,,5.5,615,https://doi.org/10.1016/j.dyepig.2016.10.016,"mp-1213392,mp-1213304",,Dyes and Pigments,2017
941,CsGd0.92Mo2O8Eu0.05Dy0.03,CsGd0.92Mo2O8,Eu3+,0.05,Dy3+,0.03,298,614,0.393,0.401,,,,395,,,,,,https://doi.org/10.1016/j.dyepig.2016.10.016,"mp-1213392,mp-1213304",,Dyes and Pigments,2017
942,CsGd0.92Mo2O8Eu0.05Dy0.03,CsGd0.92Mo2O8,Eu3+,0.05,Dy3+,0.03,298,614,,,,,,295,,,,5.32,615,https://doi.org/10.1016/j.dyepig.2016.10.016,"mp-1213392,mp-1213304",,Dyes and Pigments,2017
943,Li6Y0.15B3O9Eu0.85,Li6Y0.15B3O9,Eu3+,0.85,,,298,614,0.65,0.35,68,,,393,393,,,2400000,614,https://doi.org/10.1016/j.optmat.2011.03.002,mp-14704, icsd-184291 icsd-184285 icsd-184287 icsd-184286 icsd-184289 icsd-184283 icsd-184292 icsd-184284 icsd-184290 icsd-184288 icsd-68653,Optical Materials,2011
944,Li6Y0.95B3O9Eu0.05,Li6Y0.95B3O9,Eu3+,0.05,,,298,614,0.635,0.363,,,,395,395,,,,614,https://doi.org/10.1002/bio.3006,mp-14704, icsd-184291 icsd-184285 icsd-184287 icsd-184286 icsd-184289 icsd-184283 icsd-184292 icsd-184284 icsd-184290 icsd-184288 icsd-68653,Luminescence,2015
945,Li6Y0.9B3O9Eu0.1,Li6Y0.9B3O9,Eu3+,0.1,,,298,614,0.635,0.364,,,,395,395,,,,614,https://doi.org/10.1002/bio.3006,mp-14704, icsd-184291 icsd-184285 icsd-184287 icsd-184286 icsd-184289 icsd-184283 icsd-184292 icsd-184284 icsd-184290 icsd-184288 icsd-68653,Luminescence,2015
946,Li6Y0.8B3O9Eu0.2,Li6Y0.8B3O9,Eu3+,0.2,,,298,614,0.63,0.369,,,,395,395,,,,614,https://doi.org/10.1002/bio.3006,mp-14704, icsd-184291 icsd-184285 icsd-184287 icsd-184286 icsd-184289 icsd-184283 icsd-184292 icsd-184284 icsd-184290 icsd-184288 icsd-68653,Luminescence,2015
947,Li6Y0.5B3O9Eu0.5,Li6Y0.5B3O9,Eu3+,0.5,,,298,614,0.63,0.369,,,,395,395,,,,614,https://doi.org/10.1002/bio.3006,mp-14704, icsd-184291 icsd-184285 icsd-184287 icsd-184286 icsd-184289 icsd-184283 icsd-184292 icsd-184284 icsd-184290 icsd-184288 icsd-68653,Luminescence,2015
948,Li6B3O9Eu1,Li6B3O9,Eu3+,1,,,298,614,0.641,0.358,,,,395,395,,,,614,https://doi.org/10.1002/bio.3006,mp-14704, icsd-184291 icsd-184285 icsd-184287 icsd-184286 icsd-184289 icsd-184283 icsd-184292 icsd-184284 icsd-184290 icsd-184288 icsd-68653,Luminescence,2015
949,Ca2Y0.99SbO6Eu0.01,Ca2Y0.99SbO6,Eu3+,0.01,,,298,614,0.6372,0.3624,,,,290,,,,,,https://doi.org/10.1016/j.jallcom.2015.10.242,,,Journal of Alloys and Compounds,2016
950,Ca2Y0.99SbO6Eu0.01,Ca2Y0.99SbO6,Eu3+,0.01,,,298,614,0.6477,0.3519,,,,400,,,,,,https://doi.org/10.1016/j.jallcom.2015.10.242,,,Journal of Alloys and Compounds,2016
951,Ca2Y0.99SbO6Eu0.01,Ca2Y0.99SbO6,Eu3+,0.01,,,298,614,0.6354,0.3641,,,,470,,,,,,https://doi.org/10.1016/j.jallcom.2015.10.242,,,Journal of Alloys and Compounds,2016
952,Ca2Y0.70SbO6Eu0.3,Ca2Y0.70SbO6,Eu3+,0.3,,,298,614,0.6569,0.3428,,,,290,,,,,,https://doi.org/10.1016/j.jallcom.2015.10.242,,,Journal of Alloys and Compounds,2016
953,Ca2Y0.70SbO6Eu0.3,Ca2Y0.70SbO6,Eu3+,0.3,,,298,614,0.6589,0.3408,,,,400,,,,,,https://doi.org/10.1016/j.jallcom.2015.10.242,,,Journal of Alloys and Compounds,2016
954,Ca2Y0.70SbO6Eu0.3,Ca2Y0.70SbO6,Eu3+,0.3,,,298,614,0.6594,0.3404,,,,470,,,,,,https://doi.org/10.1016/j.jallcom.2015.10.242,,,Journal of Alloys and Compounds,2016
955,Ca2Y0.80SbO6Eu0.15Bi0.05,Ca2Y0.80SbO6,Eu3+,0.15,Bi3+,0.05,298,614,0.6447,0.3549,,,,290,,,,62,400,https://doi.org/10.1016/j.jallcom.2015.10.242,,,Journal of Alloys and Compounds,2016
956,Ca2Y0.80SbO6Eu0.15Bi0.05,Ca2Y0.80SbO6,Eu3+,0.15,Bi3+,0.05,298,614,0.645,0.3482,,,,400,,,,,,https://doi.org/10.1016/j.jallcom.2015.10.242,,,Journal of Alloys and Compounds,2016
957,Ca2Y0.80SbO6Eu0.15Bi0.05,Ca2Y0.80SbO6,Eu3+,0.15,Bi3+,0.05,298,614,0.6445,0.3651,,,,470,,,,,,https://doi.org/10.1016/j.jallcom.2015.10.242,,,Journal of Alloys and Compounds,2016
958,Na3Lu0.8P2O8Eu0.2,Na3Lu0.8P2O8,Eu3+,0.2,,,298,614,,,85,11,,393,393,,,2960000,614,https://doi.org/10.1016/j.jallcom.2019.06.190,,,Journal of Alloys and Compounds,2019
959,Na3Lu0.6P2O8Eu0.4,Na3Lu0.6P2O8,Eu3+,0.4,,,298,614,,,86.5,14,,393,393,,,3050000,614,https://doi.org/10.1016/j.jallcom.2019.06.190,,,Journal of Alloys and Compounds,2019
960,Na3Lu0.4P2O8Eu0.6,Na3Lu0.4P2O8,Eu3+,0.6,,,298,614,,,90,19,,393,393,,,3080000,614,https://doi.org/10.1016/j.jallcom.2019.06.190,,,Journal of Alloys and Compounds,2019
961,Na3Lu0.2P2O8Eu0.8,Na3Lu0.2P2O8,Eu3+,0.8,,,298,614,,,97,23,,393,393,,,3170000,614,https://doi.org/10.1016/j.jallcom.2019.06.190,,,Journal of Alloys and Compounds,2019
962,Na3P2O8Eu1,Na3P2O8,Eu3+,1,,,298,614,0.629,0.371,99,26,600,393,393,,,3320000,614,https://doi.org/10.1016/j.jallcom.2019.06.190,mp-1200484, icsd-95893,Journal of Alloys and Compounds,2019
963,CaZrO3Eu0.05,CaZrO3,Eu3+,0.05,,,298,614,0.6386,0.3611,,,,395,,,,,,https://doi.org/10.1007/s10854-018-0505-z,"mp-4571,mp-776024,mp-542112", icsd-130053 icsd-183757 icsd-239370 icsd-167889 icsd-97465 icsd-37264 icsd-183758 icsd-97463 icsd-97466 icsd-97464 icsd-29003 icsd-56094,Journal of Materials Science: Materials in Electronics,2018
964,CaZrO3Eu0.03Bi0.009,CaZrO3,Eu3+,0.03,Bi3+,0.009,298,614,0.2904,0.132,,,,310,,,,,,https://doi.org/10.1007/s10854-018-0505-z,"mp-4571,mp-776024,mp-542112", icsd-130053 icsd-183757 icsd-239370 icsd-167889 icsd-97465 icsd-37264 icsd-183758 icsd-97463 icsd-97466 icsd-97464 icsd-29003 icsd-56094,Journal of Materials Science: Materials in Electronics,2018
965,CaZrO3Eu0.04Bi0.009,CaZrO3,Eu3+,0.04,Bi3+,0.009,298,614,0.3539,0.1735,,,,310,,,,,,https://doi.org/10.1007/s10854-018-0505-z,"mp-4571,mp-776024,mp-542112", icsd-130053 icsd-183757 icsd-239370 icsd-167889 icsd-97465 icsd-37264 icsd-183758 icsd-97463 icsd-97466 icsd-97464 icsd-29003 icsd-56094,Journal of Materials Science: Materials in Electronics,2018
966,CaZrO3Eu0.05Bi0.009,CaZrO3,Eu3+,0.05,Bi3+,0.009,298,614,0.3858,0.1992,,,,310,,,,,,https://doi.org/10.1007/s10854-018-0505-z,"mp-4571,mp-776024,mp-542112", icsd-130053 icsd-183757 icsd-239370 icsd-167889 icsd-97465 icsd-37264 icsd-183758 icsd-97463 icsd-97466 icsd-97464 icsd-29003 icsd-56094,Journal of Materials Science: Materials in Electronics,2018
967,CaZrO3Eu0.06Bi0.009,CaZrO3,Eu3+,0.06,Bi3+,0.009,298,614,0.3906,0.2035,,,,310,,,,,,https://doi.org/10.1007/s10854-018-0505-z,"mp-4571,mp-776024,mp-542112", icsd-130053 icsd-183757 icsd-239370 icsd-167889 icsd-97465 icsd-37264 icsd-183758 icsd-97463 icsd-97466 icsd-97464 icsd-29003 icsd-56094,Journal of Materials Science: Materials in Electronics,2018
968,CaZrO3Eu0.01Bi0.009,CaZrO3,Eu3+,0.01,Bi3+,0.009,298,614,0.6386,0.3611,,,,395,395,,,1350000,614,https://doi.org/10.1007/s10854-018-0505-z,"mp-4571,mp-776024,mp-542112", icsd-130053 icsd-183757 icsd-239370 icsd-167889 icsd-97465 icsd-37264 icsd-183758 icsd-97463 icsd-97466 icsd-97464 icsd-29003 icsd-56094,Journal of Materials Science: Materials in Electronics,2018
969,CaZrO3Eu0.02Bi0.009,CaZrO3,Eu3+,0.02,Bi3+,0.009,298,614,0.6386,0.3611,,,,395,395,,,1320000,614,https://doi.org/10.1007/s10854-018-0505-z,"mp-4571,mp-776024,mp-542112", icsd-130053 icsd-183757 icsd-239370 icsd-167889 icsd-97465 icsd-37264 icsd-183758 icsd-97463 icsd-97466 icsd-97464 icsd-29003 icsd-56094,Journal of Materials Science: Materials in Electronics,2018
970,CaZrO3Eu0.03Bi0.009,CaZrO3,Eu3+,0.03,Bi3+,0.009,298,614,0.6386,0.3611,,,,395,395,,,1280000,614,https://doi.org/10.1007/s10854-018-0505-z,"mp-4571,mp-776024,mp-542112", icsd-130053 icsd-183757 icsd-239370 icsd-167889 icsd-97465 icsd-37264 icsd-183758 icsd-97463 icsd-97466 icsd-97464 icsd-29003 icsd-56094,Journal of Materials Science: Materials in Electronics,2018
971,CaZrO3Eu0.04Bi0.009,CaZrO3,Eu3+,0.04,Bi3+,0.009,298,614,0.6386,0.3611,,,,395,395,,,1240000,614,https://doi.org/10.1007/s10854-018-0505-z,"mp-4571,mp-776024,mp-542112", icsd-130053 icsd-183757 icsd-239370 icsd-167889 icsd-97465 icsd-37264 icsd-183758 icsd-97463 icsd-97466 icsd-97464 icsd-29003 icsd-56094,Journal of Materials Science: Materials in Electronics,2018
972,CaZrO3Eu0.05Bi0.009,CaZrO3,Eu3+,0.05,Bi3+,0.009,298,614,0.6386,0.3611,,,,395,395,,,1220000,614,https://doi.org/10.1007/s10854-018-0505-z,"mp-4571,mp-776024,mp-542112", icsd-130053 icsd-183757 icsd-239370 icsd-167889 icsd-97465 icsd-37264 icsd-183758 icsd-97463 icsd-97466 icsd-97464 icsd-29003 icsd-56094,Journal of Materials Science: Materials in Electronics,2018
973,CaZrO3Eu0.06Bi0.009,CaZrO3,Eu3+,0.06,Bi3+,0.009,298,614,0.6386,0.3611,,,,395,395,,,1200000,614,https://doi.org/10.1007/s10854-018-0505-z,"mp-4571,mp-776024,mp-542112", icsd-130053 icsd-183757 icsd-239370 icsd-167889 icsd-97465 icsd-37264 icsd-183758 icsd-97463 icsd-97466 icsd-97464 icsd-29003 icsd-56094,Journal of Materials Science: Materials in Electronics,2018
974,Ca0.92WO4Eu0.08,Ca0.92WO4,Eu3+,0.08,,,298,614,,,,,,280,,,,541000,614,https://doi.org/10.1016/j.dyepig.2017.04.037,"mp-19426,mp-1190383", icsd-60550 icsd-193491 icsd-60548 icsd-60551 icsd-15869 icsd-155423 icsd-193047 icsd-15586 icsd-60549 icsd-18135 icsd-77335 icsd-157428 icsd-291535 icsd-60547 icsd-155791 icsd-238259 icsd-238258,Dyes and Pigments,2017
975,Ca0.92W0.9Mo0.1O4Eu0.08,Ca0.92W0.9Mo0.1O4,Eu3+,0.08,,,298,614,,,,,,280,,,,535000,614,https://doi.org/10.1016/j.dyepig.2017.04.037,"mp-19426,mp-1190383", icsd-60550 icsd-193491 icsd-60548 icsd-60551 icsd-15869 icsd-155423 icsd-193047 icsd-15586 icsd-60549 icsd-18135 icsd-77335 icsd-157428 icsd-291535 icsd-60547 icsd-155791 icsd-238259 icsd-238258,Dyes and Pigments,2017
976,Ca0.92W0.7Mo0.3O4Eu0.08,Ca0.92W0.7Mo0.3O4,Eu3+,0.08,,,298,614,,,,,,280,,,,510000,614,https://doi.org/10.1016/j.dyepig.2017.04.037,"mp-19426,mp-1190383", icsd-60550 icsd-193491 icsd-60548 icsd-60551 icsd-15869 icsd-155423 icsd-193047 icsd-15586 icsd-60549 icsd-18135 icsd-77335 icsd-157428 icsd-291535 icsd-60547 icsd-155791 icsd-238259 icsd-238258,Dyes and Pigments,2017
977,Ca0.92W0.4Mo0.6O4Eu0.08,Ca0.92W0.4Mo0.6O4,Eu3+,0.08,,,298,614,0.653,0.354,,,435,280,,,,478000,614,https://doi.org/10.1016/j.dyepig.2017.04.037,"mp-19426,mp-1190383", icsd-60550 icsd-193491 icsd-60548 icsd-60551 icsd-15869 icsd-155423 icsd-193047 icsd-15586 icsd-60549 icsd-18135 icsd-77335 icsd-157428 icsd-291535 icsd-60547 icsd-155791 icsd-238259 icsd-238258,Dyes and Pigments,2017
978,Ca0.92W0.2Mo0.8O4Eu0.08,Ca0.92W0.2Mo0.8O4,Eu3+,0.08,,,298,614,,,,,,280,,,,454000,614,https://doi.org/10.1016/j.dyepig.2017.04.037,"mp-19426,mp-1190383", icsd-60550 icsd-193491 icsd-60548 icsd-60551 icsd-15869 icsd-155423 icsd-193047 icsd-15586 icsd-60549 icsd-18135 icsd-77335 icsd-157428 icsd-291535 icsd-60547 icsd-155791 icsd-238259 icsd-238258,Dyes and Pigments,2017
979,Ca0.92MoO4Eu0.08,Ca0.92MoO4,Eu3+,0.08,,,298,614,,,,,,280,,,,435000,614,https://doi.org/10.1016/j.dyepig.2017.04.037,mp-19330, icsd-23699 icsd-60558 icsd-193793 icsd-183446 icsd-60557 icsd-194078 icsd-60554 icsd-60553 icsd-417513 icsd-183447 icsd-62219 icsd-60552 icsd-22351 icsd-194079 icsd-60556 icsd-60555 icsd-77334,Dyes and Pigments,2017
980,Rb2Bi0.99PO8MoEu0.01,Rb2Bi0.99PO8Mo,Eu3+,0.01,,,298,615,0.6484,0.3512,25,,,393.5,394,362,380,1827000,615,https://doi.org/10.3390/ma12193275,mp-1197894, icsd-426593,Materials,2019
981,Rb2Bi0.99PO8MoEu0.01,Rb2Bi0.99PO8Mo,Eu3+,0.01,,,300,615,0.6509,0.34877,,,,393.5,394,362,380,1840000,615,https://doi.org/10.3390/ma12193275,mp-1197894, icsd-426593,Materials,2019
982,Rb2Bi0.99PO8MoEu0.01,Rb2Bi0.99PO8Mo,Eu3+,0.01,,,350,615,0.65049,0.34917,,,,393.5,394,362,380,1811000,615,https://doi.org/10.3390/ma12193275,mp-1197894, icsd-426593,Materials,2019
983,Rb2Bi0.99PO8MoEu0.01,Rb2Bi0.99PO8Mo,Eu3+,0.01,,,400,615,0.64938,0.35026,,,,393.5,394,362,380,1786000,615,https://doi.org/10.3390/ma12193275,mp-1197894, icsd-426593,Materials,2019
984,Rb2Bi0.99PO8MoEu0.01,Rb2Bi0.99PO8Mo,Eu3+,0.01,,,450,615,0.64787,0.35172,,,,393.5,394,362,380,1749000,615,https://doi.org/10.3390/ma12193275,mp-1197894, icsd-426593,Materials,2019
985,Rb2Bi0.99PO8MoEu0.01,Rb2Bi0.99PO8Mo,Eu3+,0.01,,,500,615,0.64547,0.35406,,,,393.5,394,362,380,1712000,615,https://doi.org/10.3390/ma12193275,mp-1197894, icsd-426593,Materials,2019
986,Rb2Bi0.95PO8MoEu0.05,Rb2Bi0.95PO8Mo,Eu3+,0.05,,,298,615,0.64663,0.35294,53,,,393.5,394,362,380,1846000,615,https://doi.org/10.3390/ma12193275,mp-1197894, icsd-426593,Materials,2019
987,Rb2Bi0.9PO8MoEu0.1,Rb2Bi0.9PO8Mo,Eu3+,0.1,,,298,615,0.64841,0.35121,70,,,393.5,394,362,380,1843000,615,https://doi.org/10.3390/ma12193275,mp-1197894, icsd-426593,Materials,2019
988,Rb2Bi0.75PO8MoEu0.25,Rb2Bi0.75PO8Mo,Eu3+,0.25,,,298,615,0.65025,0.3494,89,,,393.5,394,362,380,1893000,615,https://doi.org/10.3390/ma12193275,mp-1197894, icsd-426593,Materials,2019
989,Rb2Bi0.5PO8MoEu0.5,Rb2Bi0.5PO8Mo,Eu3+,0.5,,,298,615,0.65099,0.34868,98,,,393.5,394,362,380,2044000,615,https://doi.org/10.3390/ma12193275,mp-1197894, icsd-426593,Materials,2019
990,Rb2Bi0.5PO8MoEu0.5,Rb2Bi0.5PO8Mo,Eu3+,0.5,,,300,615,0.64754,0.35193,,,,393.5,394,362,380,2017000,615,https://doi.org/10.3390/ma12193275,mp-1197894, icsd-426593,Materials,2019
991,Rb2Bi0.5PO8MoEu0.5,Rb2Bi0.5PO8Mo,Eu3+,0.5,,,350,615,0.64752,0.35196,,,,393.5,394,362,380,1995000,615,https://doi.org/10.3390/ma12193275,mp-1197894, icsd-426593,Materials,2019
992,Rb2Bi0.5PO8MoEu0.5,Rb2Bi0.5PO8Mo,Eu3+,0.5,,,400,615,0.64674,0.35273,,,,393.5,394,362,380,1976000,615,https://doi.org/10.3390/ma12193275,mp-1197894, icsd-426593,Materials,2019
993,Rb2Bi0.5PO8MoEu0.5,Rb2Bi0.5PO8Mo,Eu3+,0.5,,,450,615,0.64573,0.3537,,,,393.5,394,362,380,1953000,615,https://doi.org/10.3390/ma12193275,mp-1197894, icsd-426593,Materials,2019
994,Rb2Bi0.5PO8MoEu0.5,Rb2Bi0.5PO8Mo,Eu3+,0.5,,,500,615,0.64379,0.35557,,,,393.5,394,362,380,1913000,615,https://doi.org/10.3390/ma12193275,mp-1197894, icsd-426593,Materials,2019
995,Rb2Bi0.25PO8MoEu0.75,Rb2Bi0.25PO8Mo,Eu3+,0.75,,,298,615,0.651,0.34868,94,,,393.5,394,362,380,1955000,615,https://doi.org/10.3390/ma12193275,mp-1197894, icsd-426593,Materials,2019
996,Rb2PO8MoEu1,Rb2PO8Mo,Eu3+,1,,,298,615,0.65152,0.34816,92,,716,393.5,394,362,380,1932000,615,https://doi.org/10.3390/ma12193275,mp-1197894, icsd-426593,Materials,2019
997,Rb2PO8MoEu1,Rb2PO8Mo,Eu3+,1,,,300,615,0.65081,0.34886,,,,393.5,394,362,380,1942000,615,https://doi.org/10.3390/ma12193275,mp-1197894, icsd-426593,Materials,2019
998,Rb2PO8MoEu1,Rb2PO8Mo,Eu3+,1,,,350,615,0.65048,0.34918,,,,393.5,394,362,380,1961000,615,https://doi.org/10.3390/ma12193275,mp-1197894, icsd-426593,Materials,2019
999,Rb2PO8MoEu1,Rb2PO8Mo,Eu3+,1,,,400,615,0.64974,0.3499,,,,393.5,394,362,380,1965000,615,https://doi.org/10.3390/ma12193275,mp-1197894, icsd-426593,Materials,2019
1000,Rb2PO8MoEu1,Rb2PO8Mo,Eu3+,1,,,450,615,0.6483,0.35129,,,,393.5,394,362,380,1956000,615,https://doi.org/10.3390/ma12193275,mp-1197894, icsd-426593,Materials,2019
1001,Rb2PO8MoEu1,Rb2PO8Mo,Eu3+,1,,,500,615,0.6461,0.35344,,,,393.5,394,362,380,1905000,615,https://doi.org/10.3390/ma12193275,mp-1197894, icsd-426593,Materials,2019
1002,Y2Mo4O15Eu0.01,Y2Mo4O15,Eu3+,0.01,,,298,615,0.6656,0.3341,,30,,393.5,394,465,360,816000,616,https://doi.org/10.1038/srep26098,mp-1203448, icsd-422017,Scientific Reports,2016
1003,Y2Mo4O15Eu0.01,Y2Mo4O15,Eu3+,0.01,,,300,615,0.6639,0.3356,,,,393.5,,,,812000,,https://doi.org/10.1038/srep26098,mp-1203448, icsd-422017,Scientific Reports,2016
1004,Y2Mo4O15Eu0.01,Y2Mo4O15,Eu3+,0.01,,,350,615,0.6632,0.3363,,,,393.5,,,,802000,,https://doi.org/10.1038/srep26098,mp-1203448, icsd-422017,Scientific Reports,2016
1005,Y2Mo4O15Eu0.01,Y2Mo4O15,Eu3+,0.01,,,400,615,0.6613,0.3382,,,,393.5,,,,796000,,https://doi.org/10.1038/srep26098,mp-1203448, icsd-422017,Scientific Reports,2016
1006,Y2Mo4O15Eu0.01,Y2Mo4O15,Eu3+,0.01,,,450,615,0.6578,0.3415,,,,393.5,,,,783000,,https://doi.org/10.1038/srep26098,mp-1203448, icsd-422017,Scientific Reports,2016
1007,Y2Mo4O15Eu0.01,Y2Mo4O15,Eu3+,0.01,,,500,615,0.6527,0.3464,,,,393.5,,,,758000,,https://doi.org/10.1038/srep26098,mp-1203448, icsd-422017,Scientific Reports,2016
1008,Y2Mo4O15Eu0.05,Y2Mo4O15,Eu3+,0.05,,,298,615,0.6656,0.3341,,38,,393.5,394,465,360,813000,616,https://doi.org/10.1038/srep26098,mp-1203448, icsd-422017,Scientific Reports,2016
1009,Y2Mo4O15Eu0.1,Y2Mo4O15,Eu3+,0.1,,,298,615,0.6661,0.3336,,62,349,393.5,394,465,360,808000,616,https://doi.org/10.1038/srep26098,mp-1203448, icsd-422017,Scientific Reports,2016
1010,Y2Mo4O15Eu0.1,Y2Mo4O15,Eu3+,0.1,,,300,615,0.6666,0.3331,,,,393.5,,,,801000,,https://doi.org/10.1038/srep26098,mp-1203448, icsd-422017,Scientific Reports,2016
1011,Y2Mo4O15Eu0.1,Y2Mo4O15,Eu3+,0.1,,,350,615,0.6663,0.3334,,,,393.5,,,,796000,,https://doi.org/10.1038/srep26098,mp-1203448, icsd-422017,Scientific Reports,2016
1012,Y2Mo4O15Eu0.1,Y2Mo4O15,Eu3+,0.1,,,400,615,0.6651,0.3346,,,,393.5,,,,787000,,https://doi.org/10.1038/srep26098,mp-1203448, icsd-422017,Scientific Reports,2016
1013,Y2Mo4O15Eu0.1,Y2Mo4O15,Eu3+,0.1,,,450,615,0.6628,0.3368,,,,393.5,,,,769000,,https://doi.org/10.1038/srep26098,mp-1203448, icsd-422017,Scientific Reports,2016
1014,Y2Mo4O15Eu0.1,Y2Mo4O15,Eu3+,0.1,,,500,615,0.6603,0.3392,,,,393.5,,,,734000,,https://doi.org/10.1038/srep26098,mp-1203448, icsd-422017,Scientific Reports,2016
1015,Y2Mo4O15Eu0.25,Y2Mo4O15,Eu3+,0.25,,,298,615,0.6665,0.3332,,73,,393.5,394,465,360,784000,616,https://doi.org/10.1038/srep26098,mp-1203448, icsd-422017,Scientific Reports,2016
1016,Y2Mo4O15Eu0.5,Y2Mo4O15,Eu3+,0.5,,,298,615,0.6669,0.3328,,77,,393.5,394,465,360,727000,616,https://doi.org/10.1038/srep26098,mp-1203448, icsd-422017,Scientific Reports,2016
1017,Y2Mo4O15Eu0.75,Y2Mo4O15,Eu3+,0.75,,,298,615,0.6668,0.3329,,59,449,393.5,394,465,360,601000,616,https://doi.org/10.1038/srep26098,mp-1203448, icsd-422017,Scientific Reports,2016
1018,Y2Mo4O15Eu0.75,Y2Mo4O15,Eu3+,0.75,,,300,615,0.6672,0.3325,,,,393.5,,,,597000,,https://doi.org/10.1038/srep26098,mp-1203448, icsd-422017,Scientific Reports,2016
1019,Y2Mo4O15Eu0.75,Y2Mo4O15,Eu3+,0.75,,,350,615,0.6667,0.3331,,,,393.5,,,,618000,,https://doi.org/10.1038/srep26098,mp-1203448, icsd-422017,Scientific Reports,2016
1020,Y2Mo4O15Eu0.75,Y2Mo4O15,Eu3+,0.75,,,400,615,0.6654,0.3343,,,,393.5,,,,615000,,https://doi.org/10.1038/srep26098,mp-1203448, icsd-422017,Scientific Reports,2016
1021,Y2Mo4O15Eu0.75,Y2Mo4O15,Eu3+,0.75,,,450,615,0.6636,0.3361,,,,393.5,,,,524000,,https://doi.org/10.1038/srep26098,mp-1203448, icsd-422017,Scientific Reports,2016
1022,Y2Mo4O15Eu0.75,Y2Mo4O15,Eu3+,0.75,,,500,615,0.6611,0.3385,,,,393.5,,,,486000,,https://doi.org/10.1038/srep26098,mp-1203448, icsd-422017,Scientific Reports,2016
1023,Cs0.99ZnPO4Eu0.01,Cs0.99ZnPO4,Eu3+,0.01,,,300,615,0.62,0.34,,,,266,395,,,,615,https://doi.org/10.1016/j.solidstatesciences.2013.12.017,"mp-557693,mp-559752,mp-18673", icsd-85455 icsd-236912 icsd-85456 icsd-85457,Solid State Sciences,2014
1024,Cs0.95ZnPO4Eu0.05,Cs0.95ZnPO4,Eu3+,0.05,,,300,615,0.62,0.34,,,,266,,,,980000,615,https://doi.org/10.1016/j.solidstatesciences.2013.12.017,"mp-557693,mp-559752,mp-18673", icsd-85455 icsd-236912 icsd-85456 icsd-85457,Solid State Sciences,2014
1025,Cs0.93ZnPO4Eu0.07,Cs0.93ZnPO4,Eu3+,0.07,,,300,615,0.62,0.34,,,,266,395,,,,615,https://doi.org/10.1016/j.solidstatesciences.2013.12.017,"mp-557693,mp-559752,mp-18673", icsd-85455 icsd-236912 icsd-85456 icsd-85457,Solid State Sciences,2014
1026,LiGd2.7Mo5O20Eu0.1,LiGd2.7Mo5O20,Eu3+,0.1,,,298,615,,,,,,395,,,,416000,615,https://doi.org/10.1364/OME.8.000259,,,Optical Materials Express,2018
1027,LiGd2.1Mo5O20Eu0.3,LiGd2.1Mo5O20,Eu3+,0.3,,,298,615,,,,,,395,,,,420000,615,https://doi.org/10.1364/OME.8.000259,,,Optical Materials Express,2018
1028,LiGd1.5Mo5O20Eu0.5,LiGd1.5Mo5O20,Eu3+,0.5,,,298,615,,,,,,395,,,,422000,615,https://doi.org/10.1364/OME.8.000259,,,Optical Materials Express,2018
1029,LiGd0.9Mo5O20Eu0.7,LiGd0.9Mo5O20,Eu3+,0.7,,,298,615,,,,,,395,,,,425000,615,https://doi.org/10.1364/OME.8.000259,,,Optical Materials Express,2018
1030,LiGd0.6Mo5O20Eu0.8,LiGd0.6Mo5O20,Eu3+,0.8,,,298,615,,,,,,395,,,,420000,615,https://doi.org/10.1364/OME.8.000259,,,Optical Materials Express,2018
1031,LiGd0.3Mo5O20Eu0.9,LiGd0.3Mo5O20,Eu3+,0.9,,,298,615,0.6705,0.3292,41,,483,395,395,465,,422000,615,https://doi.org/10.1364/OME.8.000259,,,Optical Materials Express,2018
1032,LiGd0.3Mo5O20Eu0.9,LiGd0.3Mo5O20,Eu3+,0.9,,,375,615,0.6695,0.3303,,,,395,,,,,,https://doi.org/10.1364/OME.8.000259,,,Optical Materials Express,2018
1033,LiGd0.3Mo5O20Eu0.9,LiGd0.3Mo5O20,Eu3+,0.9,,,450,615,0.6683,0.3314,,,,395,,,,,,https://doi.org/10.1364/OME.8.000259,,,Optical Materials Express,2018
1034,LiGd0.3Mo5O20Eu0.9,LiGd0.3Mo5O20,Eu3+,0.9,,,550,615,0.6658,0.334,,,,395,,,,,,https://doi.org/10.1364/OME.8.000259,,,Optical Materials Express,2018
1035,LiMo5O20Eu1,LiMo5O20,Eu3+,1,,,298,615,,,,,,395,,,,422000,615,https://doi.org/10.1364/OME.8.000259,,,Optical Materials Express,2018
1036,Li3Ba2La2.9W8O32Eu0.1,Li3Ba2La2.9W8O32,Eu3+,0.1,,,298,615,,,,,,395,,,,634000,615,https://doi.org/10.1364/OME.6.000181,,,Optical Materials Express,2015
1037,Li3Ba2La2.4W8O32Eu0.6,Li3Ba2La2.4W8O32,Eu3+,0.6,,,298,615,,,,,,395,,,,638000,615,https://doi.org/10.1364/OME.6.000181,,,Optical Materials Express,2015
1038,Li3Ba2La1.8W8O32Eu1.2,Li3Ba2La1.8W8O32,Eu3+,1.2,,,298,615,,,,,,395,,,,635000,615,https://doi.org/10.1364/OME.6.000181,,,Optical Materials Express,2015
1039,Li3Ba2La1.2W8O32Eu1.8,Li3Ba2La1.2W8O32,Eu3+,1.8,,,298,615,,,,,,395,,,,630000,615,https://doi.org/10.1364/OME.6.000181,,,Optical Materials Express,2015
1040,Li3Ba2La0.9W8O32Eu2.1,Li3Ba2La0.9W8O32,Eu3+,2.1,,,298,615,,,,,,395,,,,,615,https://doi.org/10.1364/OME.6.000181,,,Optical Materials Express,2015
1041,Li3Ba2La0.6W8O32Eu2.4,Li3Ba2La0.6W8O32,Eu3+,2.4,,,298,615,,,,,,395,,,,627000,615,https://doi.org/10.1364/OME.6.000181,,,Optical Materials Express,2015
1042,Li3Ba2La0.3W8O32Eu2.7,Li3Ba2La0.3W8O32,Eu3+,2.7,,,298,615,,,,,510,395,,,,571000,615,https://doi.org/10.1364/OME.6.000181,,,Optical Materials Express,2015
1043,Li3Ba2W8O32Eu3,Li3Ba2W8O32,Eu3+,3,,,298,615,0.67,0.33,,,,395,465,395,,528000,615,https://doi.org/10.1364/OME.6.000181,,,Optical Materials Express,2015
1044,Sr1.96Si5N8Eu0.04,Sr1.96Si5N8,Eu2+,0.04,,,298,615,0.61,0.39,,,,420,428,308,,,615,https://doi.org/10.1016/j.ceramint.2014.04.054,mp-9710, icsd-401500,Ceramics International,2014
1045,Sr1.95Si5N8Eu0.04Mn0.01,Sr1.95Si5N8,Eu2+,0.04,Mn2+,0.01,298,615,0.61,0.39,,,,420,428,308,,,615,https://doi.org/10.1016/j.ceramint.2014.04.054,mp-9710, icsd-401500,Ceramics International,2014
1046,Sr1.94Si5N8Eu0.04Mn0.02,Sr1.94Si5N8,Eu2+,0.04,Mn2+,0.02,298,615,0.61,0.38,,,,420,428,308,,,615,https://doi.org/10.1016/j.ceramint.2014.04.054,mp-9710, icsd-401500,Ceramics International,2014
1047,Sr1.93Si5N8Eu0.04Mn0.03,Sr1.93Si5N8,Eu2+,0.04,Mn2+,0.03,298,615,0.62,0.38,,,,420,428,308,,,615,https://doi.org/10.1016/j.ceramint.2014.04.054,mp-9710, icsd-401500,Ceramics International,2014
1048,Sr1.92Si5N8Eu0.04Mn0.04,Sr1.92Si5N8,Eu2+,0.04,Mn2+,0.04,298,615,0.62,0.38,,,,420,428,308,,,615,https://doi.org/10.1016/j.ceramint.2014.04.054,mp-9710, icsd-401500,Ceramics International,2014
1049,Sr0.93MoO4Eu0.07,Sr0.93MoO4,Eu3+,0.07,,,298,615,0.623,0.335,,,,290,290,393,,488000,615,https://doi.org/10.1039/C5RA06053B,mp-18834, icsd-193794 icsd-250491 icsd-23700 icsd-28025 icsd-194080 icsd-173125 icsd-173120 icsd-245803 icsd-245802 icsd-173122 icsd-239418 icsd-248458 icsd-99089 icsd-194081,RSC Advances,2015
1050,Sr0.86MoO4Na0.07Eu0.07,Sr0.86MoO4Na0.07,Eu3+,0.07,,,298,615,0.644,0.355,,,,290,,,,562000,615,https://doi.org/10.1039/C5RA06053B,mp-18834, icsd-193794 icsd-250491 icsd-23700 icsd-28025 icsd-194080 icsd-173125 icsd-173120 icsd-245803 icsd-245802 icsd-173122 icsd-239418 icsd-248458 icsd-99089 icsd-194081,RSC Advances,2015
1051,Sr0.84MoO4Na0.09Eu0.07,Sr0.84MoO4Na0.09,Eu3+,0.07,,,298,615,,,,,,290,,,,500000,615,https://doi.org/10.1039/C5RA06053B,mp-18834, icsd-193794 icsd-250491 icsd-23700 icsd-28025 icsd-194080 icsd-173125 icsd-173120 icsd-245803 icsd-245802 icsd-173122 icsd-239418 icsd-248458 icsd-99089 icsd-194081,RSC Advances,2015
1052,Ba2Gd4.9B5O17Eu0.1,Ba2Gd4.9B5O17,Eu3+,0.1,,,298,615,0.657,0.341,25.8,,,396,,,,1252000,615,https://doi.org/10.1016/j.optmat.2018.07.023,,,Optical Materials,2018
1053,Ba2Gd4.8B5O17Eu0.2,Ba2Gd4.8B5O17,Eu3+,0.2,,,298,615,0.658,0.341,27.8,,,396,,,,1286000,615,https://doi.org/10.1016/j.optmat.2018.07.023,,,Optical Materials,2018
1054,Ba2Gd4.6B5O17Eu0.4,Ba2Gd4.6B5O17,Eu3+,0.4,,,298,615,0.658,0.342,33.2,,,396,,,,1382000,615,https://doi.org/10.1016/j.optmat.2018.07.023,,,Optical Materials,2018
1055,Ba2Gd4.5B5O17Eu0.5,Ba2Gd4.5B5O17,Eu3+,0.5,,,298,615,0.657,0.342,39.7,,490,396,396,475,,1417000,615,https://doi.org/10.1016/j.optmat.2018.07.023,,,Optical Materials,2018
1056,Ba2Gd4.4B5O17Eu0.6,Ba2Gd4.4B5O17,Eu3+,0.6,,,298,615,0.657,0.342,42,,,396,,,,1457000,615,https://doi.org/10.1016/j.optmat.2018.07.023,,,Optical Materials,2018
1057,Ba2Gd4.2B5O17Eu0.8,Ba2Gd4.2B5O17,Eu3+,0.8,,,298,615,0.656,0.342,36,,,396,,,,1512000,615,https://doi.org/10.1016/j.optmat.2018.07.023,,,Optical Materials,2018
1058,Ca2ZnWO6Eu0.002,Ca2ZnWO6,Eu3+,0.002,,,298,615,0.515,0.471,,,,466,466,397,,,615,https://doi.org/10.1016/j.jlumin.2014.01.045,"mp-781505,mp-779906", icsd-262323,Journal of Luminescence,2014
1059,CdY3.6MoO16Eu0.1,CdY3.6MoO16,Eu3+,0.1,,,298,615,0.673,0.223,24.9,,,395,,,,,,https://doi.org/10.1364/OME.6.002397,,,Optical Materials Express,2016
1060,CdY3.2MoO16Eu0.2,CdY3.2MoO16,Eu3+,0.2,,,298,615,0.664,0.327,35.7,,,395,,,,,,https://doi.org/10.1364/OME.6.002397,,,Optical Materials Express,2016
1061,CdY2.8MoO16Eu0.3,CdY2.8MoO16,Eu3+,0.3,,,298,615,0.668,0.324,53.4,,,395,,,,,,https://doi.org/10.1364/OME.6.002397,,,Optical Materials Express,2016
1062,CdY2.4MoO16Eu0.4,CdY2.4MoO16,Eu3+,0.4,,,298,615,0.667,0.332,63.5,,,395,,,,,,https://doi.org/10.1364/OME.6.002397,,,Optical Materials Express,2016
1063,CdY2MoO16Eu0.5,CdY2MoO16,Eu3+,0.5,,,298,615,0.665,0.329,67.5,,,395,,,,,,https://doi.org/10.1364/OME.6.002397,,,Optical Materials Express,2016
1064,CdY1.6MoO16Eu0.6,CdY1.6MoO16,Eu3+,0.6,,,298,615,0.667,0.326,62.1,,,395,,,,,,https://doi.org/10.1364/OME.6.002397,,,Optical Materials Express,2016
1065,Y2O3Eu0.05,Y2O3,Eu3+,0.05,,,298,615,0.62,0.37,12.2,5.8,,466,,,,,615,https://doi.org/10.1016/j.ceramint.2013.01.013,"mp-2652,mp-558573,mp-754759,mp-775907,mp-775906,mp-13061,mp-777514,mp-1244949,mp-1245017,mp-1244888,mp-1245291,mp-1216050,mp-673247", icsd-290965 icsd-192862 icsd-181825 icsd-78581 icsd-27772 icsd-237970 icsd-186675 icsd-80033 icsd-66242 icsd-86813 icsd-85355 icsd-81861 icsd-41936 icsd-647653 icsd-86814 icsd-160890 icsd-193377 icsd-155173 icsd-290963 icsd-151761 icsd-181871 icsd-290961 icsd-26190 icsd-290960 icsd-193042 icsd-16394 icsd-66243 icsd-86817 icsd-184530 icsd-66730 icsd-193376 icsd-153500 icsd-77081 icsd-151760 icsd-290962 icsd-23811 icsd-185295 icsd-290964 icsd-41267 icsd-193374 icsd-193375 icsd-187274 icsd-82420 icsd-86815 icsd-181826 icsd-192863 icsd-160219 icsd-647650 icsd-160204 icsd-181827 icsd-192864,Ceramics International,2013
1066,Y2O3Eu0.05,Y2O3,Eu3+,0.05,,,298,615,0.654,0.344,9.6,3,,394,,,,,,https://doi.org/10.1016/j.ceramint.2013.01.013,"mp-2652,mp-558573,mp-754759,mp-775907,mp-775906,mp-13061,mp-777514,mp-1244949,mp-1245017,mp-1244888,mp-1245291,mp-1216050,mp-673247", icsd-290965 icsd-192862 icsd-181825 icsd-78581 icsd-27772 icsd-237970 icsd-186675 icsd-80033 icsd-66242 icsd-86813 icsd-85355 icsd-81861 icsd-41936 icsd-647653 icsd-86814 icsd-160890 icsd-193377 icsd-155173 icsd-290963 icsd-151761 icsd-181871 icsd-290961 icsd-26190 icsd-290960 icsd-193042 icsd-16394 icsd-66243 icsd-86817 icsd-184530 icsd-66730 icsd-193376 icsd-153500 icsd-77081 icsd-151760 icsd-290962 icsd-23811 icsd-185295 icsd-290964 icsd-41267 icsd-193374 icsd-193375 icsd-187274 icsd-82420 icsd-86815 icsd-181826 icsd-192863 icsd-160219 icsd-647650 icsd-160204 icsd-181827 icsd-192864,Ceramics International,2013
1067,SrBi2Ta2O9Eu0.01,SrBi2Ta2O9,Eu3+,0.01,,,298,615,0.585,0.407,,,,465,465,395,,,615,https://doi.org/10.1016/j.jlumin.2019.03.057,"mp-23089,mp-559951,mp-554675,mp-556569", icsd-95918 icsd-167947 icsd-155725 icsd-97064 icsd-92057 icsd-157794 icsd-87722 icsd-89014 icsd-158292 icsd-92958 icsd-93605 icsd-97041,Journal of Luminescence,2019
1068,SrBi2Ta2O9Eu0.02,SrBi2Ta2O9,Eu3+,0.02,,,298,615,0.629,0.369,,,,465,465,395,,,615,https://doi.org/10.1016/j.jlumin.2019.03.057,"mp-23089,mp-559951,mp-554675,mp-556569", icsd-95918 icsd-167947 icsd-155725 icsd-97064 icsd-92057 icsd-157794 icsd-87722 icsd-89014 icsd-158292 icsd-92958 icsd-93605 icsd-97041,Journal of Luminescence,2019
1069,SrBi2Ta2O9Eu0.04,SrBi2Ta2O9,Eu3+,0.04,,,298,615,0.632,0.367,,,,465,465,395,,,615,https://doi.org/10.1016/j.jlumin.2019.03.057,"mp-23089,mp-559951,mp-554675,mp-556569", icsd-95918 icsd-167947 icsd-155725 icsd-97064 icsd-92057 icsd-157794 icsd-87722 icsd-89014 icsd-158292 icsd-92958 icsd-93605 icsd-97041,Journal of Luminescence,2019
1070,SrBi2Ta2O9Eu0.1,SrBi2Ta2O9,Eu3+,0.1,,,298,615,0.635,0.364,,,,465,465,395,,1218000,615,https://doi.org/10.1016/j.jlumin.2019.03.057,"mp-23089,mp-559951,mp-554675,mp-556569", icsd-95918 icsd-167947 icsd-155725 icsd-97064 icsd-92057 icsd-157794 icsd-87722 icsd-89014 icsd-158292 icsd-92958 icsd-93605 icsd-97041,Journal of Luminescence,2019
1071,SrBi2Ta2O9Eu0.2,SrBi2Ta2O9,Eu3+,0.2,,,298,615,0.641,0.358,,,400,465,465,395,,1191000,615,https://doi.org/10.1016/j.jlumin.2019.03.057,"mp-23089,mp-559951,mp-554675,mp-556569", icsd-95918 icsd-167947 icsd-155725 icsd-97064 icsd-92057 icsd-157794 icsd-87722 icsd-89014 icsd-158292 icsd-92958 icsd-93605 icsd-97041,Journal of Luminescence,2019
1072,SrBi2Ta2O9Eu0.3,SrBi2Ta2O9,Eu3+,0.3,,,298,615,0.639,0.36,,,,465,465,395,,,615,https://doi.org/10.1016/j.jlumin.2019.03.057,"mp-23089,mp-559951,mp-554675,mp-556569", icsd-95918 icsd-167947 icsd-155725 icsd-97064 icsd-92057 icsd-157794 icsd-87722 icsd-89014 icsd-158292 icsd-92958 icsd-93605 icsd-97041,Journal of Luminescence,2019
1073,SrBi2Ta2O9Eu0.4,SrBi2Ta2O9,Eu3+,0.4,,,298,615,0.637,0.362,,,,465,465,395,,,615,https://doi.org/10.1016/j.jlumin.2019.03.057,"mp-23089,mp-559951,mp-554675,mp-556569", icsd-95918 icsd-167947 icsd-155725 icsd-97064 icsd-92057 icsd-157794 icsd-87722 icsd-89014 icsd-158292 icsd-92958 icsd-93605 icsd-97041,Journal of Luminescence,2019
1074,SrBi2Ta2O9Eu0.6,SrBi2Ta2O9,Eu3+,0.6,,,298,615,0.637,0.361,,,,465,465,395,,1119000,615,https://doi.org/10.1016/j.jlumin.2019.03.057,"mp-23089,mp-559951,mp-554675,mp-556569", icsd-95918 icsd-167947 icsd-155725 icsd-97064 icsd-92057 icsd-157794 icsd-87722 icsd-89014 icsd-158292 icsd-92958 icsd-93605 icsd-97041,Journal of Luminescence,2019
1075,NaGdW2O8Eu0.6,NaGdW2O8,Eu3+,0.6,,,298,615,,,73,,,395,395,465,530,561300,615,https://doi.org/10.1016/j.cap.2010.09.002,mp-1192304, icsd-408189,Current Applied Physics,2011
1076,Gd2W3O12Eu0.05,Gd2W3O12,Eu3+,0.05,,,298,615,0.66,0.34,64,,,393,,,,760000,,https://doi.org/10.1016/S0022-4596(02)00221-9,"mp-778228,mp-778269,mp-773192",,Journal of Solid State Chemistry,2003
1077,NaLa3.6Mo3O15FEu0.1,NaLa3.6Mo3O15F,Eu3+,0.1,,,298,615,0.664,0.329,32.1,,,395,395,465,,,615,https://doi.org/10.1364/OME.4.000190,,,Optical Materials Express,2014
1078,NaLa3.2Mo3O15FEu0.2,NaLa3.2Mo3O15F,Eu3+,0.2,,,298,615,0.671,0.225,36.3,,,395,395,465,,,615,https://doi.org/10.1364/OME.4.000190,,,Optical Materials Express,2014
1079,NaLa2.8Mo3O15FEu0.3,NaLa2.8Mo3O15F,Eu3+,0.3,,,298,615,0.671,0.321,37.6,,,395,395,465,,,615,https://doi.org/10.1364/OME.4.000190,,,Optical Materials Express,2014
1080,NaLa2.4Mo3O15FEu0.4,NaLa2.4Mo3O15F,Eu3+,0.4,,,298,615,0.665,0.328,45.5,,,395,395,465,,,615,https://doi.org/10.1364/OME.4.000190,,,Optical Materials Express,2014
1081,NaLa2Mo3O15FEu0.5,NaLa2Mo3O15F,Eu3+,0.5,,,298,615,0.667,0.323,58.1,,,395,395,465,,,615,https://doi.org/10.1364/OME.4.000190,,,Optical Materials Express,2014
1082,NaLa1.6Mo3O15FEu0.6,NaLa1.6Mo3O15F,Eu3+,0.6,,,298,615,0.668,0.331,65.8,,,395,395,465,,,615,https://doi.org/10.1364/OME.4.000190,,,Optical Materials Express,2014
1083,NaLa1.2Mo3O15FEu0.7,NaLa1.2Mo3O15F,Eu3+,0.7,,,298,615,0.664,0.328,72.5,,,395,395,465,,,615,https://doi.org/10.1364/OME.4.000190,,,Optical Materials Express,2014
1084,NaLa0.8Mo3O15FEu0.8,NaLa0.8Mo3O15F,Eu3+,0.8,,,298,615,0.668,0.323,66.8,,,395,395,465,,,615,https://doi.org/10.1364/OME.4.000190,,,Optical Materials Express,2014
1085,NaLa0.4Mo3O15FEu0.9,NaLa0.4Mo3O15F,Eu3+,0.9,,,298,615,0.662,0.332,65.7,,,395,395,465,,,615,https://doi.org/10.1364/OME.4.000190,,,Optical Materials Express,2014
1086,NaMo3O15FEu1,NaMo3O15F,Eu3+,1,,,298,615,0.667,0.325,62.9,,,395,395,465,,,615,https://doi.org/10.1364/OME.4.000190,,,Optical Materials Express,2014
1087,Ba3.72Na2W2O11Eu0.07,Ba3.72Na2W2O11,Eu3+,0.07,,,298,615,,,10.1,,,275,395,,,,615,https://doi.org/10.1016/j.jallcom.2015.09.182,mp-1228581,,Journal of Alloys and Compounds,2016
1088,Ba3.72Na2W2O11Eu0.07,Ba3.72Na2W2O11,Eu3+,0.07,,,298,615,,,15.8,,,335,395,,,,615,https://doi.org/10.1016/j.jallcom.2015.09.182,mp-1228581,,Journal of Alloys and Compounds,2016
1089,Ba3.96Na2W2O11Eu0.01,Ba3.96Na2W2O11,Eu3+,0.01,,,298,615,0.575,0.397,,,,395,395,,,,615,https://doi.org/10.1016/j.jallcom.2015.09.182,mp-1228581,,Journal of Alloys and Compounds,2016
1090,Ba3.96Na2W2O11Eu0.01,Ba3.96Na2W2O11,Eu3+,0.01,,,298,615,,,,,,266,395,,,1590000,615,https://doi.org/10.1016/j.jallcom.2015.09.182,mp-1228581,,Journal of Alloys and Compounds,2016
1091,Ba3.88Na2W2O11Eu0.03,Ba3.88Na2W2O11,Eu3+,0.03,,,298,615,,,,,,266,395,,,1410000,615,https://doi.org/10.1016/j.jallcom.2015.09.182,mp-1228581,,Journal of Alloys and Compounds,2016
1092,Ba3.8Na2W2O11Eu0.05,Ba3.8Na2W2O11,Eu3+,0.05,,,298,615,,,,,,266,395,,,1050000,615,https://doi.org/10.1016/j.jallcom.2015.09.182,mp-1228581,,Journal of Alloys and Compounds,2016
1093,Ba3.72Na2W2O11Eu0.07,Ba3.72Na2W2O11,Eu3+,0.07,,,298,615,,,,,,266,395,,,960000,615,https://doi.org/10.1016/j.jallcom.2015.09.182,mp-1228581,,Journal of Alloys and Compounds,2016
1094,Ba3.72Na2W2O11Eu0.07,Ba3.72Na2W2O11,Eu3+,0.07,,,298,615,,,68.1,,,395,395,,,,615,https://doi.org/10.1016/j.jallcom.2015.09.182,mp-1228581,,Journal of Alloys and Compounds,2016
1095,Ba3.64Na2W2O11Eu0.09,Ba3.64Na2W2O11,Eu3+,0.09,,,298,615,0.654,0.329,,,,395,395,,,69000,615,https://doi.org/10.1016/j.jallcom.2015.09.182,mp-1228581,,Journal of Alloys and Compounds,2016
1096,Ba3.72Na2W2O11Eu0.07,Ba3.72Na2W2O11,Eu3+,0.07,,,298,615,,,45.3,,,465,395,,,,615,https://doi.org/10.1016/j.jallcom.2015.09.182,mp-1228581,,Journal of Alloys and Compounds,2016
1097,SrLa0.86MgTaO6Dy0.07Eu0.07,SrLa0.86MgTaO6,Dy3+,0.07,Eu3+,0.07,298,615,0.393,0.28,,,,354,354,392,367,183000,577,https://doi.org/10.1016/j.materresbull.2016.12.035,mp-1218203,,Materials Research Bulletin,2017
1098,SrLa0.83MgTaO6Dy0.07Eu0.1,SrLa0.83MgTaO6,Dy3+,0.07,Eu3+,0.1,298,615,0.404,0.279,,,,354,354,392,367,176000,577,https://doi.org/10.1016/j.materresbull.2016.12.035,mp-1218203,,Materials Research Bulletin,2017
1099,Sr3Lu0.993V2O8Eu0.007,Sr3Lu0.993V2O8,Eu3+,0.007,,,298,615,,,44,,,319,391,,,577000,615,https://doi.org/10.1111/jace.17689,"mp-18972,mp-541507,mp-555382,mp-1237534", icsd-69012 icsd-69000 icsd-72219 icsd-71450 icsd-80602 icsd-80601 icsd-80602,Journal of the American Ceramic Society,2021
1100,Sr3Lu0.991V2O8Eu0.009,Sr3Lu0.991V2O8,Eu3+,0.009,,,298,615,,,46,,,319,391,,,564600,615,https://doi.org/10.1111/jace.17689,"mp-18972,mp-541507,mp-555382,mp-1237534", icsd-69012 icsd-69000 icsd-72219 icsd-71450 icsd-80602 icsd-80601 icsd-80602,Journal of the American Ceramic Society,2021
1101,Sr3Lu0.98V2O8Eu0.02,Sr3Lu0.98V2O8,Eu3+,0.02,,,298,615,,,51,,,319,391,,,553200,615,https://doi.org/10.1111/jace.17689,"mp-18972,mp-541507,mp-555382,mp-1237534", icsd-69012 icsd-69000 icsd-72219 icsd-71450 icsd-80602 icsd-80601 icsd-80602,Journal of the American Ceramic Society,2021
1102,Sr3Lu0.96V2O8Eu0.04,Sr3Lu0.96V2O8,Eu3+,0.04,,,298,615,0.65,0.34,53,,,319,391,461,,541500,615,https://doi.org/10.1111/jace.17689,"mp-18972,mp-541507,mp-555382,mp-1237534", icsd-69012 icsd-69000 icsd-72219 icsd-71450 icsd-80602 icsd-80601 icsd-80602,Journal of the American Ceramic Society,2021
1103,Sr3Lu0.94V2O8Eu0.06,Sr3Lu0.94V2O8,Eu3+,0.06,,,298,615,,,49,,,319,391,,,523900,615,https://doi.org/10.1111/jace.17689,"mp-18972,mp-541507,mp-555382,mp-1237534", icsd-69012 icsd-69000 icsd-72219 icsd-71450 icsd-80602 icsd-80601 icsd-80602,Journal of the American Ceramic Society,2021
1104,LiGd0.5MgWO6Eu0.5,LiGd0.5MgWO6,Eu3+,0.5,,,298,615,0.664,0.336,69.8,,,395,465,,,,615,https://doi.org/10.1016/j.dyepig.2018.08.013,,,Dyes and Pigments,2019
1105,LiGd0.5MgWO6Eu0.5,LiGd0.5MgWO6,Eu3+,0.5,,,298,615,,,70.6,,,465,465,,,,615,https://doi.org/10.1016/j.dyepig.2018.08.013,,,Dyes and Pigments,2019
1106,Sr0.99MoO4Eu0.01,Sr0.99MoO4,Eu3+,0.01,,,298,615,,,,,,290,393,,,506000,615,https://doi.org/10.1039/C5RA06053B,mp-18834, icsd-193794 icsd-250491 icsd-23700 icsd-28025 icsd-194080 icsd-173125 icsd-173120 icsd-245803 icsd-245802 icsd-173122 icsd-239418 icsd-248458 icsd-99089 icsd-194081,RSC Advances,2015
1107,Sr0.93MoO4Eu0.07,Sr0.93MoO4,Eu3+,0.07,,,298,615,0.623,0.335,,,,290,393,,,488000,615,https://doi.org/10.1039/C5RA06053B,mp-18834, icsd-193794 icsd-250491 icsd-23700 icsd-28025 icsd-194080 icsd-173125 icsd-173120 icsd-245803 icsd-245802 icsd-173122 icsd-239418 icsd-248458 icsd-99089 icsd-194081,RSC Advances,2015
1108,Sr0.86MoO4Na0.07Eu0.07,Sr0.86MoO4Na0.07,Eu3+,0.07,,,298,615,0.644,0.355,,,,290,393,360,,562000,615,https://doi.org/10.1039/C5RA06053B,mp-18834, icsd-193794 icsd-250491 icsd-23700 icsd-28025 icsd-194080 icsd-173125 icsd-173120 icsd-245803 icsd-245802 icsd-173122 icsd-239418 icsd-248458 icsd-99089 icsd-194081,RSC Advances,2015
1109,Sr0.84MoO4Na0.09Eu0.07,Sr0.84MoO4Na0.09,Eu3+,0.07,,,298,615,,,,,,290,393,,,500000,615,https://doi.org/10.1039/C5RA06053B,mp-18834, icsd-193794 icsd-250491 icsd-23700 icsd-28025 icsd-194080 icsd-173125 icsd-173120 icsd-245803 icsd-245802 icsd-173122 icsd-239418 icsd-248458 icsd-99089 icsd-194081,RSC Advances,2015
1110,Ca0.5LaMo2O8Eu0.6,Ca0.5LaMo2O8,Eu3+,0.6,,,298,615,0.667,0.33,,,,395,395,,,378000,615,https://doi.org/10.1039/C5RA21208A,,,RSC Advances,2015
1111,Ca0.5LaMo2O8Eu0.6Bi0.03,Ca0.5LaMo2O8,Eu3+,0.6,Bi1+,0.03,298,615,,,,,,395,395,,,404000,615,https://doi.org/10.1039/C5RA21208A,,,RSC Advances,2015
1112,CaMoO4Eu0.24,CaMoO4,Eu3+,0.24,,,298,615,,,,,,395,395,,,448000,615,https://doi.org/10.1039/C5RA21208A,mp-19330, icsd-23699 icsd-60558 icsd-193793 icsd-183446 icsd-60557 icsd-194078 icsd-60554 icsd-60553 icsd-417513 icsd-183447 icsd-62219 icsd-60552 icsd-22351 icsd-194079 icsd-60556 icsd-60555 icsd-77334,RSC Advances,2015
1113,NaLaMo2O8Dy0.05Eu0.03,NaLaMo2O8,Dy3+,0.05,Eu3+,0.03,298,615,0.426,0.348,,,,362,387,350,,121630,573,https://doi.org/10.1016/j.jallcom.2015.08.256,mp-1220757,,Journal of Alloys and Compounds,2015
1114,NaLaMo2O8Dy0.05Eu0.05,NaLaMo2O8,Dy3+,0.05,Eu3+,0.05,298,615,0.454,0.34,,,,362,387,350,,109930,573,https://doi.org/10.1016/j.jallcom.2015.08.256,mp-1220757,,Journal of Alloys and Compounds,2015
1115,NaLaMo2O8Dy0.05Eu0.07,NaLaMo2O8,Dy3+,0.05,Eu3+,0.07,298,615,0.474,0.326,,,,362,387,350,,102160,573,https://doi.org/10.1016/j.jallcom.2015.08.256,mp-1220757,,Journal of Alloys and Compounds,2015
1116,NaLaMo2O8Dy0.05Eu0.09,NaLaMo2O8,Dy3+,0.05,Eu3+,0.09,298,615,0.486,0.325,,,,362,387,350,,90310,573,https://doi.org/10.1016/j.jallcom.2015.08.256,mp-1220757,,Journal of Alloys and Compounds,2015
1117,Na0.5Gd0.25MoO4Eu0.25,Na0.5Gd0.25MoO4,Eu3+,0.25,,,298,615,0.667,0.332,,,448,395,395,,,,615,https://doi.org/10.1016/j.jlumin.2016.07.045,,,Journal of Luminescence,2016
1118,Ca9La0.9P7O28Eu0.1,Ca9La0.9P7O28,Eu3+,0.1,,,298,615,,,,,,261,395,,,1880000,615,https://doi.org/10.1007/s00339-017-1226-5,,,Applied Physics A: Materials Science and Processing,2017
1119,Ca9La0.7P7O28Eu0.3,Ca9La0.7P7O28,Eu3+,0.3,,,298,615,,,,,,261,395,,,1830000,615,https://doi.org/10.1007/s00339-017-1226-5,,,Applied Physics A: Materials Science and Processing,2017
1120,Ca9La0.4P7O28Eu0.6,Ca9La0.4P7O28,Eu3+,0.6,,,298,615,0.64,0.36,,,470,261,395,,,1810000,615,https://doi.org/10.1007/s00339-017-1226-5,,,Applied Physics A: Materials Science and Processing,2017
1121,Ca9La0.1P7O28Eu0.9,Ca9La0.1P7O28,Eu3+,0.9,,,298,615,,,,,,261,395,,,1790000,615,https://doi.org/10.1007/s00339-017-1226-5,,,Applied Physics A: Materials Science and Processing,2017
1122,Ca9P7O28Eu1,Ca9P7O28,Eu3+,1,,,298,615,,,,,,261,395,,,1750000,615,https://doi.org/10.1007/s00339-017-1226-5,,,Applied Physics A: Materials Science and Processing,2017
1123,Ba0.95TiO3Eu0.05,Ba0.95TiO3,Eu3+,0.05,,,298,615,0.61,0.38,,,,397,397,,,,615,https://doi.org/10.1016/j.ceramint.2017.07.069,"mp-5020,mp-5777,mp-5986,mp-558125,mp-5933,mp-2998,mp-644497,mp-1076932,mp-995191,mp-19990,mp-504715", icsd-186463 icsd-73628 icsd-73634 icsd-73629 icsd-186461 icsd-73636 icsd-73633 icsd-73631 icsd-73635 icsd-100464 icsd-100463 icsd-186462 icsd-6102 icsd-73632 icsd-73630 icsd-31155 icsd-237109 icsd-73641 icsd-237106 icsd-73639 icsd-73640 icsd-73638 icsd-73637 icsd-186460 icsd-161340 icsd-161418 icsd-237107 icsd-30617 icsd-23758 icsd-245946 icsd-237105 icsd-185407 icsd-154345 icsd-73645 icsd-183932 icsd-186457 icsd-100801 icsd-189381 icsd-188644 icsd-100803 icsd-157806 icsd-73644 icsd-154343 icsd-164388 icsd-245944 icsd-186458 icsd-73646 icsd-100799 icsd-73643 icsd-237108 icsd-168763 icsd-100800 icsd-73642 icsd-15453 icsd-99737 icsd-100802 icsd-192889 icsd-245945 icsd-34637 icsd-130020 icsd-23759 icsd-67520 icsd-164385 icsd-31153 icsd-190835 icsd-186459 icsd-290023 icsd-95436 icsd-164387 icsd-248395 icsd-252558 icsd-55221 icsd-75240 icsd-164386 icsd-34619 icsd-186528 icsd-28851 icsd-27971 icsd-56093 icsd-187292 icsd-290019 icsd-187291 icsd-28854 icsd-29280 icsd-29146 icsd-28849 icsd-190924 icsd-99736 icsd-31890 icsd-27970 icsd-27975 icsd-27965 icsd-31885 icsd-27974 icsd-31884 icsd-31886 icsd-31889 icsd-27968 icsd-29147 icsd-31888 icsd-29148 icsd-28853 icsd-28848 icsd-28850 icsd-166225 icsd-95437 icsd-186437 icsd-28620 icsd-27966 icsd-43125 icsd-67519 icsd-27969 icsd-185374 icsd-154344 icsd-100804 icsd-252562 icsd-27967 icsd-31887 icsd-27977 icsd-27973 icsd-27976 icsd-67518 icsd-27972 icsd-28852 icsd-154346 icsd-161341 icsd-161419 icsd-161341 icsd-109327,Ceramics International,2017
1124,Ba0.94TiO3K0.01Eu0.05,Ba0.94TiO3K0.01,Eu3+,0.05,,,298,615,0.62,0.38,,,,397,397,,,,615,https://doi.org/10.1016/j.ceramint.2017.07.069,"mp-5020,mp-5777,mp-5986,mp-558125,mp-5933,mp-2998,mp-644497,mp-1076932,mp-995191,mp-19990,mp-504715", icsd-186463 icsd-73628 icsd-73634 icsd-73629 icsd-186461 icsd-73636 icsd-73633 icsd-73631 icsd-73635 icsd-100464 icsd-100463 icsd-186462 icsd-6102 icsd-73632 icsd-73630 icsd-31155 icsd-237109 icsd-73641 icsd-237106 icsd-73639 icsd-73640 icsd-73638 icsd-73637 icsd-186460 icsd-161340 icsd-161418 icsd-237107 icsd-30617 icsd-23758 icsd-245946 icsd-237105 icsd-185407 icsd-154345 icsd-73645 icsd-183932 icsd-186457 icsd-100801 icsd-189381 icsd-188644 icsd-100803 icsd-157806 icsd-73644 icsd-154343 icsd-164388 icsd-245944 icsd-186458 icsd-73646 icsd-100799 icsd-73643 icsd-237108 icsd-168763 icsd-100800 icsd-73642 icsd-15453 icsd-99737 icsd-100802 icsd-192889 icsd-245945 icsd-34637 icsd-130020 icsd-23759 icsd-67520 icsd-164385 icsd-31153 icsd-190835 icsd-186459 icsd-290023 icsd-95436 icsd-164387 icsd-248395 icsd-252558 icsd-55221 icsd-75240 icsd-164386 icsd-34619 icsd-186528 icsd-28851 icsd-27971 icsd-56093 icsd-187292 icsd-290019 icsd-187291 icsd-28854 icsd-29280 icsd-29146 icsd-28849 icsd-190924 icsd-99736 icsd-31890 icsd-27970 icsd-27975 icsd-27965 icsd-31885 icsd-27974 icsd-31884 icsd-31886 icsd-31889 icsd-27968 icsd-29147 icsd-31888 icsd-29148 icsd-28853 icsd-28848 icsd-28850 icsd-166225 icsd-95437 icsd-186437 icsd-28620 icsd-27966 icsd-43125 icsd-67519 icsd-27969 icsd-185374 icsd-154344 icsd-100804 icsd-252562 icsd-27967 icsd-31887 icsd-27977 icsd-27973 icsd-27976 icsd-67518 icsd-27972 icsd-28852 icsd-154346 icsd-161341 icsd-161419 icsd-161341 icsd-109327,Ceramics International,2017
1125,Ba0.93TiO3K0.02Eu0.05,Ba0.93TiO3K0.02,Eu3+,0.05,,,298,615,0.61,0.39,,,,397,397,,,,615,https://doi.org/10.1016/j.ceramint.2017.07.069,"mp-5020,mp-5777,mp-5986,mp-558125,mp-5933,mp-2998,mp-644497,mp-1076932,mp-995191,mp-19990,mp-504715", icsd-186463 icsd-73628 icsd-73634 icsd-73629 icsd-186461 icsd-73636 icsd-73633 icsd-73631 icsd-73635 icsd-100464 icsd-100463 icsd-186462 icsd-6102 icsd-73632 icsd-73630 icsd-31155 icsd-237109 icsd-73641 icsd-237106 icsd-73639 icsd-73640 icsd-73638 icsd-73637 icsd-186460 icsd-161340 icsd-161418 icsd-237107 icsd-30617 icsd-23758 icsd-245946 icsd-237105 icsd-185407 icsd-154345 icsd-73645 icsd-183932 icsd-186457 icsd-100801 icsd-189381 icsd-188644 icsd-100803 icsd-157806 icsd-73644 icsd-154343 icsd-164388 icsd-245944 icsd-186458 icsd-73646 icsd-100799 icsd-73643 icsd-237108 icsd-168763 icsd-100800 icsd-73642 icsd-15453 icsd-99737 icsd-100802 icsd-192889 icsd-245945 icsd-34637 icsd-130020 icsd-23759 icsd-67520 icsd-164385 icsd-31153 icsd-190835 icsd-186459 icsd-290023 icsd-95436 icsd-164387 icsd-248395 icsd-252558 icsd-55221 icsd-75240 icsd-164386 icsd-34619 icsd-186528 icsd-28851 icsd-27971 icsd-56093 icsd-187292 icsd-290019 icsd-187291 icsd-28854 icsd-29280 icsd-29146 icsd-28849 icsd-190924 icsd-99736 icsd-31890 icsd-27970 icsd-27975 icsd-27965 icsd-31885 icsd-27974 icsd-31884 icsd-31886 icsd-31889 icsd-27968 icsd-29147 icsd-31888 icsd-29148 icsd-28853 icsd-28848 icsd-28850 icsd-166225 icsd-95437 icsd-186437 icsd-28620 icsd-27966 icsd-43125 icsd-67519 icsd-27969 icsd-185374 icsd-154344 icsd-100804 icsd-252562 icsd-27967 icsd-31887 icsd-27977 icsd-27973 icsd-27976 icsd-67518 icsd-27972 icsd-28852 icsd-154346 icsd-161341 icsd-161419 icsd-161341 icsd-109327,Ceramics International,2017
1126,Ba0.91TiO3K0.04Eu0.05,Ba0.91TiO3K0.04,Eu3+,0.05,,,298,615,0.61,0.38,,,,397,397,,,,615,https://doi.org/10.1016/j.ceramint.2017.07.069,"mp-5020,mp-5777,mp-5986,mp-558125,mp-5933,mp-2998,mp-644497,mp-1076932,mp-995191,mp-19990,mp-504715", icsd-186463 icsd-73628 icsd-73634 icsd-73629 icsd-186461 icsd-73636 icsd-73633 icsd-73631 icsd-73635 icsd-100464 icsd-100463 icsd-186462 icsd-6102 icsd-73632 icsd-73630 icsd-31155 icsd-237109 icsd-73641 icsd-237106 icsd-73639 icsd-73640 icsd-73638 icsd-73637 icsd-186460 icsd-161340 icsd-161418 icsd-237107 icsd-30617 icsd-23758 icsd-245946 icsd-237105 icsd-185407 icsd-154345 icsd-73645 icsd-183932 icsd-186457 icsd-100801 icsd-189381 icsd-188644 icsd-100803 icsd-157806 icsd-73644 icsd-154343 icsd-164388 icsd-245944 icsd-186458 icsd-73646 icsd-100799 icsd-73643 icsd-237108 icsd-168763 icsd-100800 icsd-73642 icsd-15453 icsd-99737 icsd-100802 icsd-192889 icsd-245945 icsd-34637 icsd-130020 icsd-23759 icsd-67520 icsd-164385 icsd-31153 icsd-190835 icsd-186459 icsd-290023 icsd-95436 icsd-164387 icsd-248395 icsd-252558 icsd-55221 icsd-75240 icsd-164386 icsd-34619 icsd-186528 icsd-28851 icsd-27971 icsd-56093 icsd-187292 icsd-290019 icsd-187291 icsd-28854 icsd-29280 icsd-29146 icsd-28849 icsd-190924 icsd-99736 icsd-31890 icsd-27970 icsd-27975 icsd-27965 icsd-31885 icsd-27974 icsd-31884 icsd-31886 icsd-31889 icsd-27968 icsd-29147 icsd-31888 icsd-29148 icsd-28853 icsd-28848 icsd-28850 icsd-166225 icsd-95437 icsd-186437 icsd-28620 icsd-27966 icsd-43125 icsd-67519 icsd-27969 icsd-185374 icsd-154344 icsd-100804 icsd-252562 icsd-27967 icsd-31887 icsd-27977 icsd-27973 icsd-27976 icsd-67518 icsd-27972 icsd-28852 icsd-154346 icsd-161341 icsd-161419 icsd-161341 icsd-109327,Ceramics International,2017
1127,Ba0.89TiO3K0.06Eu0.05,Ba0.89TiO3K0.06,Eu3+,0.05,,,298,615,0.63,0.37,,,427,397,397,,,721000,615,https://doi.org/10.1016/j.ceramint.2017.07.069,"mp-5020,mp-5777,mp-5986,mp-558125,mp-5933,mp-2998,mp-644497,mp-1076932,mp-995191,mp-19990,mp-504715", icsd-186463 icsd-73628 icsd-73634 icsd-73629 icsd-186461 icsd-73636 icsd-73633 icsd-73631 icsd-73635 icsd-100464 icsd-100463 icsd-186462 icsd-6102 icsd-73632 icsd-73630 icsd-31155 icsd-237109 icsd-73641 icsd-237106 icsd-73639 icsd-73640 icsd-73638 icsd-73637 icsd-186460 icsd-161340 icsd-161418 icsd-237107 icsd-30617 icsd-23758 icsd-245946 icsd-237105 icsd-185407 icsd-154345 icsd-73645 icsd-183932 icsd-186457 icsd-100801 icsd-189381 icsd-188644 icsd-100803 icsd-157806 icsd-73644 icsd-154343 icsd-164388 icsd-245944 icsd-186458 icsd-73646 icsd-100799 icsd-73643 icsd-237108 icsd-168763 icsd-100800 icsd-73642 icsd-15453 icsd-99737 icsd-100802 icsd-192889 icsd-245945 icsd-34637 icsd-130020 icsd-23759 icsd-67520 icsd-164385 icsd-31153 icsd-190835 icsd-186459 icsd-290023 icsd-95436 icsd-164387 icsd-248395 icsd-252558 icsd-55221 icsd-75240 icsd-164386 icsd-34619 icsd-186528 icsd-28851 icsd-27971 icsd-56093 icsd-187292 icsd-290019 icsd-187291 icsd-28854 icsd-29280 icsd-29146 icsd-28849 icsd-190924 icsd-99736 icsd-31890 icsd-27970 icsd-27975 icsd-27965 icsd-31885 icsd-27974 icsd-31884 icsd-31886 icsd-31889 icsd-27968 icsd-29147 icsd-31888 icsd-29148 icsd-28853 icsd-28848 icsd-28850 icsd-166225 icsd-95437 icsd-186437 icsd-28620 icsd-27966 icsd-43125 icsd-67519 icsd-27969 icsd-185374 icsd-154344 icsd-100804 icsd-252562 icsd-27967 icsd-31887 icsd-27977 icsd-27973 icsd-27976 icsd-67518 icsd-27972 icsd-28852 icsd-154346 icsd-161341 icsd-161419 icsd-161341 icsd-109327,Ceramics International,2017
1128,Ba0.87TiO3K0.08Eu0.05,Ba0.87TiO3K0.08,Eu3+,0.05,,,298,615,0.59,0.4,,,,397,397,,,,615,https://doi.org/10.1016/j.ceramint.2017.07.069,"mp-5020,mp-5777,mp-5986,mp-558125,mp-5933,mp-2998,mp-644497,mp-1076932,mp-995191,mp-19990,mp-504715", icsd-186463 icsd-73628 icsd-73634 icsd-73629 icsd-186461 icsd-73636 icsd-73633 icsd-73631 icsd-73635 icsd-100464 icsd-100463 icsd-186462 icsd-6102 icsd-73632 icsd-73630 icsd-31155 icsd-237109 icsd-73641 icsd-237106 icsd-73639 icsd-73640 icsd-73638 icsd-73637 icsd-186460 icsd-161340 icsd-161418 icsd-237107 icsd-30617 icsd-23758 icsd-245946 icsd-237105 icsd-185407 icsd-154345 icsd-73645 icsd-183932 icsd-186457 icsd-100801 icsd-189381 icsd-188644 icsd-100803 icsd-157806 icsd-73644 icsd-154343 icsd-164388 icsd-245944 icsd-186458 icsd-73646 icsd-100799 icsd-73643 icsd-237108 icsd-168763 icsd-100800 icsd-73642 icsd-15453 icsd-99737 icsd-100802 icsd-192889 icsd-245945 icsd-34637 icsd-130020 icsd-23759 icsd-67520 icsd-164385 icsd-31153 icsd-190835 icsd-186459 icsd-290023 icsd-95436 icsd-164387 icsd-248395 icsd-252558 icsd-55221 icsd-75240 icsd-164386 icsd-34619 icsd-186528 icsd-28851 icsd-27971 icsd-56093 icsd-187292 icsd-290019 icsd-187291 icsd-28854 icsd-29280 icsd-29146 icsd-28849 icsd-190924 icsd-99736 icsd-31890 icsd-27970 icsd-27975 icsd-27965 icsd-31885 icsd-27974 icsd-31884 icsd-31886 icsd-31889 icsd-27968 icsd-29147 icsd-31888 icsd-29148 icsd-28853 icsd-28848 icsd-28850 icsd-166225 icsd-95437 icsd-186437 icsd-28620 icsd-27966 icsd-43125 icsd-67519 icsd-27969 icsd-185374 icsd-154344 icsd-100804 icsd-252562 icsd-27967 icsd-31887 icsd-27977 icsd-27973 icsd-27976 icsd-67518 icsd-27972 icsd-28852 icsd-154346 icsd-161341 icsd-161419 icsd-161341 icsd-109327,Ceramics International,2017
1129,Ba0.89TiO3K0.06Eu0.05,Ba0.89TiO3K0.06,Eu3+,0.05,,,325,615,0.61,0.38,,,,397,397,,,731000,615,https://doi.org/10.1016/j.ceramint.2017.07.069,"mp-5020,mp-5777,mp-5986,mp-558125,mp-5933,mp-2998,mp-644497,mp-1076932,mp-995191,mp-19990,mp-504715", icsd-186463 icsd-73628 icsd-73634 icsd-73629 icsd-186461 icsd-73636 icsd-73633 icsd-73631 icsd-73635 icsd-100464 icsd-100463 icsd-186462 icsd-6102 icsd-73632 icsd-73630 icsd-31155 icsd-237109 icsd-73641 icsd-237106 icsd-73639 icsd-73640 icsd-73638 icsd-73637 icsd-186460 icsd-161340 icsd-161418 icsd-237107 icsd-30617 icsd-23758 icsd-245946 icsd-237105 icsd-185407 icsd-154345 icsd-73645 icsd-183932 icsd-186457 icsd-100801 icsd-189381 icsd-188644 icsd-100803 icsd-157806 icsd-73644 icsd-154343 icsd-164388 icsd-245944 icsd-186458 icsd-73646 icsd-100799 icsd-73643 icsd-237108 icsd-168763 icsd-100800 icsd-73642 icsd-15453 icsd-99737 icsd-100802 icsd-192889 icsd-245945 icsd-34637 icsd-130020 icsd-23759 icsd-67520 icsd-164385 icsd-31153 icsd-190835 icsd-186459 icsd-290023 icsd-95436 icsd-164387 icsd-248395 icsd-252558 icsd-55221 icsd-75240 icsd-164386 icsd-34619 icsd-186528 icsd-28851 icsd-27971 icsd-56093 icsd-187292 icsd-290019 icsd-187291 icsd-28854 icsd-29280 icsd-29146 icsd-28849 icsd-190924 icsd-99736 icsd-31890 icsd-27970 icsd-27975 icsd-27965 icsd-31885 icsd-27974 icsd-31884 icsd-31886 icsd-31889 icsd-27968 icsd-29147 icsd-31888 icsd-29148 icsd-28853 icsd-28848 icsd-28850 icsd-166225 icsd-95437 icsd-186437 icsd-28620 icsd-27966 icsd-43125 icsd-67519 icsd-27969 icsd-185374 icsd-154344 icsd-100804 icsd-252562 icsd-27967 icsd-31887 icsd-27977 icsd-27973 icsd-27976 icsd-67518 icsd-27972 icsd-28852 icsd-154346 icsd-161341 icsd-161419 icsd-161341 icsd-109327,Ceramics International,2017
1130,Ba0.89TiO3K0.06Eu0.05,Ba0.89TiO3K0.06,Eu3+,0.05,,,350,615,0.59,0.4,,,,397,397,,,725000,615,https://doi.org/10.1016/j.ceramint.2017.07.069,"mp-5020,mp-5777,mp-5986,mp-558125,mp-5933,mp-2998,mp-644497,mp-1076932,mp-995191,mp-19990,mp-504715", icsd-186463 icsd-73628 icsd-73634 icsd-73629 icsd-186461 icsd-73636 icsd-73633 icsd-73631 icsd-73635 icsd-100464 icsd-100463 icsd-186462 icsd-6102 icsd-73632 icsd-73630 icsd-31155 icsd-237109 icsd-73641 icsd-237106 icsd-73639 icsd-73640 icsd-73638 icsd-73637 icsd-186460 icsd-161340 icsd-161418 icsd-237107 icsd-30617 icsd-23758 icsd-245946 icsd-237105 icsd-185407 icsd-154345 icsd-73645 icsd-183932 icsd-186457 icsd-100801 icsd-189381 icsd-188644 icsd-100803 icsd-157806 icsd-73644 icsd-154343 icsd-164388 icsd-245944 icsd-186458 icsd-73646 icsd-100799 icsd-73643 icsd-237108 icsd-168763 icsd-100800 icsd-73642 icsd-15453 icsd-99737 icsd-100802 icsd-192889 icsd-245945 icsd-34637 icsd-130020 icsd-23759 icsd-67520 icsd-164385 icsd-31153 icsd-190835 icsd-186459 icsd-290023 icsd-95436 icsd-164387 icsd-248395 icsd-252558 icsd-55221 icsd-75240 icsd-164386 icsd-34619 icsd-186528 icsd-28851 icsd-27971 icsd-56093 icsd-187292 icsd-290019 icsd-187291 icsd-28854 icsd-29280 icsd-29146 icsd-28849 icsd-190924 icsd-99736 icsd-31890 icsd-27970 icsd-27975 icsd-27965 icsd-31885 icsd-27974 icsd-31884 icsd-31886 icsd-31889 icsd-27968 icsd-29147 icsd-31888 icsd-29148 icsd-28853 icsd-28848 icsd-28850 icsd-166225 icsd-95437 icsd-186437 icsd-28620 icsd-27966 icsd-43125 icsd-67519 icsd-27969 icsd-185374 icsd-154344 icsd-100804 icsd-252562 icsd-27967 icsd-31887 icsd-27977 icsd-27973 icsd-27976 icsd-67518 icsd-27972 icsd-28852 icsd-154346 icsd-161341 icsd-161419 icsd-161341 icsd-109327,Ceramics International,2017
1131,Ba0.89TiO3K0.06Eu0.05,Ba0.89TiO3K0.06,Eu3+,0.05,,,375,615,0.6,0.39,,,,397,397,,,709000,615,https://doi.org/10.1016/j.ceramint.2017.07.069,"mp-5020,mp-5777,mp-5986,mp-558125,mp-5933,mp-2998,mp-644497,mp-1076932,mp-995191,mp-19990,mp-504715", icsd-186463 icsd-73628 icsd-73634 icsd-73629 icsd-186461 icsd-73636 icsd-73633 icsd-73631 icsd-73635 icsd-100464 icsd-100463 icsd-186462 icsd-6102 icsd-73632 icsd-73630 icsd-31155 icsd-237109 icsd-73641 icsd-237106 icsd-73639 icsd-73640 icsd-73638 icsd-73637 icsd-186460 icsd-161340 icsd-161418 icsd-237107 icsd-30617 icsd-23758 icsd-245946 icsd-237105 icsd-185407 icsd-154345 icsd-73645 icsd-183932 icsd-186457 icsd-100801 icsd-189381 icsd-188644 icsd-100803 icsd-157806 icsd-73644 icsd-154343 icsd-164388 icsd-245944 icsd-186458 icsd-73646 icsd-100799 icsd-73643 icsd-237108 icsd-168763 icsd-100800 icsd-73642 icsd-15453 icsd-99737 icsd-100802 icsd-192889 icsd-245945 icsd-34637 icsd-130020 icsd-23759 icsd-67520 icsd-164385 icsd-31153 icsd-190835 icsd-186459 icsd-290023 icsd-95436 icsd-164387 icsd-248395 icsd-252558 icsd-55221 icsd-75240 icsd-164386 icsd-34619 icsd-186528 icsd-28851 icsd-27971 icsd-56093 icsd-187292 icsd-290019 icsd-187291 icsd-28854 icsd-29280 icsd-29146 icsd-28849 icsd-190924 icsd-99736 icsd-31890 icsd-27970 icsd-27975 icsd-27965 icsd-31885 icsd-27974 icsd-31884 icsd-31886 icsd-31889 icsd-27968 icsd-29147 icsd-31888 icsd-29148 icsd-28853 icsd-28848 icsd-28850 icsd-166225 icsd-95437 icsd-186437 icsd-28620 icsd-27966 icsd-43125 icsd-67519 icsd-27969 icsd-185374 icsd-154344 icsd-100804 icsd-252562 icsd-27967 icsd-31887 icsd-27977 icsd-27973 icsd-27976 icsd-67518 icsd-27972 icsd-28852 icsd-154346 icsd-161341 icsd-161419 icsd-161341 icsd-109327,Ceramics International,2017
1132,Ba0.89TiO3K0.06Eu0.05,Ba0.89TiO3K0.06,Eu3+,0.05,,,400,615,0.57,0.41,,,,397,397,,,697000,615,https://doi.org/10.1016/j.ceramint.2017.07.069,"mp-5020,mp-5777,mp-5986,mp-558125,mp-5933,mp-2998,mp-644497,mp-1076932,mp-995191,mp-19990,mp-504715", icsd-186463 icsd-73628 icsd-73634 icsd-73629 icsd-186461 icsd-73636 icsd-73633 icsd-73631 icsd-73635 icsd-100464 icsd-100463 icsd-186462 icsd-6102 icsd-73632 icsd-73630 icsd-31155 icsd-237109 icsd-73641 icsd-237106 icsd-73639 icsd-73640 icsd-73638 icsd-73637 icsd-186460 icsd-161340 icsd-161418 icsd-237107 icsd-30617 icsd-23758 icsd-245946 icsd-237105 icsd-185407 icsd-154345 icsd-73645 icsd-183932 icsd-186457 icsd-100801 icsd-189381 icsd-188644 icsd-100803 icsd-157806 icsd-73644 icsd-154343 icsd-164388 icsd-245944 icsd-186458 icsd-73646 icsd-100799 icsd-73643 icsd-237108 icsd-168763 icsd-100800 icsd-73642 icsd-15453 icsd-99737 icsd-100802 icsd-192889 icsd-245945 icsd-34637 icsd-130020 icsd-23759 icsd-67520 icsd-164385 icsd-31153 icsd-190835 icsd-186459 icsd-290023 icsd-95436 icsd-164387 icsd-248395 icsd-252558 icsd-55221 icsd-75240 icsd-164386 icsd-34619 icsd-186528 icsd-28851 icsd-27971 icsd-56093 icsd-187292 icsd-290019 icsd-187291 icsd-28854 icsd-29280 icsd-29146 icsd-28849 icsd-190924 icsd-99736 icsd-31890 icsd-27970 icsd-27975 icsd-27965 icsd-31885 icsd-27974 icsd-31884 icsd-31886 icsd-31889 icsd-27968 icsd-29147 icsd-31888 icsd-29148 icsd-28853 icsd-28848 icsd-28850 icsd-166225 icsd-95437 icsd-186437 icsd-28620 icsd-27966 icsd-43125 icsd-67519 icsd-27969 icsd-185374 icsd-154344 icsd-100804 icsd-252562 icsd-27967 icsd-31887 icsd-27977 icsd-27973 icsd-27976 icsd-67518 icsd-27972 icsd-28852 icsd-154346 icsd-161341 icsd-161419 icsd-161341 icsd-109327,Ceramics International,2017
1133,Ba0.89TiO3K0.06Eu0.05,Ba0.89TiO3K0.06,Eu3+,0.05,,,425,615,0.58,0.42,,,,397,397,,,677000,615,https://doi.org/10.1016/j.ceramint.2017.07.069,"mp-5020,mp-5777,mp-5986,mp-558125,mp-5933,mp-2998,mp-644497,mp-1076932,mp-995191,mp-19990,mp-504715", icsd-186463 icsd-73628 icsd-73634 icsd-73629 icsd-186461 icsd-73636 icsd-73633 icsd-73631 icsd-73635 icsd-100464 icsd-100463 icsd-186462 icsd-6102 icsd-73632 icsd-73630 icsd-31155 icsd-237109 icsd-73641 icsd-237106 icsd-73639 icsd-73640 icsd-73638 icsd-73637 icsd-186460 icsd-161340 icsd-161418 icsd-237107 icsd-30617 icsd-23758 icsd-245946 icsd-237105 icsd-185407 icsd-154345 icsd-73645 icsd-183932 icsd-186457 icsd-100801 icsd-189381 icsd-188644 icsd-100803 icsd-157806 icsd-73644 icsd-154343 icsd-164388 icsd-245944 icsd-186458 icsd-73646 icsd-100799 icsd-73643 icsd-237108 icsd-168763 icsd-100800 icsd-73642 icsd-15453 icsd-99737 icsd-100802 icsd-192889 icsd-245945 icsd-34637 icsd-130020 icsd-23759 icsd-67520 icsd-164385 icsd-31153 icsd-190835 icsd-186459 icsd-290023 icsd-95436 icsd-164387 icsd-248395 icsd-252558 icsd-55221 icsd-75240 icsd-164386 icsd-34619 icsd-186528 icsd-28851 icsd-27971 icsd-56093 icsd-187292 icsd-290019 icsd-187291 icsd-28854 icsd-29280 icsd-29146 icsd-28849 icsd-190924 icsd-99736 icsd-31890 icsd-27970 icsd-27975 icsd-27965 icsd-31885 icsd-27974 icsd-31884 icsd-31886 icsd-31889 icsd-27968 icsd-29147 icsd-31888 icsd-29148 icsd-28853 icsd-28848 icsd-28850 icsd-166225 icsd-95437 icsd-186437 icsd-28620 icsd-27966 icsd-43125 icsd-67519 icsd-27969 icsd-185374 icsd-154344 icsd-100804 icsd-252562 icsd-27967 icsd-31887 icsd-27977 icsd-27973 icsd-27976 icsd-67518 icsd-27972 icsd-28852 icsd-154346 icsd-161341 icsd-161419 icsd-161341 icsd-109327,Ceramics International,2017
1134,Ba0.89TiO3K0.06Eu0.05,Ba0.89TiO3K0.06,Eu3+,0.05,,,450,615,0.56,0.42,,,,397,397,,,598000,615,https://doi.org/10.1016/j.ceramint.2017.07.069,"mp-5020,mp-5777,mp-5986,mp-558125,mp-5933,mp-2998,mp-644497,mp-1076932,mp-995191,mp-19990,mp-504715", icsd-186463 icsd-73628 icsd-73634 icsd-73629 icsd-186461 icsd-73636 icsd-73633 icsd-73631 icsd-73635 icsd-100464 icsd-100463 icsd-186462 icsd-6102 icsd-73632 icsd-73630 icsd-31155 icsd-237109 icsd-73641 icsd-237106 icsd-73639 icsd-73640 icsd-73638 icsd-73637 icsd-186460 icsd-161340 icsd-161418 icsd-237107 icsd-30617 icsd-23758 icsd-245946 icsd-237105 icsd-185407 icsd-154345 icsd-73645 icsd-183932 icsd-186457 icsd-100801 icsd-189381 icsd-188644 icsd-100803 icsd-157806 icsd-73644 icsd-154343 icsd-164388 icsd-245944 icsd-186458 icsd-73646 icsd-100799 icsd-73643 icsd-237108 icsd-168763 icsd-100800 icsd-73642 icsd-15453 icsd-99737 icsd-100802 icsd-192889 icsd-245945 icsd-34637 icsd-130020 icsd-23759 icsd-67520 icsd-164385 icsd-31153 icsd-190835 icsd-186459 icsd-290023 icsd-95436 icsd-164387 icsd-248395 icsd-252558 icsd-55221 icsd-75240 icsd-164386 icsd-34619 icsd-186528 icsd-28851 icsd-27971 icsd-56093 icsd-187292 icsd-290019 icsd-187291 icsd-28854 icsd-29280 icsd-29146 icsd-28849 icsd-190924 icsd-99736 icsd-31890 icsd-27970 icsd-27975 icsd-27965 icsd-31885 icsd-27974 icsd-31884 icsd-31886 icsd-31889 icsd-27968 icsd-29147 icsd-31888 icsd-29148 icsd-28853 icsd-28848 icsd-28850 icsd-166225 icsd-95437 icsd-186437 icsd-28620 icsd-27966 icsd-43125 icsd-67519 icsd-27969 icsd-185374 icsd-154344 icsd-100804 icsd-252562 icsd-27967 icsd-31887 icsd-27977 icsd-27973 icsd-27976 icsd-67518 icsd-27972 icsd-28852 icsd-154346 icsd-161341 icsd-161419 icsd-161341 icsd-109327,Ceramics International,2017
1135,Ba0.89TiO3K0.06Eu0.05,Ba0.89TiO3K0.06,Eu3+,0.05,,,475,615,0.55,0.44,,,,397,397,,,541000,615,https://doi.org/10.1016/j.ceramint.2017.07.069,"mp-5020,mp-5777,mp-5986,mp-558125,mp-5933,mp-2998,mp-644497,mp-1076932,mp-995191,mp-19990,mp-504715", icsd-186463 icsd-73628 icsd-73634 icsd-73629 icsd-186461 icsd-73636 icsd-73633 icsd-73631 icsd-73635 icsd-100464 icsd-100463 icsd-186462 icsd-6102 icsd-73632 icsd-73630 icsd-31155 icsd-237109 icsd-73641 icsd-237106 icsd-73639 icsd-73640 icsd-73638 icsd-73637 icsd-186460 icsd-161340 icsd-161418 icsd-237107 icsd-30617 icsd-23758 icsd-245946 icsd-237105 icsd-185407 icsd-154345 icsd-73645 icsd-183932 icsd-186457 icsd-100801 icsd-189381 icsd-188644 icsd-100803 icsd-157806 icsd-73644 icsd-154343 icsd-164388 icsd-245944 icsd-186458 icsd-73646 icsd-100799 icsd-73643 icsd-237108 icsd-168763 icsd-100800 icsd-73642 icsd-15453 icsd-99737 icsd-100802 icsd-192889 icsd-245945 icsd-34637 icsd-130020 icsd-23759 icsd-67520 icsd-164385 icsd-31153 icsd-190835 icsd-186459 icsd-290023 icsd-95436 icsd-164387 icsd-248395 icsd-252558 icsd-55221 icsd-75240 icsd-164386 icsd-34619 icsd-186528 icsd-28851 icsd-27971 icsd-56093 icsd-187292 icsd-290019 icsd-187291 icsd-28854 icsd-29280 icsd-29146 icsd-28849 icsd-190924 icsd-99736 icsd-31890 icsd-27970 icsd-27975 icsd-27965 icsd-31885 icsd-27974 icsd-31884 icsd-31886 icsd-31889 icsd-27968 icsd-29147 icsd-31888 icsd-29148 icsd-28853 icsd-28848 icsd-28850 icsd-166225 icsd-95437 icsd-186437 icsd-28620 icsd-27966 icsd-43125 icsd-67519 icsd-27969 icsd-185374 icsd-154344 icsd-100804 icsd-252562 icsd-27967 icsd-31887 icsd-27977 icsd-27973 icsd-27976 icsd-67518 icsd-27972 icsd-28852 icsd-154346 icsd-161341 icsd-161419 icsd-161341 icsd-109327,Ceramics International,2017
1136,Ba2La7.2Si6O26Eu0.8,Ba2La7.2Si6O26,Eu3+,0.8,,,298,615,0.624,0.374,,,,395,395,382,362,,615,https://doi.org/10.1016/j.dyepig.2017.03.048,,,Dyes and Pigments,2017
1137,Ba2La6.4Si6O26Eu1.6,Ba2La6.4Si6O26,Eu3+,1.6,,,298,615,0.628,0.371,,,,395,395,382,362,,615,https://doi.org/10.1016/j.dyepig.2017.03.048,,,Dyes and Pigments,2017
1138,Ba2La5.6Si6O26Eu2.4,Ba2La5.6Si6O26,Eu3+,2.4,,,298,615,0.63,0.369,,,,395,395,382,362,,615,https://doi.org/10.1016/j.dyepig.2017.03.048,,,Dyes and Pigments,2017
1139,Ba2La4.8Si6O26Eu3.2,Ba2La4.8Si6O26,Eu3+,3.2,,,298,615,0.632,0.367,,,,395,395,382,362,,615,https://doi.org/10.1016/j.dyepig.2017.03.048,,,Dyes and Pigments,2017
1140,Ba2La4Si6O26Eu4,Ba2La4Si6O26,Eu3+,4,,,298,615,0.633,0.366,,,,395,395,382,362,,615,https://doi.org/10.1016/j.dyepig.2017.03.048,,,Dyes and Pigments,2017
1141,Ba2La3.2Si6O26Eu4.8,Ba2La3.2Si6O26,Eu3+,4.8,,,298,615,0.633,0.366,,,,395,395,382,362,,615,https://doi.org/10.1016/j.dyepig.2017.03.048,,,Dyes and Pigments,2017
1142,Ba2La1.6Si6O26Eu6.4,Ba2La1.6Si6O26,Eu3+,6.4,,,298,615,0.637,0.362,,,,395,395,382,362,,615,https://doi.org/10.1016/j.dyepig.2017.03.048,,,Dyes and Pigments,2017
1143,Ba2Si6O26Eu8,Ba2Si6O26,Eu3+,8,,,298,615,0.64,0.359,,,,395,395,382,362,,615,https://doi.org/10.1016/j.dyepig.2017.03.048,,,Dyes and Pigments,2017
1144,Na0.5Gd0.25MoO4Eu0.25,Na0.5Gd0.25MoO4,Eu3+,0.25,,,298,615,0.667,0.332,,,448,395,395,,,,615,https://doi.org/10.1016/j.jlumin.2016.07.045,,,Journal of Luminescence,2016
1145,Ca2La0.6SbO6Eu0.4,Ca2La0.6SbO6,Eu3+,0.4,,,298,615,,,,16.6,,465,465,,,,615,https://doi.org/10.1016/j.jssc.2011.10.032,mp-1106181, icsd-169492,Journal of Solid State Chemistry,2011
1146,Ca2La0.9SbO6Eu0.1,Ca2La0.9SbO6,Eu3+,0.1,,,298,615,,,,,,465,393,465,,1034000,615,https://doi.org/10.1016/j.jallcom.2017.11.242,mp-1106181, icsd-169492,Journal of Alloys and Compounds,2018
1147,Ca2La0.8SbO6Eu0.2,Ca2La0.8SbO6,Eu3+,0.2,,,298,615,,,,,,465,393,465,,983000,615,https://doi.org/10.1016/j.jallcom.2017.11.242,mp-1106181, icsd-169492,Journal of Alloys and Compounds,2018
1148,Ca2La0.7SbO6Eu0.3,Ca2La0.7SbO6,Eu3+,0.3,,,298,615,,,,,,465,393,465,,969000,615,https://doi.org/10.1016/j.jallcom.2017.11.242,mp-1106181, icsd-169492,Journal of Alloys and Compounds,2018
1149,Ca2La0.6SbO6Eu0.4,Ca2La0.6SbO6,Eu3+,0.4,,,298,615,,,,,,465,393,465,,958000,615,https://doi.org/10.1016/j.jallcom.2017.11.242,mp-1106181, icsd-169492,Journal of Alloys and Compounds,2018
1150,Ca2La0.5SbO6Eu0.5,Ca2La0.5SbO6,Eu3+,0.5,,,298,615,,,81,,610,465,393,465,,927000,615,https://doi.org/10.1016/j.jallcom.2017.11.242,mp-1106181, icsd-169492,Journal of Alloys and Compounds,2018
1151,Ca2La0.4SbO6Eu0.6,Ca2La0.4SbO6,Eu3+,0.6,,,298,615,,,,,,465,393,465,,888000,615,https://doi.org/10.1016/j.jallcom.2017.11.242,mp-1106181, icsd-169492,Journal of Alloys and Compounds,2018
1152,Ca2La0.3SbO6Eu0.7,Ca2La0.3SbO6,Eu3+,0.7,,,298,615,,,,,,465,393,465,,739000,615,https://doi.org/10.1016/j.jallcom.2017.11.242,mp-1106181, icsd-169492,Journal of Alloys and Compounds,2018
1153,Ca2La0.2SbO6Eu0.8,Ca2La0.2SbO6,Eu3+,0.8,,,298,615,,,,,,465,393,465,,616000,615,https://doi.org/10.1016/j.jallcom.2017.11.242,mp-1106181, icsd-169492,Journal of Alloys and Compounds,2018
1154,La1.64LiSbO6Eu0.36,La1.64LiSbO6,Eu3+,0.36,,,298,615,0.646,0.338,,,,394,394,,,,615,https://doi.org/10.1016/j.jallcom.2019.02.132,mp-6674, icsd-72202 icsd-69192,Journal of Alloys and Compounds,2019
1155,NaLa0.6MgWO6Eu0.4,NaLa0.6MgWO6,Eu3+,0.4,,,298,615,0.664,0.336,,19.3,,464,464,,,,615,https://doi.org/10.1016/j.materresbull.2012.03.023,"mp-558194,mp-556619", icsd-187079 icsd-174386 icsd-172413 icsd-40497,Materials Research Bulletin,2012
1156,LiLaMgWO6Eu0.05,LiLaMgWO6,Eu3+,0.05,,,298,615,0.6605,0.3392,39,,,393,,,,,615,https://doi.org/10.1016/j.ceramint.2016.11.093,,,Ceramics International,2017
1157,LiLaMgWO6Eu0.1,LiLaMgWO6,Eu3+,0.1,,,298,615,0.6631,0.3366,66,,,393,,,,,615,https://doi.org/10.1016/j.ceramint.2016.11.093,,,Ceramics International,2017
1158,LiLaMgWO6Eu0.2,LiLaMgWO6,Eu3+,0.2,,,298,615,0.6657,0.334,82,,,393,,,,,615,https://doi.org/10.1016/j.ceramint.2016.11.093,,,Ceramics International,2017
1159,LiLaMgWO6Eu0.3,LiLaMgWO6,Eu3+,0.3,,,298,615,0.666,0.3337,87,,453,393,,,,,615,https://doi.org/10.1016/j.ceramint.2016.11.093,,,Ceramics International,2017
1160,LiLaMgWO6Eu0.4,LiLaMgWO6,Eu3+,0.4,,,298,615,0.6664,0.3334,63,,,393,,,,,615,https://doi.org/10.1016/j.ceramint.2016.11.093,,,Ceramics International,2017
1161,LiLaMgWO6Eu0.5,LiLaMgWO6,Eu3+,0.5,,,298,615,0.6667,0.3331,40,,,393,,,,,615,https://doi.org/10.1016/j.ceramint.2016.11.093,,,Ceramics International,2017
1162,LiLaMgWO6Eu0.05,LiLaMgWO6,Eu3+,0.05,,,298,615,0.6591,0.3406,19,,,463,,,,,615,https://doi.org/10.1016/j.ceramint.2016.11.093,,,Ceramics International,2017
1163,LiLaMgWO6Eu0.1,LiLaMgWO6,Eu3+,0.1,,,298,615,0.6622,0.3375,27,,,463,,,,,615,https://doi.org/10.1016/j.ceramint.2016.11.093,,,Ceramics International,2017
1164,LiLaMgWO6Eu0.2,LiLaMgWO6,Eu3+,0.2,,,298,615,0.6655,0.3343,31,,,463,,,,,615,https://doi.org/10.1016/j.ceramint.2016.11.093,,,Ceramics International,2017
1165,LiLaMgWO6Eu0.3,LiLaMgWO6,Eu3+,0.3,,,298,615,0.6658,0.334,31,,,463,,,,,615,https://doi.org/10.1016/j.ceramint.2016.11.093,,,Ceramics International,2017
1166,LiLaMgWO6Eu0.4,LiLaMgWO6,Eu3+,0.4,,,298,615,0.6662,0.3335,29,,,463,,,,,615,https://doi.org/10.1016/j.ceramint.2016.11.093,,,Ceramics International,2017
1167,LiLaMgWO6Eu0.5,LiLaMgWO6,Eu3+,0.5,,,298,615,0.6663,0.3334,19,,,463,,,,,615,https://doi.org/10.1016/j.ceramint.2016.11.093,,,Ceramics International,2017
1168,Ca2Y2.46Sb3O14Bi0.45Eu0.09,Ca2Y2.46Sb3O14,Bi3+,0.45,Eu3+,0.09,298,615,0.34,0.29,,,,350,,,,,,https://doi.org/10.1016/j.jallcom.2015.06.263,,,Journal of Alloys and Compounds,2015
1169,Ca2Y2.43Sb3O14Bi0.45Eu0.12,Ca2Y2.43Sb3O14,Bi3+,0.45,Eu3+,0.12,298,615,0.35,0.3,,,,350,,,,,,https://doi.org/10.1016/j.jallcom.2015.06.263,,,Journal of Alloys and Compounds,2015
1170,Ca2Y2.37Sb3O14Bi0.45Eu0.18,Ca2Y2.37Sb3O14,Bi3+,0.45,Eu3+,0.18,298,615,0.38,0.3,,,,350,,,,,,https://doi.org/10.1016/j.jallcom.2015.06.263,,,Journal of Alloys and Compounds,2015
1171,Ca2Y2.31Sb3O14Bi0.45Eu0.24,Ca2Y2.31Sb3O14,Bi3+,0.45,Eu3+,0.24,298,615,0.41,0.31,,,,350,,,,,,https://doi.org/10.1016/j.jallcom.2015.06.263,,,Journal of Alloys and Compounds,2015
1172,La0.995BMoO6Eu0.005,La0.995BMoO6,Eu3+,0.005,,,298,615,0.656,0.343,,,,350,,,,,,https://doi.org/10.1016/j.jallcom.2015.01.134,mp-558445, icsd-161205,Journal of Alloys and Compounds,2015
1173,La0.99BMoO6Eu0.01,La0.99BMoO6,Eu3+,0.01,,,298,615,0.657,0.342,,,,350,,,,,,https://doi.org/10.1016/j.jallcom.2015.01.134,mp-558445, icsd-161205,Journal of Alloys and Compounds,2015
1174,La0.98BMoO6Eu0.02,La0.98BMoO6,Eu3+,0.02,,,298,615,0.658,0.341,,,,350,,,,,,https://doi.org/10.1016/j.jallcom.2015.01.134,mp-558445, icsd-161205,Journal of Alloys and Compounds,2015
1175,La0.97BMoO6Eu0.03,La0.97BMoO6,Eu3+,0.03,,,298,615,0.658,0.341,,,,350,,,,,,https://doi.org/10.1016/j.jallcom.2015.01.134,mp-558445, icsd-161205,Journal of Alloys and Compounds,2015
1176,La0.96BMoO6Eu0.04,La0.96BMoO6,Eu3+,0.04,,,298,615,0.657,0.342,,,,350,,,,,,https://doi.org/10.1016/j.jallcom.2015.01.134,mp-558445, icsd-161205,Journal of Alloys and Compounds,2015
1177,La0.95BMoO6Eu0.05,La0.95BMoO6,Eu3+,0.05,,,298,615,0.656,0.343,,,,350,,,,,,https://doi.org/10.1016/j.jallcom.2015.01.134,mp-558445, icsd-161205,Journal of Alloys and Compounds,2015
1178,La0.94BMoO6Eu0.06,La0.94BMoO6,Eu3+,0.06,,,298,615,0.651,0.347,,,,350,,,,,,https://doi.org/10.1016/j.jallcom.2015.01.134,mp-558445, icsd-161205,Journal of Alloys and Compounds,2015
1179,La0.93BMoO6Eu0.07,La0.93BMoO6,Eu3+,0.07,,,298,615,0.652,0.346,,,,350,,,,,,https://doi.org/10.1016/j.jallcom.2015.01.134,mp-558445, icsd-161205,Journal of Alloys and Compounds,2015
1180,La0.92BMoO6Eu0.08,La0.92BMoO6,Eu3+,0.08,,,298,615,0.651,0.347,,,,350,,,,,,https://doi.org/10.1016/j.jallcom.2015.01.134,mp-558445, icsd-161205,Journal of Alloys and Compounds,2015
1181,La0.91BMoO6Eu0.09,La0.91BMoO6,Eu3+,0.09,,,298,615,0.651,0.347,,,,350,,,,,,https://doi.org/10.1016/j.jallcom.2015.01.134,mp-558445, icsd-161205,Journal of Alloys and Compounds,2015
1182,K2Gd0.95WPO8Eu0.05,K2Gd0.95WPO8,Eu3+,0.05,,,298,615,,,,,,396,396,467,384,2450000,615,https://doi.org/10.1016/j.ceramint.2017.05.123,,,Ceramics International,2017
1183,K2Gd0.8WPO8Eu0.2,K2Gd0.8WPO8,Eu3+,0.2,,,298,615,,,,,,396,396,467,384,2470000,615,https://doi.org/10.1016/j.ceramint.2017.05.123,,,Ceramics International,2017
1184,K2Gd0.5WPO8Eu0.5,K2Gd0.5WPO8,Eu3+,0.5,,,298,615,,,,,,396,396,467,384,2450000,615,https://doi.org/10.1016/j.ceramint.2017.05.123,,,Ceramics International,2017
1185,K2Gd0.3WPO8Eu0.7,K2Gd0.3WPO8,Eu3+,0.7,,,298,615,,,,,,396,396,467,384,2360000,615,https://doi.org/10.1016/j.ceramint.2017.05.123,,,Ceramics International,2017
1186,K2WPO8Eu1,K2WPO8,Eu3+,1,,,298,615,0.648,0.352,64.7,,500,396,396,467,384,2460000,615,https://doi.org/10.1016/j.ceramint.2017.05.123,,,Ceramics International,2017
1187,Na1.9595MgSiO4Tb0.04Eu0.0005,Na1.9595MgSiO4,Tb3+,0.04,Eu3+,0.0005,298,615,0.44,0.46,,,,376,,,,1860000,546,https://doi.org/10.1016/j.jlumin.2017.05.003,"mp-6406,mp-6426", icsd-15619 icsd-15618 icsd-84562 icsd-84563,Journal of Luminescence,2017
1188,Na1.959MgSiO4Tb0.04Eu0.001,Na1.959MgSiO4,Tb3+,0.04,Eu3+,0.001,298,615,0.46,0.44,,,,376,,,,1580000,546,https://doi.org/10.1016/j.jlumin.2017.05.003,"mp-6406,mp-6426", icsd-15619 icsd-15618 icsd-84562 icsd-84563,Journal of Luminescence,2017
1189,Na1.955MgSiO4Tb0.04Eu0.005,Na1.955MgSiO4,Tb3+,0.04,Eu3+,0.005,298,615,0.54,0.39,,,,376,,,,1530000,546,https://doi.org/10.1016/j.jlumin.2017.05.003,"mp-6406,mp-6426", icsd-15619 icsd-15618 icsd-84562 icsd-84563,Journal of Luminescence,2017
1190,Na1.95MgSiO4Tb0.04Eu0.01,Na1.95MgSiO4,Tb3+,0.04,Eu3+,0.01,298,615,0.56,0.38,,,,376,,,,1460000,546,https://doi.org/10.1016/j.jlumin.2017.05.003,"mp-6406,mp-6426", icsd-15619 icsd-15618 icsd-84562 icsd-84563,Journal of Luminescence,2017
1191,Na1.94MgSiO4Tb0.04Eu0.02,Na1.94MgSiO4,Tb3+,0.04,Eu3+,0.02,298,615,0.58,0.37,,,,376,,,,1420000,546,https://doi.org/10.1016/j.jlumin.2017.05.003,"mp-6406,mp-6426", icsd-15619 icsd-15618 icsd-84562 icsd-84563,Journal of Luminescence,2017
1192,NaGdF4Tb0.04Eu0.07,NaGdF4,Tb3+,0.04,Eu3+,0.07,298,615,0.316,0.31,,,,380,380,371,360,1432.48,542,https://doi.org/10.1039/C5CE01118C,mp-1221034,,CrystEngComm,2015
1193,NaGdF4Eu0.07,NaGdF4,Eu3+,0.07,,,298,615,0.409,0.31,,,,396,396,,,4676.58,615,https://doi.org/10.1039/C5CE01118C,mp-1221034,,CrystEngComm,2015
1194,Ca3.9Y6Si6O25Eu0.05Mn0.05,Ca3.9Y6Si6O25,Eu2+,0.05,Mn2+,0.05,298,615,0.356,0.313,39.1,,,432,,,,,,https://doi.org/10.1039/C4RA08283D,,,RSC Advances,2015
1195,Ca3.88Y6Si6O25Eu0.05Mn0.07,Ca3.88Y6Si6O25,Eu2+,0.05,Mn2+,0.07,298,615,0.438,0.335,38.3,,,432,,,,,,https://doi.org/10.1039/C4RA08283D,,,RSC Advances,2015
1196,Ca3.85Y6Si6O25Eu0.05Mn0.1,Ca3.85Y6Si6O25,Eu2+,0.05,Mn2+,0.1,298,615,0.581,0.366,38.1,,,432,,,,,,https://doi.org/10.1039/C4RA08283D,,,RSC Advances,2015
1197,MgY3.9Si3O13Eu0.01,MgY3.9Si3O13,Eu3+,0.01,,,298,615,,,,,,393,393,,,1478000,615,https://doi.org/10.1111/jace.13628,,,Journal of the American Ceramic Society,2015
1198,MgY3.8Si3O13Eu0.02,MgY3.8Si3O13,Eu3+,0.02,,,298,615,,,,,,393,393,,,1527000,615,https://doi.org/10.1111/jace.13628,,,Journal of the American Ceramic Society,2015
1199,MgY3.7Si3O13Eu0.03,MgY3.7Si3O13,Eu3+,0.03,,,298,615,,,,,,393,393,,,2019000,615,https://doi.org/10.1111/jace.13628,,,Journal of the American Ceramic Society,2015
1200,MgY3.6Si3O13Eu0.04,MgY3.6Si3O13,Eu3+,0.04,,,298,615,,,,,,393,393,,,2004000,615,https://doi.org/10.1111/jace.13628,,,Journal of the American Ceramic Society,2015
1201,MgY3.5Si3O13Eu0.05,MgY3.5Si3O13,Eu3+,0.05,,,298,615,0.66,0.34,,,418,393,393,,,1974000,615,https://doi.org/10.1111/jace.13628,,,Journal of the American Ceramic Society,2015
1202,MgY3.4Si3O13Eu0.06,MgY3.4Si3O13,Eu3+,0.06,,,298,615,,,,,,393,393,,,1842000,615,https://doi.org/10.1111/jace.13628,,,Journal of the American Ceramic Society,2015
1203,MgY3.3Si3O13Eu0.07,MgY3.3Si3O13,Eu3+,0.07,,,298,615,,,,,,393,393,,,1768000,615,https://doi.org/10.1111/jace.13628,,,Journal of the American Ceramic Society,2015
1204,BaLa0.95MgSbO6Eu0.05,BaLa0.95MgSbO6,Eu3+,0.05,,,298,615,0.6413,0.3583,,,440,465,465,,,,615,https://doi.org/10.1016/j.ceramint.2019.01.065,mp-1211443,,Ceramics International,2019
1205,BaLa0.95MgSb0.9Nb0.1O6Eu0.05,BaLa0.95MgSb0.9Nb0.1O6,Eu3+,0.05,,,298,615,0.6458,0.3538,,,,465,465,,,,615,https://doi.org/10.1016/j.ceramint.2019.01.065,,,Ceramics International,2019
1206,BaLa0.95MgSb0.7Nb0.3O6Eu0.05,BaLa0.95MgSb0.7Nb0.3O6,Eu3+,0.05,,,298,615,0.6484,0.3512,,,,465,465,,,,615,https://doi.org/10.1016/j.ceramint.2019.01.065,,,Ceramics International,2019
1207,BaLa0.95MgSb0.5Nb0.5O6Eu0.05,BaLa0.95MgSb0.5Nb0.5O6,Eu3+,0.05,,,298,615,0.6505,0.3492,,,,465,465,,,,615,https://doi.org/10.1016/j.ceramint.2019.01.065,,,Ceramics International,2019
1208,BaLa0.95MgSb0.3Nb0.7O6Eu0.05,BaLa0.95MgSb0.3Nb0.7O6,Eu3+,0.05,,,298,615,0.6512,0.3485,,,,465,465,,,,615,https://doi.org/10.1016/j.ceramint.2019.01.065,,,Ceramics International,2019
1209,BaLa0.95MgSb0.1Nb0.9O6Eu0.05,BaLa0.95MgSb0.1Nb0.9O6,Eu3+,0.05,,,298,615,0.6524,0.3473,,,,465,465,,,,615,https://doi.org/10.1016/j.ceramint.2019.01.065,,,Ceramics International,2019
1210,BaLa0.95MgNbO6Eu0.05,BaLa0.95MgNbO6,Eu3+,0.05,,,298,615,0.6549,0.3448,,,423,465,465,,,,615,https://doi.org/10.1016/j.ceramint.2019.01.065,mp-39288,,Ceramics International,2019
1211,La1.95ZnTiO6Eu0.05,La1.95ZnTiO6,Eu3+,0.05,,,298,616,0.66,0.33,,,,394,,,,484000,616,https://doi.org/10.1016/j.optlastec.2017.04.025,"mp-558528,mvc-11053", icsd-172755,Optics and Laser Technology,2017
1212,La1.9ZnTiO6Eu0.1,La1.9ZnTiO6,Eu3+,0.1,,,298,616,0.66,0.34,,,,394,,,,523000,616,https://doi.org/10.1016/j.optlastec.2017.04.025,"mp-558528,mvc-11053", icsd-172755,Optics and Laser Technology,2017
1213,La1.8ZnTiO6Eu0.2,La1.8ZnTiO6,Eu3+,0.2,,,298,616,0.67,0.34,,,,394,,,,545000,616,https://doi.org/10.1016/j.optlastec.2017.04.025,"mp-558528,mvc-11053", icsd-172755,Optics and Laser Technology,2017
1214,La1.7ZnTiO6Eu0.3,La1.7ZnTiO6,Eu3+,0.3,,,298,616,0.66,0.34,,,,394,,,,,616,https://doi.org/10.1016/j.optlastec.2017.04.025,"mp-558528,mvc-11053", icsd-172755,Optics and Laser Technology,2017
1215,La1.6ZnTiO6Eu0.4,La1.6ZnTiO6,Eu3+,0.4,,,298,616,0.66,0.34,,,,394,399,472,,544000,616,https://doi.org/10.1016/j.optlastec.2017.04.025,"mp-558528,mvc-11053", icsd-172755,Optics and Laser Technology,2017
1216,Sr2.99Al2O5Cl2Eu0.01,Sr2.99Al2O5Cl2,Eu3+,0.01,,,298,616,,,35,,,393,,,,,,https://doi.org/10.1021/acsami.8b13728,mp-559224, icsd-68365,ACS Applied Materials &amp; Interfaces,2018
1217,Sr2.9825Al2O5Cl2Tb0.015Eu0.0025,Sr2.9825Al2O5Cl2,Tb3+,0.015,Eu3+,0.0025,298,616,0.3397,0.5312,,,,376,,,,2603000,544,https://doi.org/10.1021/acsami.8b13728,mp-559224, icsd-68365,ACS Applied Materials &amp; Interfaces,2018
1218,Sr2.98Al2O5Cl2Tb0.015Eu0.005,Sr2.98Al2O5Cl2,Tb3+,0.015,Eu3+,0.005,298,616,0.4146,0.4832,,,,376,,,,1968000,544,https://doi.org/10.1021/acsami.8b13728,mp-559224, icsd-68365,ACS Applied Materials &amp; Interfaces,2018
1219,Sr2.9725Al2O5Cl2Tb0.015Eu0.0075,Sr2.9725Al2O5Cl2,Tb3+,0.015,Eu3+,0.0075,298,616,0.4638,0.4519,,,,376,,,,1425000,544,https://doi.org/10.1021/acsami.8b13728,mp-559224, icsd-68365,ACS Applied Materials &amp; Interfaces,2018
1220,Sr2.975Al2O5Cl2Tb0.015Eu0.01,Sr2.975Al2O5Cl2,Tb3+,0.015,Eu3+,0.01,298,616,0.5012,0.4236,,,,376,,,,1221000,544,https://doi.org/10.1021/acsami.8b13728,mp-559224, icsd-68365,ACS Applied Materials &amp; Interfaces,2018
1221,Sr2.9725Al2O5Cl2Tb0.015Eu0.0125,Sr2.9725Al2O5Cl2,Tb3+,0.015,Eu3+,0.0125,298,616,0.5462,0.3897,50,,468,376,,,,951000,544,https://doi.org/10.1021/acsami.8b13728,mp-559224, icsd-68365,ACS Applied Materials &amp; Interfaces,2018
1222,Sr2.9725Al2O5Cl2Tb0.015Eu0.0125,Sr2.9725Al2O5Cl2,Tb3+,0.015,Eu3+,0.0125,323,616,0.5461,0.3903,,,,376,,,,2421000,544,https://doi.org/10.1021/acsami.8b13728,mp-559224, icsd-68365,ACS Applied Materials &amp; Interfaces,2018
1223,Sr2.9725Al2O5Cl2Tb0.015Eu0.0125,Sr2.9725Al2O5Cl2,Tb3+,0.015,Eu3+,0.0125,373,616,0.5963,0.3588,,,,376,,,,1616000,544,https://doi.org/10.1021/acsami.8b13728,mp-559224, icsd-68365,ACS Applied Materials &amp; Interfaces,2018
1224,Sr2.9725Al2O5Cl2Tb0.015Eu0.0125,Sr2.9725Al2O5Cl2,Tb3+,0.015,Eu3+,0.0125,423,616,0.5761,0.3747,,,,376,,,,552000,544,https://doi.org/10.1021/acsami.8b13728,mp-559224, icsd-68365,ACS Applied Materials &amp; Interfaces,2018
1225,Sr2.9725Al2O5Cl2Tb0.015Eu0.0125,Sr2.9725Al2O5Cl2,Tb3+,0.015,Eu3+,0.0125,473,616,,,,,,376,,,,187000,544,https://doi.org/10.1021/acsami.8b13728,mp-559224, icsd-68365,ACS Applied Materials &amp; Interfaces,2018
1226,Sr2.9725Al2O5Cl2Tb0.015Eu0.0125,Sr2.9725Al2O5Cl2,Tb3+,0.015,Eu3+,0.0125,523,616,,,,,,376,,,,81000,544,https://doi.org/10.1021/acsami.8b13728,mp-559224, icsd-68365,ACS Applied Materials &amp; Interfaces,2018
1227,Sr2.9725Al2O5Cl2Tb0.015Eu0.0125,Sr2.9725Al2O5Cl2,Tb3+,0.015,Eu3+,0.0125,573,616,,,,,,376,,,,36000,544,https://doi.org/10.1021/acsami.8b13728,mp-559224, icsd-68365,ACS Applied Materials &amp; Interfaces,2018
1228,Sr2.97Al2O5Cl2Tb0.015Eu0.015,Sr2.97Al2O5Cl2,Tb3+,0.015,Eu3+,0.015,298,616,0.5839,0.3616,,,,376,,,,673000,544,https://doi.org/10.1021/acsami.8b13728,mp-559224, icsd-68365,ACS Applied Materials &amp; Interfaces,2018
1229,Sr2.9675Al2O5Cl2Tb0.015Eu0.0175,Sr2.9675Al2O5Cl2,Tb3+,0.015,Eu3+,0.0175,298,616,0.6181,0.3324,,,,376,,,,633000,544,https://doi.org/10.1021/acsami.8b13728,mp-559224, icsd-68365,ACS Applied Materials &amp; Interfaces,2018
1230,Sr2.965Al2O5Cl2Tb0.015Eu0.02,Sr2.965Al2O5Cl2,Tb3+,0.015,Eu3+,0.02,298,616,0.6579,0.3046,,,,376,,,,598000,544,https://doi.org/10.1021/acsami.8b13728,mp-559224, icsd-68365,ACS Applied Materials &amp; Interfaces,2018
1231,Na2Lu0.8MoO8PEu0.2,Na2Lu0.8MoO8P,Eu3+,0.2,,,298,616,,,26.7,,,396,,,,1809000,616,https://doi.org/10.1016/j.jallcom.2018.06.156,mp-561247, icsd-250441,Journal of Alloys and Compounds,2018
1232,Na2Lu0.6MoO8PEu0.4,Na2Lu0.6MoO8P,Eu3+,0.4,,,298,616,,,57.9,,,396,,,,1775000,616,https://doi.org/10.1016/j.jallcom.2018.06.156,mp-561247, icsd-250441,Journal of Alloys and Compounds,2018
1233,Na2Lu0.5MoO8PEu0.5,Na2Lu0.5MoO8P,Eu3+,0.5,,,298,616,,,62.9,,,396,,,,1764000,616,https://doi.org/10.1016/j.jallcom.2018.06.156,mp-561247, icsd-250441,Journal of Alloys and Compounds,2018
1234,Na2Lu0.4MoO8PEu0.6,Na2Lu0.4MoO8P,Eu3+,0.6,,,298,616,0.66,0.338,73.1,,470,396,396,467,385,1707000,616,https://doi.org/10.1016/j.jallcom.2018.06.156,mp-561247, icsd-250441,Journal of Alloys and Compounds,2018
1235,Na2Lu0.2MoO8PEu0.8,Na2Lu0.2MoO8P,Eu3+,0.8,,,298,616,,,67.7,,,396,,,,1693000,616,https://doi.org/10.1016/j.jallcom.2018.06.156,mp-561247, icsd-250441,Journal of Alloys and Compounds,2018
1236,K0.457Na0.457NbO3Eu0.05,K0.457Na0.457NbO3,Eu3+,0.05,,,298,616,0.6348,0.3648,,,,465,465,395,,,616,https://doi.org/10.1039/C4RA10888D,mp-1223364,,RSC Advances,2015
1237,K0.4725Na0.4725NbO3Eu0.05Bi0.005,K0.4725Na0.4725NbO3,Eu3+,0.05,Bi3+,0.005,298,616,0.6345,0.3651,,,,465,465,395,,,616,https://doi.org/10.1039/C4RA10888D,mp-1223364,,RSC Advances,2015
1238,K0.4675Na0.4675NbO3Eu0.05Bi0.015,K0.4675Na0.4675NbO3,Eu3+,0.05,Bi3+,0.015,298,616,0.6378,0.3618,,,,465,465,395,,,616,https://doi.org/10.1039/C4RA10888D,mp-1223364,,RSC Advances,2015
1239,K0.4625Na0.4625NbO3Eu0.05Bi0.025,K0.4625Na0.4625NbO3,Eu3+,0.05,Bi3+,0.025,298,616,0.6463,0.3534,,,,465,465,395,,,616,https://doi.org/10.1039/C4RA10888D,mp-1223364,,RSC Advances,2015
1240,K0.455Na0.455NbO3Eu0.05Bi0.04,K0.455Na0.455NbO3,Eu3+,0.05,Bi3+,0.04,298,616,0.6461,0.3535,,,,465,465,395,,,616,https://doi.org/10.1039/C4RA10888D,mp-1223364,,RSC Advances,2015
1241,K0.45Na0.45NbO3Eu0.05Bi0.05,K0.45Na0.45NbO3,Eu3+,0.05,Bi3+,0.05,298,616,0.6476,0.352,0.34,,473,465,465,395,,177000,616,https://doi.org/10.1039/C4RA10888D,mp-1223364,,RSC Advances,2015
1242,K0.44Na0.44NbO3Eu0.05Bi0.07,K0.44Na0.44NbO3,Eu3+,0.05,Bi3+,0.07,298,616,0.627,0.3726,,,,465,465,395,,,616,https://doi.org/10.1039/C4RA10888D,mp-1223364,,RSC Advances,2015
1243,K0.425Na0.425NbO3Eu0.05Bi0.1,K0.425Na0.425NbO3,Eu3+,0.05,Bi3+,0.1,298,616,0.6429,0.3567,,,,465,465,395,,,616,https://doi.org/10.1039/C4RA10888D,mp-1223364,,RSC Advances,2015
1244,K0.4Na0.4NbO3Eu0.05Bi0.15,K0.4Na0.4NbO3,Eu3+,0.05,Bi3+,0.15,298,616,0.638,0.3616,,,,465,465,395,,,616,https://doi.org/10.1039/C4RA10888D,mp-1223364,,RSC Advances,2015
1245,Ba2ZnB2O6Eu0.05,Ba2ZnB2O6,Eu3+,0.05,,,298,616,0.655,0.345,,,363,393,398,465,,980000,616,https://doi.org/10.1039/C4RA11516C,mp-559138, icsd-75606,RSC Advances,2014
1246,CaGd0.99W4O16Tb0.5Eu0.005,CaGd0.99W4O16,Tb3+,0.5,Eu3+,0.005,298,616,0.44,0.514,80.6,,,380,,,,777900,616,https://doi.org/10.1016/j.dyepig.2017.12.067,,,Dyes and Pigments,2018
1247,CaGd0.98W4O16Tb0.5Eu0.01,CaGd0.98W4O16,Tb3+,0.5,Eu3+,0.01,298,616,0.509,0.459,78.7,,,380,,,,633800,616,https://doi.org/10.1016/j.dyepig.2017.12.067,,,Dyes and Pigments,2018
1248,CaGd0.96W4O16Tb0.5Eu0.02,CaGd0.96W4O16,Tb3+,0.5,Eu3+,0.02,298,616,0.562,0.415,69.7,,,380,,,,601600,616,https://doi.org/10.1016/j.dyepig.2017.12.067,,,Dyes and Pigments,2018
1249,CaGd0.9W4O16Tb0.5Eu0.05,CaGd0.9W4O16,Tb3+,0.5,Eu3+,0.05,298,616,0.604,0.368,73.5,,,380,,,,573100,616,https://doi.org/10.1016/j.dyepig.2017.12.067,,,Dyes and Pigments,2018
1250,CaGd0.8W4O16Tb0.5Eu0.1,CaGd0.8W4O16,Tb3+,0.5,Eu3+,0.1,298,616,0.641,0.347,72.6,,,380,,,,546700,616,https://doi.org/10.1016/j.dyepig.2017.12.067,,,Dyes and Pigments,2018
1251,CaW4O16Tb0.5Eu0.5,CaW4O16,Tb3+,0.5,Eu3+,0.5,298,616,0.662,0.332,71.1,,470,380,,,,529700,616,https://doi.org/10.1016/j.dyepig.2017.12.067,,,Dyes and Pigments,2018
1252,NaYMgWO6Eu0.3,NaYMgWO6,Eu3+,0.3,,,298,616,0.6584,0.3349,,,,394,394,465,,553000,616,https://doi.org/10.1016/j.jallcom.2017.05.027,,,Journal of Alloys and Compounds,2017
1253,Ca2.98TeO6Eu0.01,Ca2.98TeO6,Eu3+,0.01,,,298,616,,,,,,394,394,465,530,2080000,616,https://doi.org/10.1016/j.jlumin.2019.03.001,mp-5279, icsd-35085 icsd-16362,Journal of Luminescence,2019
1254,Ca2.8TeO6Eu0.1,Ca2.8TeO6,Eu3+,0.1,,,298,616,,,,,,394,394,465,530,1900000,616,https://doi.org/10.1016/j.jlumin.2019.03.001,mp-5279, icsd-35085 icsd-16362,Journal of Luminescence,2019
1255,Ca2.6TeO6Eu0.2,Ca2.6TeO6,Eu3+,0.2,,,298,616,0.653,0.344,,,540,394,394,465,530,1750000,616,https://doi.org/10.1016/j.jlumin.2019.03.001,mp-5279, icsd-35085 icsd-16362,Journal of Luminescence,2019
1256,Na5W4O16Eu1,Na5W4O16,Eu3+,1,,,298,616,0.671,0.329,47,,,395,395,465,530,,616,https://doi.org/10.1016/j.jlumin.2012.05.022,,,Journal of Luminescence,2012
1257,Ca2Lu0.8TaO6Eu0.2,Ca2Lu0.8TaO6,Eu3+,0.2,,,298,616,,,,,,396,396,465,530,685000,616,https://doi.org/10.1016/j.jallcom.2019.06.260,,,Journal of Alloys and Compounds,2019
1258,Ca2Lu0.7TaO6Eu0.3,Ca2Lu0.7TaO6,Eu3+,0.3,,,298,616,,,,,,396,396,465,530,638000,616,https://doi.org/10.1016/j.jallcom.2019.06.260,,,Journal of Alloys and Compounds,2019
1259,Ca2Lu0.6TaO6Eu0.4,Ca2Lu0.6TaO6,Eu3+,0.4,,,298,616,0.6675,0.3322,74,,583,396,396,465,530,580000,616,https://doi.org/10.1016/j.jallcom.2019.06.260,,,Journal of Alloys and Compounds,2019
1260,Ca2Lu0.5TaO6Eu0.5,Ca2Lu0.5TaO6,Eu3+,0.5,,,298,616,,,,,,396,396,465,530,472000,616,https://doi.org/10.1016/j.jallcom.2019.06.260,,,Journal of Alloys and Compounds,2019
1261,Ca2Lu0.4TaO6Eu0.6,Ca2Lu0.4TaO6,Eu3+,0.6,,,298,616,,,,,,396,396,465,530,379000,616,https://doi.org/10.1016/j.jallcom.2019.06.260,,,Journal of Alloys and Compounds,2019
1262,Ca2Lu0.3TaO6Eu0.7,Ca2Lu0.3TaO6,Eu3+,0.7,,,298,616,,,,,,396,396,465,530,282000,616,https://doi.org/10.1016/j.jallcom.2019.06.260,,,Journal of Alloys and Compounds,2019
1263,Ca2Lu0.2TaO6Eu0.8,Ca2Lu0.2TaO6,Eu3+,0.8,,,298,616,,,,,,396,396,465,530,214000,616,https://doi.org/10.1016/j.jallcom.2019.06.260,,,Journal of Alloys and Compounds,2019
1264,Bi3TiNbO9Eu0.003,Bi3TiNbO9,Eu3+,0.003,,,298,616,,,,,,355,355,,,1.54,616,https://doi.org/10.1016/j.matchemphys.2009.04.005,"mp-1216863,mp-1216832,mp-1216974",,Materials Chemistry and Physics,2009
1265,Bi3TiNbO9Eu0.035,Bi3TiNbO9,Eu3+,0.035,,,298,616,,,,,,355,355,,,1.55,616,https://doi.org/10.1016/j.matchemphys.2009.04.005,"mp-1216863,mp-1216832,mp-1216974",,Materials Chemistry and Physics,2009
1266,Bi3TiNbO9Eu0.05,Bi3TiNbO9,Eu3+,0.05,,,298,616,,,,,,355,355,,,1.53,616,https://doi.org/10.1016/j.matchemphys.2009.04.005,"mp-1216863,mp-1216832,mp-1216974",,Materials Chemistry and Physics,2009
1267,Ca2In0.95SbO6Eu0.05,Ca2In0.95SbO6,Eu3+,0.05,,,298,616,0.586,0.363,,,,395,395,,,1220000,616,https://doi.org/10.1016/j.jallcom.2020.156249,,,Journal of Alloys and Compounds,2020
1268,Ca2In0.9SbO6Eu0.1,Ca2In0.9SbO6,Eu3+,0.1,,,298,616,0.602,0.361,,,,395,395,,,1150000,616,https://doi.org/10.1016/j.jallcom.2020.156249,,,Journal of Alloys and Compounds,2020
1269,Ca2In0.8SbO6Eu0.2,Ca2In0.8SbO6,Eu3+,0.2,,,298,616,0.602,0.346,,,,395,395,,,1130000,616,https://doi.org/10.1016/j.jallcom.2020.156249,,,Journal of Alloys and Compounds,2020
1270,Ca2In0.6SbO6Eu0.4,Ca2In0.6SbO6,Eu3+,0.4,,,298,616,0.654,0.34,,,,395,395,,,1070000,616,https://doi.org/10.1016/j.jallcom.2020.156249,,,Journal of Alloys and Compounds,2020
1271,Ca2In0.4SbO6Eu0.6,Ca2In0.4SbO6,Eu3+,0.6,,,298,616,0.655,0.339,,,,395,395,,,1020000,616,https://doi.org/10.1016/j.jallcom.2020.156249,,,Journal of Alloys and Compounds,2020
1272,Ca2In0.2SbO6Eu0.8,Ca2In0.2SbO6,Eu3+,0.8,,,298,616,0.656,0.338,82,,,395,395,,,850000,616,https://doi.org/10.1016/j.jallcom.2020.156249,,,Journal of Alloys and Compounds,2020
1273,Ca2SbO6Eu1,Ca2SbO6,Eu3+,1,,,298,616,0.653,0.339,,,,395,395,,,590000,616,https://doi.org/10.1016/j.jallcom.2020.156249,,,Journal of Alloys and Compounds,2020
1274,ZnMoO4Eu0.05,ZnMoO4,Eu3+,0.05,,,298,616,0.642,0.353,,,,395,395,380,362,1751000,616,https://doi.org/10.1016/S1002-0721(14)60527-5,"mp-16882,mp-1095420", icsd-411378 icsd-17030 icsd-236416 icsd-195515 icsd-236417,Journal of Rare Earths,2015
1275,Mg0.10Zn0.85MoO4Eu0.05,Mg0.10Zn0.85MoO4,Eu3+,0.05,,,298,616,0.648,0.349,,,,395,395,380,362,1130000,616,https://doi.org/10.1016/S1002-0721(14)60527-5,"mp-16882,mp-1095420", icsd-411378 icsd-17030 icsd-236416 icsd-195515 icsd-236417,Journal of Rare Earths,2015
1276,Mg0.20Zn0.75MoO4Eu0.05,Mg0.20Zn0.75MoO4,Eu3+,0.05,,,298,616,0.644,0.332,,,,395,395,380,362,1805000,616,https://doi.org/10.1016/S1002-0721(14)60527-5,"mp-16882,mp-1095420", icsd-411378 icsd-17030 icsd-236416 icsd-195515 icsd-236417,Journal of Rare Earths,2015
1277,Mg0.30Zn0.65MoO4Eu0.05,Mg0.30Zn0.65MoO4,Eu3+,0.05,,,298,616,0.623,0.37,,,,395,395,380,362,1840000,616,https://doi.org/10.1016/S1002-0721(14)60527-5,"mp-16882,mp-1095420", icsd-411378 icsd-17030 icsd-236416 icsd-195515 icsd-236417,Journal of Rare Earths,2015
1278,Mg0.40Zn0.55MoO4Eu0.05,Mg0.40Zn0.55MoO4,Eu3+,0.05,,,298,616,0.61,0.38,,,,395,395,380,362,2439000,616,https://doi.org/10.1016/S1002-0721(14)60527-5,"mp-16882,mp-1095420", icsd-411378 icsd-17030 icsd-236416 icsd-195515 icsd-236417,Journal of Rare Earths,2015
1279,Mg0.10Zn0.84MoO4Eu0.05Bi0.01,Mg0.10Zn0.84MoO4,Eu3+,0.05,Bi3+,0.01,298,616,0.648,0.35,,,387,395,395,380,,1055000,616,https://doi.org/10.1016/S1002-0721(14)60527-5,"mp-16882,mp-1095420", icsd-411378 icsd-17030 icsd-236416 icsd-195515 icsd-236417,Journal of Rare Earths,2015
1280,Mg0.10Zn0.82MoO4Eu0.05Bi0.03,Mg0.10Zn0.82MoO4,Eu3+,0.05,Bi3+,0.03,298,616,0.638,0.358,,,,395,395,380,,1148000,616,https://doi.org/10.1016/S1002-0721(14)60527-5,"mp-16882,mp-1095420", icsd-411378 icsd-17030 icsd-236416 icsd-195515 icsd-236417,Journal of Rare Earths,2015
1281,Mg0.10Zn0.8MoO4Eu0.05Bi0.05,Mg0.10Zn0.8MoO4,Eu3+,0.05,Bi3+,0.05,298,616,0.626,0.368,,,,395,395,,,1233000,616,https://doi.org/10.1016/S1002-0721(14)60527-5,"mp-16882,mp-1095420", icsd-411378 icsd-17030 icsd-236416 icsd-195515 icsd-236417,Journal of Rare Earths,2015
1282,NaBi0.9F4Eu0.1,NaBi0.9F4,Eu3+,0.1,,,298,616,,,,,,394,394,,,4960000,616,https://doi.org/10.1016/j.cej.2017.12.063,,,Chemical Engineering Journal,2018
1283,NaBi0.8F4Eu0.2,NaBi0.8F4,Eu3+,0.2,,,298,616,,,,,,394,394,,,4750000,616,https://doi.org/10.1016/j.cej.2017.12.063,,,Chemical Engineering Journal,2018
1284,NaBi0.6F4Eu0.4,NaBi0.6F4,Eu3+,0.4,,,298,616,0.644,0.356,73.1,,465,394,394,316,380,3240000,616,https://doi.org/10.1016/j.cej.2017.12.063,,,Chemical Engineering Journal,2018
1285,NaBi0.4F4Eu0.6,NaBi0.4F4,Eu3+,0.6,,,298,616,,,,,,394,394,,,2220000,616,https://doi.org/10.1016/j.cej.2017.12.063,,,Chemical Engineering Journal,2018
1286,NaBi0.3F4Eu0.7,NaBi0.3F4,Eu3+,0.7,,,298,616,,,,,,394,394,,,1610000,616,https://doi.org/10.1016/j.cej.2017.12.063,,,Chemical Engineering Journal,2018
1287,K2Gd0.495PWO8Tb0.5Eu0.005,K2Gd0.495PWO8,Tb3+,0.5,Eu3+,0.005,298,616,0.47,0.49,,,,394,378,,,3300000,616,https://doi.org/10.1039/C4TC02406K,,,Journal of Materials Chemistry C,2015
1288,K2Gd0.47PWO8Tb0.5Eu0.03,K2Gd0.47PWO8,Tb3+,0.5,Eu3+,0.03,298,616,0.6,0.38,,,,394,378,,,3420000,616,https://doi.org/10.1039/C4TC02406K,,,Journal of Materials Chemistry C,2015
1289,K2Gd0.4PWO8Tb0.5Eu0.1,K2Gd0.4PWO8,Tb3+,0.5,Eu3+,0.1,298,616,0.64,0.35,,,,394,378,,,,616,https://doi.org/10.1039/C4TC02406K,,,Journal of Materials Chemistry C,2015
1290,K2PWO8Tb0.5Eu0.5,K2PWO8,Tb3+,0.5,Eu3+,0.5,298,616,0.65,0.34,76.45,35.24,,394,378,,,,616,https://doi.org/10.1039/C4TC02406K,,,Journal of Materials Chemistry C,2015
1291,NaGdF4Dy0.03Eu0.02,NaGdF4,Dy3+,0.03,Eu3+,0.02,298,616,0.333,0.361,,,,273,,,,1112000,478,https://doi.org/10.1039/C4NJ00688G,mp-1221034,,New Journal of Chemistry,2014
1292,NaGdF4Dy0.03Eu0.03,NaGdF4,Dy3+,0.03,Eu3+,0.03,298,616,,,,,,273,,,,1075000,478,https://doi.org/10.1039/C4NJ00688G,mp-1221034,,New Journal of Chemistry,2014
1293,NaGdF4Dy0.03Eu0.04,NaGdF4,Dy3+,0.03,Eu3+,0.04,298,616,,,,,,273,,,,1038000,478,https://doi.org/10.1039/C4NJ00688G,mp-1221034,,New Journal of Chemistry,2014
1294,NaGdF4Dy0.03Eu0.06,NaGdF4,Dy3+,0.03,Eu3+,0.06,298,616,,,,,,273,,,,983900,478,https://doi.org/10.1039/C4NJ00688G,mp-1221034,,New Journal of Chemistry,2014
1295,NaGdF4Dy0.03Eu0.08,NaGdF4,Dy3+,0.03,Eu3+,0.08,298,616,,,,,,273,,,,896200,478,https://doi.org/10.1039/C4NJ00688G,mp-1221034,,New Journal of Chemistry,2014
1296,NaGdF4Eu0.07,NaGdF4,Eu3+,0.07,,,298,616,0.505,0.38,,,,273,273,394,,,616,https://doi.org/10.1039/C4NJ00688G,mp-1221034,,New Journal of Chemistry,2014
1297,NaSr0.99B5O9Eu0.01,NaSr0.99B5O9,Eu3+,0.01,,,298,616,0.566,0.43,,,,394,394,,,,616,https://doi.org/10.1016/j.jpcs.2013.07.008,mp-561514, icsd-245570,Journal of Physics and Chemistry of Solids,2014
1298,NaSr0.97B5O9Eu0.03,NaSr0.97B5O9,Eu3+,0.03,,,298,616,0.613,0.385,,,,394,394,,,,616,https://doi.org/10.1016/j.jpcs.2013.07.008,mp-561514, icsd-245570,Journal of Physics and Chemistry of Solids,2014
1299,NaSr0.95B5O9Eu0.05,NaSr0.95B5O9,Eu3+,0.05,,,298,616,0.631,0.368,,,,394,394,,,,616,https://doi.org/10.1016/j.jpcs.2013.07.008,mp-561514, icsd-245570,Journal of Physics and Chemistry of Solids,2014
1300,NaSr0.93B5O9Eu0.07,NaSr0.93B5O9,Eu3+,0.07,,,298,616,0.627,0.371,,,,394,394,,,,616,https://doi.org/10.1016/j.jpcs.2013.07.008,mp-561514, icsd-245570,Journal of Physics and Chemistry of Solids,2014
1301,NaSr0.91B5O9Eu0.09,NaSr0.91B5O9,Eu3+,0.09,,,298,616,0.637,0.361,,,,394,394,,,,616,https://doi.org/10.1016/j.jpcs.2013.07.008,mp-561514, icsd-245570,Journal of Physics and Chemistry of Solids,2014
1302,MgY4Si3O13Ce0.01,MgY4Si3O13,Ce3+,0.01,,,298,616,0.17,0.069,,,,262,262,,,,616,https://doi.org/10.1016/j.ceramint.2017.09.005,,,Ceramics International,2017
1303,LiSrBi0.6TeO6Eu0.4,LiSrBi0.6TeO6,Eu3+,0.4,,,298,616,0.664,0.335,,,450,465,465,,,792000,616,https://doi.org/10.1016/j.jlumin.2018.05.013,,,Journal of Luminescence,2018
1304,CaWO4,CaWO4,,,,,298,616,0.1734,0.158,,,,247,247,,,16120,430,https://doi.org/10.1016/j.matchemphys.2018.01.005,"mp-19426,mp-1190383", icsd-60550 icsd-193491 icsd-60548 icsd-60551 icsd-15869 icsd-155423 icsd-193047 icsd-15586 icsd-60549 icsd-18135 icsd-77335 icsd-157428 icsd-291535 icsd-60547 icsd-155791 icsd-238259 icsd-238258,Materials Chemistry and Physics,2018
1305,Na0.01Ca0.98WO4Eu0.01,Na0.01Ca0.98WO4,Eu3+,0.01,,,298,616,0.2899,0.1894,,,,247,247,,,12860,430,https://doi.org/10.1016/j.matchemphys.2018.01.005,"mp-19426,mp-1190383", icsd-60550 icsd-193491 icsd-60548 icsd-60551 icsd-15869 icsd-155423 icsd-193047 icsd-15586 icsd-60549 icsd-18135 icsd-77335 icsd-157428 icsd-291535 icsd-60547 icsd-155791 icsd-238259 icsd-238258,Materials Chemistry and Physics,2018
1306,Na0.02Ca0.96WO4Eu0.02,Na0.02Ca0.96WO4,Eu3+,0.02,,,298,616,,,,,,247,247,,,11860,430,https://doi.org/10.1016/j.matchemphys.2018.01.005,"mp-19426,mp-1190383", icsd-60550 icsd-193491 icsd-60548 icsd-60551 icsd-15869 icsd-155423 icsd-193047 icsd-15586 icsd-60549 icsd-18135 icsd-77335 icsd-157428 icsd-291535 icsd-60547 icsd-155791 icsd-238259 icsd-238258,Materials Chemistry and Physics,2018
1307,Na0.03Ca0.94WO4Eu0.03,Na0.03Ca0.94WO4,Eu3+,0.03,,,298,616,,,,,,247,247,,,10920,430,https://doi.org/10.1016/j.matchemphys.2018.01.005,"mp-19426,mp-1190383", icsd-60550 icsd-193491 icsd-60548 icsd-60551 icsd-15869 icsd-155423 icsd-193047 icsd-15586 icsd-60549 icsd-18135 icsd-77335 icsd-157428 icsd-291535 icsd-60547 icsd-155791 icsd-238259 icsd-238258,Materials Chemistry and Physics,2018
1308,Na0.04Ca0.92WO4Eu0.04,Na0.04Ca0.92WO4,Eu3+,0.04,,,298,616,,,,,,247,247,,,8690,430,https://doi.org/10.1016/j.matchemphys.2018.01.005,"mp-19426,mp-1190383", icsd-60550 icsd-193491 icsd-60548 icsd-60551 icsd-15869 icsd-155423 icsd-193047 icsd-15586 icsd-60549 icsd-18135 icsd-77335 icsd-157428 icsd-291535 icsd-60547 icsd-155791 icsd-238259 icsd-238258,Materials Chemistry and Physics,2018
1309,Na0.05Ca0.9WO4Eu0.05,Na0.05Ca0.9WO4,Eu3+,0.05,,,298,616,,,15,,,247,247,,,7170,430,https://doi.org/10.1016/j.matchemphys.2018.01.005,"mp-19426,mp-1190383", icsd-60550 icsd-193491 icsd-60548 icsd-60551 icsd-15869 icsd-155423 icsd-193047 icsd-15586 icsd-60549 icsd-18135 icsd-77335 icsd-157428 icsd-291535 icsd-60547 icsd-155791 icsd-238259 icsd-238258,Materials Chemistry and Physics,2018
1310,Na0.1Ca0.8WO4Eu0.1,Na0.1Ca0.8WO4,Eu3+,0.1,,,298,616,,,,,,247,247,,,6250,430,https://doi.org/10.1016/j.matchemphys.2018.01.005,"mp-19426,mp-1190383", icsd-60550 icsd-193491 icsd-60548 icsd-60551 icsd-15869 icsd-155423 icsd-193047 icsd-15586 icsd-60549 icsd-18135 icsd-77335 icsd-157428 icsd-291535 icsd-60547 icsd-155791 icsd-238259 icsd-238258,Materials Chemistry and Physics,2018
1311,Na0.2Ca0.6WO4Eu0.2,Na0.2Ca0.6WO4,Eu3+,0.2,,,298,616,0.5869,0.3905,,,,247,247,,,4330,430,https://doi.org/10.1016/j.matchemphys.2018.01.005,"mp-19426,mp-1190383", icsd-60550 icsd-193491 icsd-60548 icsd-60551 icsd-15869 icsd-155423 icsd-193047 icsd-15586 icsd-60549 icsd-18135 icsd-77335 icsd-157428 icsd-291535 icsd-60547 icsd-155791 icsd-238259 icsd-238258,Materials Chemistry and Physics,2018
1312,Na0.5WO4Eu0.5,Na0.5WO4,Eu3+,0.5,,,298,616,,,65,,,247,247,,,,430,https://doi.org/10.1016/j.matchemphys.2018.01.005,mp-1192304, icsd-408189,Materials Chemistry and Physics,2018
1313,Ca1.85Ga2SiO7Eu0.1,Ca1.85Ga2SiO7,Eu3+,0.1,,,298,616,0.639,0.358,,,,393,393,,,,616,https://doi.org/10.1021/acs.inorgchem.6b00989,,,Inorganic Chemistry,2016
1314,Ba9.95F2P6O24Eu0.05,Ba9.95F2P6O24,Eu3+,0.05,,,298,616,0.54,0.446,,,,394,394,382,362,2396000,616,https://doi.org/10.1016/j.saa.2015.03.029,"mp-1228113,mp-1214497",,Spectrochimica Acta - Part A: Molecular and Biomolecular Spectroscopy,2015
1315,Ba9.93F2P6O24Eu0.07,Ba9.93F2P6O24,Eu3+,0.07,,,298,616,0.535,0.45,,,,394,394,382,362,,616,https://doi.org/10.1016/j.saa.2015.03.029,"mp-1228113,mp-1214497",,Spectrochimica Acta - Part A: Molecular and Biomolecular Spectroscopy,2015
1316,Ba9.9F2P6O24Eu0.1,Ba9.9F2P6O24,Eu3+,0.1,,,298,616,0.57,0.421,,,,394,394,382,362,2466000,616,https://doi.org/10.1016/j.saa.2015.03.029,"mp-1228113,mp-1214497",,Spectrochimica Acta - Part A: Molecular and Biomolecular Spectroscopy,2015
1317,Ba9.8F2P6O24Eu0.2,Ba9.8F2P6O24,Eu3+,0.2,,,298,616,0.588,0.406,,,,394,394,382,362,2525000,616,https://doi.org/10.1016/j.saa.2015.03.029,"mp-1228113,mp-1214497",,Spectrochimica Acta - Part A: Molecular and Biomolecular Spectroscopy,2015
1318,Ba9.7F2P6O24Eu0.3,Ba9.7F2P6O24,Eu3+,0.3,,,298,616,0.588,0.406,,,,394,394,382,362,2340000,616,https://doi.org/10.1016/j.saa.2015.03.029,"mp-1228113,mp-1214497",,Spectrochimica Acta - Part A: Molecular and Biomolecular Spectroscopy,2015
1319,Ba9.6F2P6O24Eu0.4,Ba9.6F2P6O24,Eu3+,0.4,,,298,616,0.594,0.406,,,,394,394,382,362,,616,https://doi.org/10.1016/j.saa.2015.03.029,"mp-1228113,mp-1214497",,Spectrochimica Acta - Part A: Molecular and Biomolecular Spectroscopy,2015
1320,Ba9.5F2P6O24Eu0.5,Ba9.5F2P6O24,Eu3+,0.5,,,298,616,0.601,0.395,,,,394,394,382,362,,616,https://doi.org/10.1016/j.saa.2015.03.029,"mp-1228113,mp-1214497",,Spectrochimica Acta - Part A: Molecular and Biomolecular Spectroscopy,2015
1321,Ba9.3F2P6O24Eu0.7,Ba9.3F2P6O24,Eu3+,0.7,,,298,616,0.602,0.394,59.6,,,394,394,382,362,2795000,616,https://doi.org/10.1016/j.saa.2015.03.029,"mp-1228113,mp-1214497",,Spectrochimica Acta - Part A: Molecular and Biomolecular Spectroscopy,2015
1322,Ba9F2P6O24Eu1,Ba9F2P6O24,Eu3+,1,,,298,616,0.605,0.342,,,,394,394,382,362,2369000,616,https://doi.org/10.1016/j.saa.2015.03.029,"mp-1228113,mp-1214497",,Spectrochimica Acta - Part A: Molecular and Biomolecular Spectroscopy,2015
1323,Ca0.95TiO3Eu0.05,Ca0.95TiO3,Eu3+,0.05,,,298,616,0.608,0.392,,,,397,397,,,,616,https://doi.org/10.1016/j.ceramint.2014.03.083,"mp-4019,mp-556003,mp-1205364,mp-3442,mp-754701,mp-5827", icsd-167888 icsd-62149 icsd-97828 icsd-167809 icsd-163663 icsd-174127 icsd-94568 icsd-85101 icsd-96258 icsd-162909 icsd-185445 icsd-162916 icsd-162917 icsd-157115 icsd-185443 icsd-185446 icsd-162913 icsd-162908 icsd-163662 icsd-163528 icsd-185452 icsd-16688 icsd-71915 icsd-186224 icsd-185444 icsd-189135 icsd-162918 icsd-162912 icsd-71916 icsd-180956 icsd-74215 icsd-185454 icsd-162914 icsd-74214 icsd-193648 icsd-93082 icsd-153172 icsd-185451 icsd-150420 icsd-74212 icsd-185449 icsd-162911 icsd-51024 icsd-162910 icsd-74213 icsd-37263 icsd-82487 icsd-185447 icsd-50364 icsd-185450 icsd-185453 icsd-74216 icsd-162915 icsd-185448 icsd-165801 icsd-38212 icsd-29116 icsd-162920 icsd-162919 icsd-162922 icsd-162921 icsd-162925 icsd-162924 icsd-77060 icsd-153173 icsd-162923 icsd-187293 icsd-165076 icsd-162926 icsd-31865 icsd-187294 icsd-153174 icsd-31864,Ceramics International,2014
1324,Ca0.9TiO3Eu0.1,Ca0.9TiO3,Eu3+,0.1,,,298,616,0.623,0.376,,,,397,397,,,,616,https://doi.org/10.1016/j.ceramint.2014.03.083,"mp-4019,mp-556003,mp-1205364,mp-3442,mp-754701,mp-5827", icsd-167888 icsd-62149 icsd-97828 icsd-167809 icsd-163663 icsd-174127 icsd-94568 icsd-85101 icsd-96258 icsd-162909 icsd-185445 icsd-162916 icsd-162917 icsd-157115 icsd-185443 icsd-185446 icsd-162913 icsd-162908 icsd-163662 icsd-163528 icsd-185452 icsd-16688 icsd-71915 icsd-186224 icsd-185444 icsd-189135 icsd-162918 icsd-162912 icsd-71916 icsd-180956 icsd-74215 icsd-185454 icsd-162914 icsd-74214 icsd-193648 icsd-93082 icsd-153172 icsd-185451 icsd-150420 icsd-74212 icsd-185449 icsd-162911 icsd-51024 icsd-162910 icsd-74213 icsd-37263 icsd-82487 icsd-185447 icsd-50364 icsd-185450 icsd-185453 icsd-74216 icsd-162915 icsd-185448 icsd-165801 icsd-38212 icsd-29116 icsd-162920 icsd-162919 icsd-162922 icsd-162921 icsd-162925 icsd-162924 icsd-77060 icsd-153173 icsd-162923 icsd-187293 icsd-165076 icsd-162926 icsd-31865 icsd-187294 icsd-153174 icsd-31864,Ceramics International,2014
1325,Ca0.85TiO3Eu0.15,Ca0.85TiO3,Eu3+,0.15,,,298,616,0.622,0.376,,,,397,397,,,,616,https://doi.org/10.1016/j.ceramint.2014.03.083,"mp-4019,mp-556003,mp-1205364,mp-3442,mp-754701,mp-5827", icsd-167888 icsd-62149 icsd-97828 icsd-167809 icsd-163663 icsd-174127 icsd-94568 icsd-85101 icsd-96258 icsd-162909 icsd-185445 icsd-162916 icsd-162917 icsd-157115 icsd-185443 icsd-185446 icsd-162913 icsd-162908 icsd-163662 icsd-163528 icsd-185452 icsd-16688 icsd-71915 icsd-186224 icsd-185444 icsd-189135 icsd-162918 icsd-162912 icsd-71916 icsd-180956 icsd-74215 icsd-185454 icsd-162914 icsd-74214 icsd-193648 icsd-93082 icsd-153172 icsd-185451 icsd-150420 icsd-74212 icsd-185449 icsd-162911 icsd-51024 icsd-162910 icsd-74213 icsd-37263 icsd-82487 icsd-185447 icsd-50364 icsd-185450 icsd-185453 icsd-74216 icsd-162915 icsd-185448 icsd-165801 icsd-38212 icsd-29116 icsd-162920 icsd-162919 icsd-162922 icsd-162921 icsd-162925 icsd-162924 icsd-77060 icsd-153173 icsd-162923 icsd-187293 icsd-165076 icsd-162926 icsd-31865 icsd-187294 icsd-153174 icsd-31864,Ceramics International,2014
1326,Ca0.8TiO3Eu0.2,Ca0.8TiO3,Eu3+,0.2,,,298,616,0.619,0.381,,,,397,397,,,,616,https://doi.org/10.1016/j.ceramint.2014.03.083,"mp-4019,mp-556003,mp-1205364,mp-3442,mp-754701,mp-5827", icsd-167888 icsd-62149 icsd-97828 icsd-167809 icsd-163663 icsd-174127 icsd-94568 icsd-85101 icsd-96258 icsd-162909 icsd-185445 icsd-162916 icsd-162917 icsd-157115 icsd-185443 icsd-185446 icsd-162913 icsd-162908 icsd-163662 icsd-163528 icsd-185452 icsd-16688 icsd-71915 icsd-186224 icsd-185444 icsd-189135 icsd-162918 icsd-162912 icsd-71916 icsd-180956 icsd-74215 icsd-185454 icsd-162914 icsd-74214 icsd-193648 icsd-93082 icsd-153172 icsd-185451 icsd-150420 icsd-74212 icsd-185449 icsd-162911 icsd-51024 icsd-162910 icsd-74213 icsd-37263 icsd-82487 icsd-185447 icsd-50364 icsd-185450 icsd-185453 icsd-74216 icsd-162915 icsd-185448 icsd-165801 icsd-38212 icsd-29116 icsd-162920 icsd-162919 icsd-162922 icsd-162921 icsd-162925 icsd-162924 icsd-77060 icsd-153173 icsd-162923 icsd-187293 icsd-165076 icsd-162926 icsd-31865 icsd-187294 icsd-153174 icsd-31864,Ceramics International,2014
1327,Ca0.95Ti0.995O3Eu0.05Al0.005,Ca0.95Ti0.995O3,Eu3+,0.05,Al3+,0.005,298,616,0.612,0.387,,,,397,397,,,,616,https://doi.org/10.1016/j.ceramint.2014.03.083,"mp-4019,mp-556003,mp-1205364,mp-3442,mp-754701,mp-5827", icsd-167888 icsd-62149 icsd-97828 icsd-167809 icsd-163663 icsd-174127 icsd-94568 icsd-85101 icsd-96258 icsd-162909 icsd-185445 icsd-162916 icsd-162917 icsd-157115 icsd-185443 icsd-185446 icsd-162913 icsd-162908 icsd-163662 icsd-163528 icsd-185452 icsd-16688 icsd-71915 icsd-186224 icsd-185444 icsd-189135 icsd-162918 icsd-162912 icsd-71916 icsd-180956 icsd-74215 icsd-185454 icsd-162914 icsd-74214 icsd-193648 icsd-93082 icsd-153172 icsd-185451 icsd-150420 icsd-74212 icsd-185449 icsd-162911 icsd-51024 icsd-162910 icsd-74213 icsd-37263 icsd-82487 icsd-185447 icsd-50364 icsd-185450 icsd-185453 icsd-74216 icsd-162915 icsd-185448 icsd-165801 icsd-38212 icsd-29116 icsd-162920 icsd-162919 icsd-162922 icsd-162921 icsd-162925 icsd-162924 icsd-77060 icsd-153173 icsd-162923 icsd-187293 icsd-165076 icsd-162926 icsd-31865 icsd-187294 icsd-153174 icsd-31864,Ceramics International,2014
1328,Ca0.95Ti0.99O3Eu0.05Al0.01,Ca0.95Ti0.99O3,Eu3+,0.05,Al3+,0.01,298,616,0.616,0.383,,,,397,397,,,,616,https://doi.org/10.1016/j.ceramint.2014.03.083,"mp-4019,mp-556003,mp-1205364,mp-3442,mp-754701,mp-5827", icsd-167888 icsd-62149 icsd-97828 icsd-167809 icsd-163663 icsd-174127 icsd-94568 icsd-85101 icsd-96258 icsd-162909 icsd-185445 icsd-162916 icsd-162917 icsd-157115 icsd-185443 icsd-185446 icsd-162913 icsd-162908 icsd-163662 icsd-163528 icsd-185452 icsd-16688 icsd-71915 icsd-186224 icsd-185444 icsd-189135 icsd-162918 icsd-162912 icsd-71916 icsd-180956 icsd-74215 icsd-185454 icsd-162914 icsd-74214 icsd-193648 icsd-93082 icsd-153172 icsd-185451 icsd-150420 icsd-74212 icsd-185449 icsd-162911 icsd-51024 icsd-162910 icsd-74213 icsd-37263 icsd-82487 icsd-185447 icsd-50364 icsd-185450 icsd-185453 icsd-74216 icsd-162915 icsd-185448 icsd-165801 icsd-38212 icsd-29116 icsd-162920 icsd-162919 icsd-162922 icsd-162921 icsd-162925 icsd-162924 icsd-77060 icsd-153173 icsd-162923 icsd-187293 icsd-165076 icsd-162926 icsd-31865 icsd-187294 icsd-153174 icsd-31864,Ceramics International,2014
1329,Ca0.95Ti0.97O3Eu0.05Al0.03,Ca0.95Ti0.97O3,Eu3+,0.05,Al3+,0.03,298,616,0.617,0.383,7,,,397,397,,,,616,https://doi.org/10.1016/j.ceramint.2014.03.083,"mp-4019,mp-556003,mp-1205364,mp-3442,mp-754701,mp-5827", icsd-167888 icsd-62149 icsd-97828 icsd-167809 icsd-163663 icsd-174127 icsd-94568 icsd-85101 icsd-96258 icsd-162909 icsd-185445 icsd-162916 icsd-162917 icsd-157115 icsd-185443 icsd-185446 icsd-162913 icsd-162908 icsd-163662 icsd-163528 icsd-185452 icsd-16688 icsd-71915 icsd-186224 icsd-185444 icsd-189135 icsd-162918 icsd-162912 icsd-71916 icsd-180956 icsd-74215 icsd-185454 icsd-162914 icsd-74214 icsd-193648 icsd-93082 icsd-153172 icsd-185451 icsd-150420 icsd-74212 icsd-185449 icsd-162911 icsd-51024 icsd-162910 icsd-74213 icsd-37263 icsd-82487 icsd-185447 icsd-50364 icsd-185450 icsd-185453 icsd-74216 icsd-162915 icsd-185448 icsd-165801 icsd-38212 icsd-29116 icsd-162920 icsd-162919 icsd-162922 icsd-162921 icsd-162925 icsd-162924 icsd-77060 icsd-153173 icsd-162923 icsd-187293 icsd-165076 icsd-162926 icsd-31865 icsd-187294 icsd-153174 icsd-31864,Ceramics International,2014
1330,Ca0.95Ti0.95O3Eu0.05Al0.05,Ca0.95Ti0.95O3,Eu3+,0.05,Al3+,0.05,298,616,0.609,0.39,,,,397,397,,,,616,https://doi.org/10.1016/j.ceramint.2014.03.083,"mp-4019,mp-556003,mp-1205364,mp-3442,mp-754701,mp-5827", icsd-167888 icsd-62149 icsd-97828 icsd-167809 icsd-163663 icsd-174127 icsd-94568 icsd-85101 icsd-96258 icsd-162909 icsd-185445 icsd-162916 icsd-162917 icsd-157115 icsd-185443 icsd-185446 icsd-162913 icsd-162908 icsd-163662 icsd-163528 icsd-185452 icsd-16688 icsd-71915 icsd-186224 icsd-185444 icsd-189135 icsd-162918 icsd-162912 icsd-71916 icsd-180956 icsd-74215 icsd-185454 icsd-162914 icsd-74214 icsd-193648 icsd-93082 icsd-153172 icsd-185451 icsd-150420 icsd-74212 icsd-185449 icsd-162911 icsd-51024 icsd-162910 icsd-74213 icsd-37263 icsd-82487 icsd-185447 icsd-50364 icsd-185450 icsd-185453 icsd-74216 icsd-162915 icsd-185448 icsd-165801 icsd-38212 icsd-29116 icsd-162920 icsd-162919 icsd-162922 icsd-162921 icsd-162925 icsd-162924 icsd-77060 icsd-153173 icsd-162923 icsd-187293 icsd-165076 icsd-162926 icsd-31865 icsd-187294 icsd-153174 icsd-31864,Ceramics International,2014
1331,Ca9NaZnP7O28Eu0.018,Ca9NaZnP7O28,Eu3+,0.018,,,298,616,0.326,0.225,,,,378,378,,,,616,https://doi.org/10.1016/j.dyepig.2017.12.026,mp-1221168,,Dyes and Pigments,2018
1332,Ca9NaZnP7O28Eu0.036,Ca9NaZnP7O28,Eu3+,0.036,,,298,616,0.293,0.241,,,,378,378,,,,616,https://doi.org/10.1016/j.dyepig.2017.12.026,mp-1221168,,Dyes and Pigments,2018
1333,Ca9NaZnP7O28Eu0.054,Ca9NaZnP7O28,Eu3+,0.054,,,298,616,0.368,0.265,,,,378,378,,,,616,https://doi.org/10.1016/j.dyepig.2017.12.026,mp-1221168,,Dyes and Pigments,2018
1334,Ca9NaZnP7O28Eu0.072,Ca9NaZnP7O28,Eu3+,0.072,,,298,616,0.455,0.282,,,,378,378,,,,616,https://doi.org/10.1016/j.dyepig.2017.12.026,mp-1221168,,Dyes and Pigments,2018
1335,Ca9NaZnP7O28Eu0.09,Ca9NaZnP7O28,Eu3+,0.09,,,298,616,0.542,0.314,,,,378,378,,,,616,https://doi.org/10.1016/j.dyepig.2017.12.026,mp-1221168,,Dyes and Pigments,2018
1336,Ca9NaZnP7O28Eu0.072Tb0.027,Ca9NaZnP7O28,Eu3+,0.072,Tb3+,0.027,298,616,0.439,0.309,,,,378,,,,2632500,543,https://doi.org/10.1016/j.dyepig.2017.12.026,mp-1221168,,Dyes and Pigments,2018
1337,Ca9NaZnP7O28Eu0.072Tb0.054,Ca9NaZnP7O28,Eu3+,0.072,Tb3+,0.054,298,616,0.427,0.345,,,,378,,,,2439100,543,https://doi.org/10.1016/j.dyepig.2017.12.026,mp-1221168,,Dyes and Pigments,2018
1338,Ca9NaZnP7O28Eu0.072Tb0.081,Ca9NaZnP7O28,Eu3+,0.072,Tb3+,0.081,298,616,0.401,0.361,,,500,378,,,,2312300,543,https://doi.org/10.1016/j.dyepig.2017.12.026,mp-1221168,,Dyes and Pigments,2018
1339,Ca9NaZnP7O28Eu0.072Tb0.081,Ca9NaZnP7O28,Eu3+,0.072,Tb3+,0.081,325,616,,,,,,378,,,,2059000,543,https://doi.org/10.1016/j.dyepig.2017.12.026,mp-1221168,,Dyes and Pigments,2018
1340,Ca9NaZnP7O28Eu0.072Tb0.081,Ca9NaZnP7O28,Eu3+,0.072,Tb3+,0.081,350,616,,,,,,378,,,,2035000,543,https://doi.org/10.1016/j.dyepig.2017.12.026,mp-1221168,,Dyes and Pigments,2018
1341,Ca9NaZnP7O28Eu0.072Tb0.081,Ca9NaZnP7O28,Eu3+,0.072,Tb3+,0.081,375,616,,,,,,378,,,,2056000,543,https://doi.org/10.1016/j.dyepig.2017.12.026,mp-1221168,,Dyes and Pigments,2018
1342,Ca9NaZnP7O28Eu0.072Tb0.081,Ca9NaZnP7O28,Eu3+,0.072,Tb3+,0.081,400,616,,,,,,378,,,,2026000,543,https://doi.org/10.1016/j.dyepig.2017.12.026,mp-1221168,,Dyes and Pigments,2018
1343,Ca9NaZnP7O28Eu0.072Tb0.081,Ca9NaZnP7O28,Eu3+,0.072,Tb3+,0.081,425,616,,,,,,378,,,,2028000,543,https://doi.org/10.1016/j.dyepig.2017.12.026,mp-1221168,,Dyes and Pigments,2018
1344,Ca9NaZnP7O28Eu0.072Tb0.081,Ca9NaZnP7O28,Eu3+,0.072,Tb3+,0.081,450,616,,,,,,378,,,,2049000,543,https://doi.org/10.1016/j.dyepig.2017.12.026,mp-1221168,,Dyes and Pigments,2018
1345,Ca9NaZnP7O28Eu0.072Tb0.081,Ca9NaZnP7O28,Eu3+,0.072,Tb3+,0.081,475,616,,,,,,378,,,,2002000,543,https://doi.org/10.1016/j.dyepig.2017.12.026,mp-1221168,,Dyes and Pigments,2018
1346,Na0.5Gd0.375MoO4Eu0.125,Na0.5Gd0.375MoO4,Eu3+,0.125,,,298,616,0.652,0.348,,,,394,463,394,,,616,https://doi.org/10.1111/j.1551-2916.2008.02598.x,,,Journal of the American Ceramic Society,2008
1347,Ca0.985TiO3Eu0.01,Ca0.985TiO3,Eu3+,0.01,,,298,616,0.615,0.385,1.9,,,397,,,,790000,616,https://doi.org/10.1111/j.1551-2916.2011.04967.x,"mp-4019,mp-556003,mp-1205364,mp-3442,mp-754701,mp-5827", icsd-167888 icsd-62149 icsd-97828 icsd-167809 icsd-163663 icsd-174127 icsd-94568 icsd-85101 icsd-96258 icsd-162909 icsd-185445 icsd-162916 icsd-162917 icsd-157115 icsd-185443 icsd-185446 icsd-162913 icsd-162908 icsd-163662 icsd-163528 icsd-185452 icsd-16688 icsd-71915 icsd-186224 icsd-185444 icsd-189135 icsd-162918 icsd-162912 icsd-71916 icsd-180956 icsd-74215 icsd-185454 icsd-162914 icsd-74214 icsd-193648 icsd-93082 icsd-153172 icsd-185451 icsd-150420 icsd-74212 icsd-185449 icsd-162911 icsd-51024 icsd-162910 icsd-74213 icsd-37263 icsd-82487 icsd-185447 icsd-50364 icsd-185450 icsd-185453 icsd-74216 icsd-162915 icsd-185448 icsd-165801 icsd-38212 icsd-29116 icsd-162920 icsd-162919 icsd-162922 icsd-162921 icsd-162925 icsd-162924 icsd-77060 icsd-153173 icsd-162923 icsd-187293 icsd-165076 icsd-162926 icsd-31865 icsd-187294 icsd-153174 icsd-31864,Journal of the American Ceramic Society,2011
1348,Ca0.925TiO3Eu0.05,Ca0.925TiO3,Eu3+,0.05,,,298,616,0.642,0.358,6.8,,,397,,,,780000,616,https://doi.org/10.1111/j.1551-2916.2011.04967.x,"mp-4019,mp-556003,mp-1205364,mp-3442,mp-754701,mp-5827", icsd-167888 icsd-62149 icsd-97828 icsd-167809 icsd-163663 icsd-174127 icsd-94568 icsd-85101 icsd-96258 icsd-162909 icsd-185445 icsd-162916 icsd-162917 icsd-157115 icsd-185443 icsd-185446 icsd-162913 icsd-162908 icsd-163662 icsd-163528 icsd-185452 icsd-16688 icsd-71915 icsd-186224 icsd-185444 icsd-189135 icsd-162918 icsd-162912 icsd-71916 icsd-180956 icsd-74215 icsd-185454 icsd-162914 icsd-74214 icsd-193648 icsd-93082 icsd-153172 icsd-185451 icsd-150420 icsd-74212 icsd-185449 icsd-162911 icsd-51024 icsd-162910 icsd-74213 icsd-37263 icsd-82487 icsd-185447 icsd-50364 icsd-185450 icsd-185453 icsd-74216 icsd-162915 icsd-185448 icsd-165801 icsd-38212 icsd-29116 icsd-162920 icsd-162919 icsd-162922 icsd-162921 icsd-162925 icsd-162924 icsd-77060 icsd-153173 icsd-162923 icsd-187293 icsd-165076 icsd-162926 icsd-31865 icsd-187294 icsd-153174 icsd-31864,Journal of the American Ceramic Society,2011
1349,Ca0.85TiO3Eu0.1,Ca0.85TiO3,Eu3+,0.1,,,298,616,0.646,0.353,10.6,,,397,,,,760000,616,https://doi.org/10.1111/j.1551-2916.2011.04967.x,"mp-4019,mp-556003,mp-1205364,mp-3442,mp-754701,mp-5827", icsd-167888 icsd-62149 icsd-97828 icsd-167809 icsd-163663 icsd-174127 icsd-94568 icsd-85101 icsd-96258 icsd-162909 icsd-185445 icsd-162916 icsd-162917 icsd-157115 icsd-185443 icsd-185446 icsd-162913 icsd-162908 icsd-163662 icsd-163528 icsd-185452 icsd-16688 icsd-71915 icsd-186224 icsd-185444 icsd-189135 icsd-162918 icsd-162912 icsd-71916 icsd-180956 icsd-74215 icsd-185454 icsd-162914 icsd-74214 icsd-193648 icsd-93082 icsd-153172 icsd-185451 icsd-150420 icsd-74212 icsd-185449 icsd-162911 icsd-51024 icsd-162910 icsd-74213 icsd-37263 icsd-82487 icsd-185447 icsd-50364 icsd-185450 icsd-185453 icsd-74216 icsd-162915 icsd-185448 icsd-165801 icsd-38212 icsd-29116 icsd-162920 icsd-162919 icsd-162922 icsd-162921 icsd-162925 icsd-162924 icsd-77060 icsd-153173 icsd-162923 icsd-187293 icsd-165076 icsd-162926 icsd-31865 icsd-187294 icsd-153174 icsd-31864,Journal of the American Ceramic Society,2011
1350,Ca0.775TiO3Eu0.15,Ca0.775TiO3,Eu3+,0.15,,,298,616,0.648,0.351,14.1,,,397,397,466,379,750000,616,https://doi.org/10.1111/j.1551-2916.2011.04967.x,"mp-4019,mp-556003,mp-1205364,mp-3442,mp-754701,mp-5827", icsd-167888 icsd-62149 icsd-97828 icsd-167809 icsd-163663 icsd-174127 icsd-94568 icsd-85101 icsd-96258 icsd-162909 icsd-185445 icsd-162916 icsd-162917 icsd-157115 icsd-185443 icsd-185446 icsd-162913 icsd-162908 icsd-163662 icsd-163528 icsd-185452 icsd-16688 icsd-71915 icsd-186224 icsd-185444 icsd-189135 icsd-162918 icsd-162912 icsd-71916 icsd-180956 icsd-74215 icsd-185454 icsd-162914 icsd-74214 icsd-193648 icsd-93082 icsd-153172 icsd-185451 icsd-150420 icsd-74212 icsd-185449 icsd-162911 icsd-51024 icsd-162910 icsd-74213 icsd-37263 icsd-82487 icsd-185447 icsd-50364 icsd-185450 icsd-185453 icsd-74216 icsd-162915 icsd-185448 icsd-165801 icsd-38212 icsd-29116 icsd-162920 icsd-162919 icsd-162922 icsd-162921 icsd-162925 icsd-162924 icsd-77060 icsd-153173 icsd-162923 icsd-187293 icsd-165076 icsd-162926 icsd-31865 icsd-187294 icsd-153174 icsd-31864,Journal of the American Ceramic Society,2011
1351,Ca0.7TiO3Eu0.2,Ca0.7TiO3,Eu3+,0.2,,,298,616,0.648,0.351,12.7,,,397,,,,710000,616,https://doi.org/10.1111/j.1551-2916.2011.04967.x,"mp-4019,mp-556003,mp-1205364,mp-3442,mp-754701,mp-5827", icsd-167888 icsd-62149 icsd-97828 icsd-167809 icsd-163663 icsd-174127 icsd-94568 icsd-85101 icsd-96258 icsd-162909 icsd-185445 icsd-162916 icsd-162917 icsd-157115 icsd-185443 icsd-185446 icsd-162913 icsd-162908 icsd-163662 icsd-163528 icsd-185452 icsd-16688 icsd-71915 icsd-186224 icsd-185444 icsd-189135 icsd-162918 icsd-162912 icsd-71916 icsd-180956 icsd-74215 icsd-185454 icsd-162914 icsd-74214 icsd-193648 icsd-93082 icsd-153172 icsd-185451 icsd-150420 icsd-74212 icsd-185449 icsd-162911 icsd-51024 icsd-162910 icsd-74213 icsd-37263 icsd-82487 icsd-185447 icsd-50364 icsd-185450 icsd-185453 icsd-74216 icsd-162915 icsd-185448 icsd-165801 icsd-38212 icsd-29116 icsd-162920 icsd-162919 icsd-162922 icsd-162921 icsd-162925 icsd-162924 icsd-77060 icsd-153173 icsd-162923 icsd-187293 icsd-165076 icsd-162926 icsd-31865 icsd-187294 icsd-153174 icsd-31864,Journal of the American Ceramic Society,2011
1352,Ca0.55TiO3Eu0.3,Ca0.55TiO3,Eu3+,0.3,,,298,616,0.648,0.352,7.3,,,397,,,,610000,616,https://doi.org/10.1111/j.1551-2916.2011.04967.x,"mp-4019,mp-556003,mp-1205364,mp-3442,mp-754701,mp-5827", icsd-167888 icsd-62149 icsd-97828 icsd-167809 icsd-163663 icsd-174127 icsd-94568 icsd-85101 icsd-96258 icsd-162909 icsd-185445 icsd-162916 icsd-162917 icsd-157115 icsd-185443 icsd-185446 icsd-162913 icsd-162908 icsd-163662 icsd-163528 icsd-185452 icsd-16688 icsd-71915 icsd-186224 icsd-185444 icsd-189135 icsd-162918 icsd-162912 icsd-71916 icsd-180956 icsd-74215 icsd-185454 icsd-162914 icsd-74214 icsd-193648 icsd-93082 icsd-153172 icsd-185451 icsd-150420 icsd-74212 icsd-185449 icsd-162911 icsd-51024 icsd-162910 icsd-74213 icsd-37263 icsd-82487 icsd-185447 icsd-50364 icsd-185450 icsd-185453 icsd-74216 icsd-162915 icsd-185448 icsd-165801 icsd-38212 icsd-29116 icsd-162920 icsd-162919 icsd-162922 icsd-162921 icsd-162925 icsd-162924 icsd-77060 icsd-153173 icsd-162923 icsd-187293 icsd-165076 icsd-162926 icsd-31865 icsd-187294 icsd-153174 icsd-31864,Journal of the American Ceramic Society,2011
1353,Ca0.98TiO3Li0.01Eu0.01,Ca0.98TiO3Li0.01,Eu3+,0.01,,,298,616,0.629,0.371,2,,,397,,,,780000,616,https://doi.org/10.1111/j.1551-2916.2011.04967.x,"mp-4019,mp-556003,mp-1205364,mp-3442,mp-754701,mp-5827", icsd-167888 icsd-62149 icsd-97828 icsd-167809 icsd-163663 icsd-174127 icsd-94568 icsd-85101 icsd-96258 icsd-162909 icsd-185445 icsd-162916 icsd-162917 icsd-157115 icsd-185443 icsd-185446 icsd-162913 icsd-162908 icsd-163662 icsd-163528 icsd-185452 icsd-16688 icsd-71915 icsd-186224 icsd-185444 icsd-189135 icsd-162918 icsd-162912 icsd-71916 icsd-180956 icsd-74215 icsd-185454 icsd-162914 icsd-74214 icsd-193648 icsd-93082 icsd-153172 icsd-185451 icsd-150420 icsd-74212 icsd-185449 icsd-162911 icsd-51024 icsd-162910 icsd-74213 icsd-37263 icsd-82487 icsd-185447 icsd-50364 icsd-185450 icsd-185453 icsd-74216 icsd-162915 icsd-185448 icsd-165801 icsd-38212 icsd-29116 icsd-162920 icsd-162919 icsd-162922 icsd-162921 icsd-162925 icsd-162924 icsd-77060 icsd-153173 icsd-162923 icsd-187293 icsd-165076 icsd-162926 icsd-31865 icsd-187294 icsd-153174 icsd-31864,Journal of the American Ceramic Society,2011
1354,Ca0.9TiO3Li0.05Eu0.05,Ca0.9TiO3Li0.05,Eu3+,0.05,,,298,616,0.643,0.356,8.3,,,397,,,,770000,616,https://doi.org/10.1111/j.1551-2916.2011.04967.x,"mp-4019,mp-556003,mp-1205364,mp-3442,mp-754701,mp-5827", icsd-167888 icsd-62149 icsd-97828 icsd-167809 icsd-163663 icsd-174127 icsd-94568 icsd-85101 icsd-96258 icsd-162909 icsd-185445 icsd-162916 icsd-162917 icsd-157115 icsd-185443 icsd-185446 icsd-162913 icsd-162908 icsd-163662 icsd-163528 icsd-185452 icsd-16688 icsd-71915 icsd-186224 icsd-185444 icsd-189135 icsd-162918 icsd-162912 icsd-71916 icsd-180956 icsd-74215 icsd-185454 icsd-162914 icsd-74214 icsd-193648 icsd-93082 icsd-153172 icsd-185451 icsd-150420 icsd-74212 icsd-185449 icsd-162911 icsd-51024 icsd-162910 icsd-74213 icsd-37263 icsd-82487 icsd-185447 icsd-50364 icsd-185450 icsd-185453 icsd-74216 icsd-162915 icsd-185448 icsd-165801 icsd-38212 icsd-29116 icsd-162920 icsd-162919 icsd-162922 icsd-162921 icsd-162925 icsd-162924 icsd-77060 icsd-153173 icsd-162923 icsd-187293 icsd-165076 icsd-162926 icsd-31865 icsd-187294 icsd-153174 icsd-31864,Journal of the American Ceramic Society,2011
1355,Ca0.8TiO3Li0.1Eu0.1,Ca0.8TiO3Li0.1,Eu3+,0.1,,,298,616,0.649,0.351,13.8,,,397,,,,760000,616,https://doi.org/10.1111/j.1551-2916.2011.04967.x,"mp-4019,mp-556003,mp-1205364,mp-3442,mp-754701,mp-5827", icsd-167888 icsd-62149 icsd-97828 icsd-167809 icsd-163663 icsd-174127 icsd-94568 icsd-85101 icsd-96258 icsd-162909 icsd-185445 icsd-162916 icsd-162917 icsd-157115 icsd-185443 icsd-185446 icsd-162913 icsd-162908 icsd-163662 icsd-163528 icsd-185452 icsd-16688 icsd-71915 icsd-186224 icsd-185444 icsd-189135 icsd-162918 icsd-162912 icsd-71916 icsd-180956 icsd-74215 icsd-185454 icsd-162914 icsd-74214 icsd-193648 icsd-93082 icsd-153172 icsd-185451 icsd-150420 icsd-74212 icsd-185449 icsd-162911 icsd-51024 icsd-162910 icsd-74213 icsd-37263 icsd-82487 icsd-185447 icsd-50364 icsd-185450 icsd-185453 icsd-74216 icsd-162915 icsd-185448 icsd-165801 icsd-38212 icsd-29116 icsd-162920 icsd-162919 icsd-162922 icsd-162921 icsd-162925 icsd-162924 icsd-77060 icsd-153173 icsd-162923 icsd-187293 icsd-165076 icsd-162926 icsd-31865 icsd-187294 icsd-153174 icsd-31864,Journal of the American Ceramic Society,2011
1356,Ca0.7TiO3Li0.15Eu0.15,Ca0.7TiO3Li0.15,Eu3+,0.15,,,298,616,0.651,0.349,19.9,,,397,397,466,379,700000,616,https://doi.org/10.1111/j.1551-2916.2011.04967.x,"mp-4019,mp-556003,mp-1205364,mp-3442,mp-754701,mp-5827", icsd-167888 icsd-62149 icsd-97828 icsd-167809 icsd-163663 icsd-174127 icsd-94568 icsd-85101 icsd-96258 icsd-162909 icsd-185445 icsd-162916 icsd-162917 icsd-157115 icsd-185443 icsd-185446 icsd-162913 icsd-162908 icsd-163662 icsd-163528 icsd-185452 icsd-16688 icsd-71915 icsd-186224 icsd-185444 icsd-189135 icsd-162918 icsd-162912 icsd-71916 icsd-180956 icsd-74215 icsd-185454 icsd-162914 icsd-74214 icsd-193648 icsd-93082 icsd-153172 icsd-185451 icsd-150420 icsd-74212 icsd-185449 icsd-162911 icsd-51024 icsd-162910 icsd-74213 icsd-37263 icsd-82487 icsd-185447 icsd-50364 icsd-185450 icsd-185453 icsd-74216 icsd-162915 icsd-185448 icsd-165801 icsd-38212 icsd-29116 icsd-162920 icsd-162919 icsd-162922 icsd-162921 icsd-162925 icsd-162924 icsd-77060 icsd-153173 icsd-162923 icsd-187293 icsd-165076 icsd-162926 icsd-31865 icsd-187294 icsd-153174 icsd-31864,Journal of the American Ceramic Society,2011
1357,Ca0.6TiO3Li0.2Eu0.2,Ca0.6TiO3Li0.2,Eu3+,0.2,,,298,616,0.652,0.348,18.5,,,397,,,,630000,616,https://doi.org/10.1111/j.1551-2916.2011.04967.x,"mp-4019,mp-556003,mp-1205364,mp-3442,mp-754701,mp-5827", icsd-167888 icsd-62149 icsd-97828 icsd-167809 icsd-163663 icsd-174127 icsd-94568 icsd-85101 icsd-96258 icsd-162909 icsd-185445 icsd-162916 icsd-162917 icsd-157115 icsd-185443 icsd-185446 icsd-162913 icsd-162908 icsd-163662 icsd-163528 icsd-185452 icsd-16688 icsd-71915 icsd-186224 icsd-185444 icsd-189135 icsd-162918 icsd-162912 icsd-71916 icsd-180956 icsd-74215 icsd-185454 icsd-162914 icsd-74214 icsd-193648 icsd-93082 icsd-153172 icsd-185451 icsd-150420 icsd-74212 icsd-185449 icsd-162911 icsd-51024 icsd-162910 icsd-74213 icsd-37263 icsd-82487 icsd-185447 icsd-50364 icsd-185450 icsd-185453 icsd-74216 icsd-162915 icsd-185448 icsd-165801 icsd-38212 icsd-29116 icsd-162920 icsd-162919 icsd-162922 icsd-162921 icsd-162925 icsd-162924 icsd-77060 icsd-153173 icsd-162923 icsd-187293 icsd-165076 icsd-162926 icsd-31865 icsd-187294 icsd-153174 icsd-31864,Journal of the American Ceramic Society,2011
1358,Ca0.4TiO3Li0.3Eu0.3,Ca0.4TiO3Li0.3,Eu3+,0.3,,,298,616,0.652,0.348,11.2,,,397,,,,410000,616,https://doi.org/10.1111/j.1551-2916.2011.04967.x,"mp-4019,mp-556003,mp-1205364,mp-3442,mp-754701,mp-5827", icsd-167888 icsd-62149 icsd-97828 icsd-167809 icsd-163663 icsd-174127 icsd-94568 icsd-85101 icsd-96258 icsd-162909 icsd-185445 icsd-162916 icsd-162917 icsd-157115 icsd-185443 icsd-185446 icsd-162913 icsd-162908 icsd-163662 icsd-163528 icsd-185452 icsd-16688 icsd-71915 icsd-186224 icsd-185444 icsd-189135 icsd-162918 icsd-162912 icsd-71916 icsd-180956 icsd-74215 icsd-185454 icsd-162914 icsd-74214 icsd-193648 icsd-93082 icsd-153172 icsd-185451 icsd-150420 icsd-74212 icsd-185449 icsd-162911 icsd-51024 icsd-162910 icsd-74213 icsd-37263 icsd-82487 icsd-185447 icsd-50364 icsd-185450 icsd-185453 icsd-74216 icsd-162915 icsd-185448 icsd-165801 icsd-38212 icsd-29116 icsd-162920 icsd-162919 icsd-162922 icsd-162921 icsd-162925 icsd-162924 icsd-77060 icsd-153173 icsd-162923 icsd-187293 icsd-165076 icsd-162926 icsd-31865 icsd-187294 icsd-153174 icsd-31864,Journal of the American Ceramic Society,2011
1359,Ca2Lu0.8NbO6Eu0.2,Ca2Lu0.8NbO6,Eu3+,0.2,,,298,616,0.6649,0.3349,,,,396,396,466,383,550000,616,https://doi.org/10.1016/j.jlumin.2020.117373,mp-1214029,,Journal of Luminescence,2020
1360,Ca2Lu0.7NbO6Eu0.3,Ca2Lu0.7NbO6,Eu3+,0.3,,,298,616,0.6669,0.3328,,,,396,396,466,383,526000,616,https://doi.org/10.1016/j.jlumin.2020.117373,mp-1214029,,Journal of Luminescence,2020
1361,Ca2Lu0.6NbO6Eu0.4,Ca2Lu0.6NbO6,Eu3+,0.4,,,298,616,0.669,0.3308,66,,500,396,396,466,383,473000,616,https://doi.org/10.1016/j.jlumin.2020.117373,mp-1214029,,Journal of Luminescence,2020
1362,Ca2Lu0.5NbO6Eu0.5,Ca2Lu0.5NbO6,Eu3+,0.5,,,298,616,0.6694,0.3304,,,,396,396,466,383,395000,616,https://doi.org/10.1016/j.jlumin.2020.117373,mp-1214029,,Journal of Luminescence,2020
1363,Ca2Lu0.4NbO6Eu0.6,Ca2Lu0.4NbO6,Eu3+,0.6,,,298,616,0.6695,0.3302,,,,396,396,466,383,308000,616,https://doi.org/10.1016/j.jlumin.2020.117373,mp-1214029,,Journal of Luminescence,2020
1364,Ca2Lu0.3NbO6Eu0.7,Ca2Lu0.3NbO6,Eu3+,0.7,,,298,616,0.6697,0.33,,,,396,396,466,383,217000,616,https://doi.org/10.1016/j.jlumin.2020.117373,mp-1214029,,Journal of Luminescence,2020
1365,Ca2Lu0.2NbO6Eu0.8,Ca2Lu0.2NbO6,Eu3+,0.8,,,298,616,0.6697,0.3301,,,,396,396,466,383,151000,616,https://doi.org/10.1016/j.jlumin.2020.117373,mp-1214029,,Journal of Luminescence,2020
1366,BaLa1.91WO7Eu0.09,BaLa1.91WO7,Eu3+,0.09,,,298,616,0.648,0.349,,,,394,394,466,534,492000,616,https://doi.org/10.1016/j.jlumin.2016.11.003,"mp-1203123,mp-1201679", icsd-166617 icsd-247840,Journal of Luminescence,2017
1367,BaLa1.905WO7Eu0.09Bi0.005,BaLa1.905WO7,Eu3+,0.09,Bi3+,0.005,298,616,,,,,,394,394,466,534,501000,616,https://doi.org/10.1016/j.jlumin.2016.11.003,"mp-1203123,mp-1201679", icsd-166617 icsd-247840,Journal of Luminescence,2017
1368,BaLa1.9WO7Eu0.09Bi0.01,BaLa1.9WO7,Eu3+,0.09,Bi3+,0.01,298,616,0.655,0.344,29,,,394,394,466,534,508000,616,https://doi.org/10.1016/j.jlumin.2016.11.003,"mp-1203123,mp-1201679", icsd-166617 icsd-247840,Journal of Luminescence,2017
1369,BaLa1.89WO7Eu0.09Bi0.02,BaLa1.89WO7,Eu3+,0.09,Bi3+,0.02,298,616,,,,,,394,394,466,534,500000,616,https://doi.org/10.1016/j.jlumin.2016.11.003,"mp-1203123,mp-1201679", icsd-166617 icsd-247840,Journal of Luminescence,2017
1370,BaLa1.88WO7Eu0.09Bi0.03,BaLa1.88WO7,Eu3+,0.09,Bi3+,0.03,298,616,,,,,,394,394,466,534,491000,616,https://doi.org/10.1016/j.jlumin.2016.11.003,"mp-1203123,mp-1201679", icsd-166617 icsd-247840,Journal of Luminescence,2017
1371,BaLa1.87WO7Eu0.09Bi0.04,BaLa1.87WO7,Eu3+,0.09,Bi3+,0.04,298,616,,,,,,394,394,466,534,486000,616,https://doi.org/10.1016/j.jlumin.2016.11.003,"mp-1203123,mp-1201679", icsd-166617 icsd-247840,Journal of Luminescence,2017
1372,Ba2Lu4.88La0.02B5O17Eu0.1,Ba2Lu4.88La0.02B5O17,Eu3+,0.1,,,298,616,,,,,,396,396,,,1325000,616,https://doi.org/10.1039/C8RA06457A,,,RSC Advances,2018
1373,Ba2Lu4.68La0.02B5O17Eu0.3,Ba2Lu4.68La0.02B5O17,Eu3+,0.3,,,298,616,,,,,,396,396,,,1372000,616,https://doi.org/10.1039/C8RA06457A,,,RSC Advances,2018
1374,Ba2Lu4.48La0.02B5O17Eu0.5,Ba2Lu4.48La0.02B5O17,Eu3+,0.5,,,298,616,0.643,0.356,27.1,,385,396,396,,,1409000,616,https://doi.org/10.1039/C8RA06457A,,,RSC Advances,2018
1375,Ba2Lu4.38La0.02B5O17Eu0.6,Ba2Lu4.38La0.02B5O17,Eu3+,0.6,,,298,616,,,,,,396,396,,,1455000,616,https://doi.org/10.1039/C8RA06457A,,,RSC Advances,2018
1376,Ba2Lu4.28La0.02B5O17Eu0.7,Ba2Lu4.28La0.02B5O17,Eu3+,0.7,,,298,616,,,,,,396,396,,,1524000,616,https://doi.org/10.1039/C8RA06457A,,,RSC Advances,2018
1377,Ba2Lu4.08La0.02B5O17Eu0.9,Ba2Lu4.08La0.02B5O17,Eu3+,0.9,,,298,616,,,,,,396,396,,,1655000,616,https://doi.org/10.1039/C8RA06457A,,,RSC Advances,2018
1378,Ba2Lu3.98La0.02B5O17Eu1,Ba2Lu3.98La0.02B5O17,Eu3+,1,,,298,616,,,,,,396,396,,,1733000,616,https://doi.org/10.1039/C8RA06457A,,,RSC Advances,2018
1379,Ba2Y1.58P2O12SiTb0.3Eu0.12,Ba2Y1.58P2O12Si,Tb3+,0.3,Eu3+,0.12,298,616,0.472,0.393,61,,,377,,,,,,https://doi.org/10.1021/acs.inorgchem.6b01040,,,Inorganic Chemistry,2016
1380,Ba2Y1.54P2O12SiTb0.3Eu0.16,Ba2Y1.54P2O12Si,Tb3+,0.3,Eu3+,0.16,298,616,0.5,0.382,64.5,,,377,,,,,,https://doi.org/10.1021/acs.inorgchem.6b01040,,,Inorganic Chemistry,2016
1381,Ba2Y1.46P2O12SiTb0.3Eu0.24,Ba2Y1.46P2O12Si,Tb3+,0.3,Eu3+,0.24,298,616,0.532,0.362,60.3,,,377,,,,651000,550,https://doi.org/10.1021/acs.inorgchem.6b01040,,,Inorganic Chemistry,2016
1382,Ba2Y1.4P2O12SiTb0.3Eu0.3,Ba2Y1.4P2O12Si,Tb3+,0.3,Eu3+,0.3,298,616,0.545,0.357,58,,,377,,,,,,https://doi.org/10.1021/acs.inorgchem.6b01040,,,Inorganic Chemistry,2016
1383,K4BaSi3O9Eu0.05,K4BaSi3O9,Eu3+,0.05,,,300,616.5,,,27,,,395,395,310,,,616.5,https://doi.org/10.1016/j.optmat.2014.06.036,"mp-558347,mp-976307", icsd-246254,Optical Materials,2014
1384,K4BaSi3O9Eu0.05,K4BaSi3O9,Eu3+,0.05,,,300,616.5,,,,,608,266,,,,1250000,,https://doi.org/10.1016/j.optmat.2014.06.036,"mp-558347,mp-976307", icsd-246254,Optical Materials,2014
1385,K4BaSi3O9Eu0.05,K4BaSi3O9,Eu3+,0.05,,,300,616.5,,,,,608,266,,,,1250000,,https://doi.org/10.1016/j.optmat.2014.06.036,"mp-558347,mp-976307", icsd-246254,Optical Materials,2014
1386,K4BaSi3O9Eu0.05,K4BaSi3O9,Eu3+,0.05,,,300,616.5,,,27,,,395,,,,,,https://doi.org/10.1016/j.optmat.2014.06.036,"mp-558347,mp-976307", icsd-246254,Optical Materials,2014
1387,K4SrSi3O9Eu0.05,K4SrSi3O9,Eu3+,0.05,,,298,616.5,,,,,610,266,,,,,,https://doi.org/10.1016/j.optmat.2013.07.018,,,Optical Materials,2013
1388,Sr3TeO6Eu0.02,Sr3TeO6,Eu3+,0.02,,,298,617,0.616,0.381,,,,394,,,,,617,https://doi.org/10.1016/j.ceramint.2020.11.219,"mp-768941,mp-1200112,mp-768907,mp-772918", icsd-421175,Ceramics International,2021
1389,Sr3TeO6Eu0.05,Sr3TeO6,Eu3+,0.05,,,298,617,0.594,0.4,,,,394,,,,,617,https://doi.org/10.1016/j.ceramint.2020.11.219,"mp-768941,mp-1200112,mp-768907,mp-772918", icsd-421175,Ceramics International,2021
1390,Sr3TeO6Eu0.1,Sr3TeO6,Eu3+,0.1,,,298,617,0.637,0.362,,,,394,,,,,617,https://doi.org/10.1016/j.ceramint.2020.11.219,"mp-768941,mp-1200112,mp-768907,mp-772918", icsd-421175,Ceramics International,2021
1391,Sr3TeO6Eu0.15,Sr3TeO6,Eu3+,0.15,,,298,617,0.643,0.356,,,,394,,,,1145000,617,https://doi.org/10.1016/j.ceramint.2020.11.219,"mp-768941,mp-1200112,mp-768907,mp-772918", icsd-421175,Ceramics International,2021
1392,Sr3TeO6Eu0.2,Sr3TeO6,Eu3+,0.2,,,298,617,0.644,0.355,,,,394,,,,1102000,617,https://doi.org/10.1016/j.ceramint.2020.11.219,"mp-768941,mp-1200112,mp-768907,mp-772918", icsd-421175,Ceramics International,2021
1393,Sr3TeO6Eu0.25,Sr3TeO6,Eu3+,0.25,,,298,617,0.652,0.347,45.26,,,394,394,465,385,1066000,617,https://doi.org/10.1016/j.ceramint.2020.11.219,"mp-768941,mp-1200112,mp-768907,mp-772918", icsd-421175,Ceramics International,2021
1394,Sr3TeO6Na0.25Eu0.25,Sr3TeO6Na0.25,Eu3+,0.25,,,298,617,,,,,,394,394,465,385,1075000,617,https://doi.org/10.1016/j.ceramint.2020.11.219,"mp-768941,mp-1200112,mp-768907,mp-772918", icsd-421175,Ceramics International,2021
1395,Sr3TeO6Li0.25Eu0.25,Sr3TeO6Li0.25,Eu3+,0.25,,,298,617,,,,,,394,394,465,385,1477000,617,https://doi.org/10.1016/j.ceramint.2020.11.219,"mp-768941,mp-1200112,mp-768907,mp-772918", icsd-421175,Ceramics International,2021
1396,Sr3TeO6K0.25Eu0.25,Sr3TeO6K0.25,Eu3+,0.25,,,298,617,,,,,,394,394,465,385,1700000,617,https://doi.org/10.1016/j.ceramint.2020.11.219,"mp-768941,mp-1200112,mp-768907,mp-772918", icsd-421175,Ceramics International,2021
1397,Sr3TeO6Eu0.3,Sr3TeO6,Eu3+,0.3,,,298,617,0.643,0.356,,,,394,,,,1006000,617,https://doi.org/10.1016/j.ceramint.2020.11.219,"mp-768941,mp-1200112,mp-768907,mp-772918", icsd-421175,Ceramics International,2021
1398,Ba0.95Ca2In6O12Eu0.05,Ba0.95Ca2In6O12,Eu3+,0.05,,,298,617,0.331,0.275,,,,393,393,380,465,,617,https://doi.org/10.1111/jace.13511,,,Journal of the American Ceramic Society,2015
1399,Ba0.93Ca2In6O12Eu0.07,Ba0.93Ca2In6O12,Eu3+,0.07,,,298,617,0.384,0.308,,,,393,,,,,617,https://doi.org/10.1111/jace.13511,,,Journal of the American Ceramic Society,2015
1400,Ba0.6Ca2In6O12Eu0.4,Ba0.6Ca2In6O12,Eu3+,0.4,,,298,617,0.594,0.336,,,,393,,,,,617,https://doi.org/10.1111/jace.13511,,,Journal of the American Ceramic Society,2015
1401,Na2Gd0.95PO8MoEu0.05,Na2Gd0.95PO8Mo,Eu3+,0.05,,,298,617,,,,,,396,,,,610000,617,https://doi.org/10.1016/j.jallcom.2017.05.251,,,Journal of Alloys and Compounds,2017
1402,Na2Gd0.9PO8MoEu0.1,Na2Gd0.9PO8Mo,Eu3+,0.1,,,298,617,,,,,,396,,,,618000,617,https://doi.org/10.1016/j.jallcom.2017.05.251,,,Journal of Alloys and Compounds,2017
1403,Na2Gd0.8PO8MoEu0.2,Na2Gd0.8PO8Mo,Eu3+,0.2,,,298,617,,,,,,396,,,,633000,617,https://doi.org/10.1016/j.jallcom.2017.05.251,,,Journal of Alloys and Compounds,2017
1404,Na2Gd0.7PO8MoEu0.3,Na2Gd0.7PO8Mo,Eu3+,0.3,,,298,617,,,,,,396,,,,614000,617,https://doi.org/10.1016/j.jallcom.2017.05.251,,,Journal of Alloys and Compounds,2017
1405,Na2Gd0.6PO8MoEu0.4,Na2Gd0.6PO8Mo,Eu3+,0.4,,,298,617,,,,,,396,,,,613000,617,https://doi.org/10.1016/j.jallcom.2017.05.251,,,Journal of Alloys and Compounds,2017
1406,Na2Gd0.5PO8MoEu0.5,Na2Gd0.5PO8Mo,Eu3+,0.5,,,298,617,0.653,0.346,90,37,455,396,396,467,385,621000,617,https://doi.org/10.1016/j.jallcom.2017.05.251,,,Journal of Alloys and Compounds,2017
1407,Na2Gd0.4PO8MoEu0.6,Na2Gd0.4PO8Mo,Eu3+,0.6,,,298,617,,,,,,396,,,,628000,617,https://doi.org/10.1016/j.jallcom.2017.05.251,,,Journal of Alloys and Compounds,2017
1408,Na2Gd0.3PO8MoEu0.7,Na2Gd0.3PO8Mo,Eu3+,0.7,,,298,617,,,,,,396,,,,622000,617,https://doi.org/10.1016/j.jallcom.2017.05.251,,,Journal of Alloys and Compounds,2017
1409,Na2Gd0.2PO8MoEu0.8,Na2Gd0.2PO8Mo,Eu3+,0.8,,,298,617,,,,,,396,,,,653000,617,https://doi.org/10.1016/j.jallcom.2017.05.251,,,Journal of Alloys and Compounds,2017
1410,Na2Gd0.1PO8MoEu0.9,Na2Gd0.1PO8Mo,Eu3+,0.9,,,298,617,,,,,,396,,,,626000,617,https://doi.org/10.1016/j.jallcom.2017.05.251,,,Journal of Alloys and Compounds,2017
1411,Na2PO8MoEu1,Na2PO8Mo,Eu3+,1,,,298,617,,,,,,396,,,,635000,617,https://doi.org/10.1016/j.jallcom.2017.05.251,,,Journal of Alloys and Compounds,2017
1412,Sc2W3O12Eu0.01,Sc2W3O12,Eu3+,0.01,,,298,617,0.2875,0.3318,,,,264,264,,,303000,617,https://doi.org/10.1016/j.ceramint.2019.02.107,"mp-5516,mp-1219450", icsd-50941 icsd-50940 icsd-391468 icsd-28467 icsd-50942,Ceramics International,2019
1413,Sc2W3O12Eu0.03,Sc2W3O12,Eu3+,0.03,,,298,617,0.3342,0.3178,,,,264,264,,,362000,617,https://doi.org/10.1016/j.ceramint.2019.02.107,"mp-5516,mp-1219450", icsd-50941 icsd-50940 icsd-391468 icsd-28467 icsd-50942,Ceramics International,2019
1414,Sc2W3O12Eu0.05,Sc2W3O12,Eu3+,0.05,,,298,617,0.3395,0.3289,,,,264,264,,,383000,617,https://doi.org/10.1016/j.ceramint.2019.02.107,"mp-5516,mp-1219450", icsd-50941 icsd-50940 icsd-391468 icsd-28467 icsd-50942,Ceramics International,2019
1415,Sc2W3O12Eu0.15,Sc2W3O12,Eu3+,0.15,,,298,617,0.4167,0.3318,,,,264,264,,,395000,617,https://doi.org/10.1016/j.ceramint.2019.02.107,"mp-5516,mp-1219450", icsd-50941 icsd-50940 icsd-391468 icsd-28467 icsd-50942,Ceramics International,2019
1416,Sc2W3O12Eu0.3,Sc2W3O12,Eu3+,0.3,,,298,617,0.5845,0.3349,,,,264,264,,,407000,617,https://doi.org/10.1016/j.ceramint.2019.02.107,"mp-5516,mp-1219450", icsd-50941 icsd-50940 icsd-391468 icsd-28467 icsd-50942,Ceramics International,2019
1417,SrMoO4Eu0.05,SrMoO4,Eu3+,0.05,,,298,617,0.5812,0.3267,,,,272,272,,,510000,617,https://doi.org/10.1016/j.materresbull.2010.12.016,mp-18834, icsd-193794 icsd-250491 icsd-23700 icsd-28025 icsd-194080 icsd-173125 icsd-173120 icsd-245803 icsd-245802 icsd-173122 icsd-239418 icsd-248458 icsd-99089 icsd-194081,Materials Research Bulletin,2011
1418,LiGdW2O8Eu0.05,LiGdW2O8,Eu3+,0.05,,,298,617,0.619,0.345,,,,275,395,465,,,617,https://doi.org/10.1039/C5RA19345A,"mp-1210920,mp-1222332",,RSC Advances,2015
1419,La2.75GaGe5O16Tb0.15Eu0.1,La2.75GaGe5O16,Tb3+,0.15,Eu3+,0.1,298,617,0.4718,0.388,,,,377,377,370,352,950000,544,https://doi.org/10.1039/C4TC01091D,mp-652961, icsd-50521,Journal of Materials Chemistry C,2014
1420,La2.65GaGe5O16Tb0.15Eu0.2,La2.65GaGe5O16,Tb3+,0.15,Eu3+,0.2,298,617,0.5345,0.3694,,,,377,377,370,352,810000,544,https://doi.org/10.1039/C4TC01091D,mp-652961, icsd-50521,Journal of Materials Chemistry C,2014
1421,Ca0.98SrAl2SiO7Eu0.02,Ca0.98SrAl2SiO7,Eu3+,0.02,,,298,617,0.643,0.356,,,,393,393,,,,617,https://doi.org/10.1016/j.physb.2012.04.001,,,Physica B: Condensed Matter,2012
1422,Ca0.94SrAl2SiO7Eu0.06,Ca0.94SrAl2SiO7,Eu3+,0.06,,,298,617,0.645,0.354,,,,393,393,,,,617,https://doi.org/10.1016/j.physb.2012.04.001,,,Physica B: Condensed Matter,2012
1423,Ca0.9SrAl2SiO7Eu0.1,Ca0.9SrAl2SiO7,Eu3+,0.1,,,298,617,0.647,0.352,,,,393,393,464,,,617,https://doi.org/10.1016/j.physb.2012.04.001,,,Physica B: Condensed Matter,2012
1424,Ca0.86SrAl2SiO7Eu0.14,Ca0.86SrAl2SiO7,Eu3+,0.14,,,298,617,0.647,0.353,,,,393,393,,,,617,https://doi.org/10.1016/j.physb.2012.04.001,,,Physica B: Condensed Matter,2012
1425,Ca0.82SrAl2SiO7Eu0.18,Ca0.82SrAl2SiO7,Eu3+,0.18,,,298,617,0.649,0.351,,,,393,393,,,,617,https://doi.org/10.1016/j.physb.2012.04.001,,,Physica B: Condensed Matter,2012
1426,Ca0.78SrAl2SiO7Eu0.22,Ca0.78SrAl2SiO7,Eu3+,0.22,,,298,617,0.65,0.35,47.8,,,393,393,,,,617,https://doi.org/10.1016/j.physb.2012.04.001,,,Physica B: Condensed Matter,2012
1427,LiGd0.9W2O8Eu0.1,LiGd0.9W2O8,Eu3+,0.1,,,298,617,,,,,,395,395,,,535000,617,https://doi.org/10.1039/C6NJ02734B,"mp-1210920,mp-1222332",,New Journal of Chemistry,2016
1428,LiGd0.8W2O8Eu0.2,LiGd0.8W2O8,Eu3+,0.2,,,298,617,,,,,,395,395,,,568000,617,https://doi.org/10.1039/C6NJ02734B,"mp-1210920,mp-1222332",,New Journal of Chemistry,2016
1429,LiGd0.6W2O8Eu0.4,LiGd0.6W2O8,Eu3+,0.4,,,298,617,,,,,,395,395,,,621000,617,https://doi.org/10.1039/C6NJ02734B,"mp-1210920,mp-1222332",,New Journal of Chemistry,2016
1430,LiGd0.4W2O8Eu0.6,LiGd0.4W2O8,Eu3+,0.6,,,298,617,,,,,,395,395,,,637000,617,https://doi.org/10.1039/C6NJ02734B,"mp-1210920,mp-1222332",,New Journal of Chemistry,2016
1431,LiGd0.2W2O8Eu0.8,LiGd0.2W2O8,Eu3+,0.8,,,298,617,0.656,0.334,69,54,498,395,395,465,535,682000,617,https://doi.org/10.1039/C6NJ02734B,"mp-1210920,mp-1222332",,New Journal of Chemistry,2016
1432,LiW2O8Eu1,LiW2O8,Eu3+,1,,,298,617,,,,,,395,395,,,575000,617,https://doi.org/10.1039/C6NJ02734B,"mp-1210920,mp-1222332",,New Journal of Chemistry,2016
1433,Ca5B3O9FBi0.15Eu0.05,Ca5B3O9F,Bi3+,0.15,Eu3+,0.05,298,617,0.44,0.33,,,,322,322,,,1830000,617,https://doi.org/10.1021/acs.chemmater.7b03151,mp-6632, icsd-65763 icsd-69537,Chemistry of Materials,2017
1434,Ca5B3O9FBi0.15Eu0.07,Ca5B3O9F,Bi3+,0.15,Eu3+,0.07,298,617,0.49,0.34,,,,322,322,,,1870000,617,https://doi.org/10.1021/acs.chemmater.7b03151,mp-6632, icsd-65763 icsd-69537,Chemistry of Materials,2017
1435,Ca5B3O9FBi0.15Eu0.1,Ca5B3O9F,Bi3+,0.15,Eu3+,0.1,298,617,0.54,0.34,,,,322,322,,,1900000,617,https://doi.org/10.1021/acs.chemmater.7b03151,mp-6632, icsd-65763 icsd-69537,Chemistry of Materials,2017
1436,Gd1.915MoO6Dy0.075Eu0.01,Gd1.915MoO6,Dy3+,0.075,Eu3+,0.01,298,617,0.29,0.27,,,,393,393,465,,,617,https://doi.org/10.1007/s10853-016-9962-z,mp-582797, icsd-62886,Journal of Materials Science,2016
1437,Gd1.875MoO6Dy0.075Eu0.05,Gd1.875MoO6,Dy3+,0.075,Eu3+,0.05,298,617,0.4,0.29,,,,393,393,465,,5080,617,https://doi.org/10.1007/s10853-016-9962-z,mp-582797, icsd-62886,Journal of Materials Science,2016
1438,Gd1.85MoO6Dy0.075Eu0.075,Gd1.85MoO6,Dy3+,0.075,Eu3+,0.075,298,617,0.39,0.27,,,,393,393,465,,,617,https://doi.org/10.1007/s10853-016-9962-z,mp-582797, icsd-62886,Journal of Materials Science,2016
1439,Gd1.825MoO6Dy0.075Eu0.1,Gd1.825MoO6,Dy3+,0.075,Eu3+,0.1,298,617,0.4,0.27,,,,393,393,465,,,617,https://doi.org/10.1007/s10853-016-9962-z,mp-582797, icsd-62886,Journal of Materials Science,2016
1440,Gd1.8MoO6Dy0.075Eu0.125,Gd1.8MoO6,Dy3+,0.075,Eu3+,0.125,298,617,0.4,0.27,,,,393,393,465,,,617,https://doi.org/10.1007/s10853-016-9962-z,mp-582797, icsd-62886,Journal of Materials Science,2016
1441,KGd0.7TiO4Eu0.3,KGd0.7TiO4,Eu3+,0.3,,,298,617,0.65,0.34,,,,286,,,,,,https://doi.org/10.1039/C3TC32472A,mp-1211763,,Journal of Materials Chemistry C,2014
1442,KGd0.7TiO4Eu0.3,KGd0.7TiO4,Eu3+,0.3,,,298,617,,,91,,,395,,,,1150000,617,https://doi.org/10.1039/C3TC32472A,mp-1211763,,Journal of Materials Chemistry C,2014
1443,NaGd0.7TiO4Eu0.3,NaGd0.7TiO4,Eu3+,0.3,,,298,617,0.662,0.338,,,465,287,287,,,860000,617,https://doi.org/10.1039/C3RA40375K,mp-1211763,,RSC Advances,2013
1444,NaY0.7TiO4Eu0.3,NaY0.7TiO4,Eu3+,0.3,,,298,617,0.663,0.337,,,,287,287,,,850000,617,https://doi.org/10.1039/C3RA40375K,mp-18005, icsd-81538,RSC Advances,2013
1445,Sr2Si5N8Eu0.01,Sr2Si5N8,Eu2+,0.01,,,298,617,0.622,0.377,,,,455,455,,,,617,https://doi.org/10.1016/j.jallcom.2016.01.192,mp-9710, icsd-401500,Journal of Alloys and Compounds,2016
1446,Sr2Si5N8Eu0.02,Sr2Si5N8,Eu2+,0.02,,,298,617,0.628,0.371,,,,455,455,,,,617,https://doi.org/10.1016/j.jallcom.2016.01.192,mp-9710, icsd-401500,Journal of Alloys and Compounds,2016
1447,Sr2Si5N8Eu0.04,Sr2Si5N8,Eu2+,0.04,,,298,617,0.633,0.366,,,,455,455,,,,617,https://doi.org/10.1016/j.jallcom.2016.01.192,mp-9710, icsd-401500,Journal of Alloys and Compounds,2016
1448,Sr2Si5N8Eu0.06,Sr2Si5N8,Eu2+,0.06,,,298,617,0.64,0.359,,,,455,455,,,,617,https://doi.org/10.1016/j.jallcom.2016.01.192,mp-9710, icsd-401500,Journal of Alloys and Compounds,2016
1449,Ba2Y1.6La4Si6O26Eu2.4,Ba2Y1.6La4Si6O26,Eu3+,2.4,,,298,617,,,53.43,,,397,397,,,,617,https://doi.org/10.1016/j.jallcom.2019.02.229,,,Journal of Alloys and Compounds,2019
1450,Ba2Y3.2La2.4Si6O26Eu2.4,Ba2Y3.2La2.4Si6O26,Eu3+,2.4,,,298,617,0.6427,0.3567,67.46,,473,397,397,,,1170000,617,https://doi.org/10.1016/j.jallcom.2019.02.229,,,Journal of Alloys and Compounds,2019
1451,Ba2Y4La1.6Si6O26Eu2.4,Ba2Y4La1.6Si6O26,Eu3+,2.4,,,298,617,,,47.6,,,397,397,,,,617,https://doi.org/10.1016/j.jallcom.2019.02.229,,,Journal of Alloys and Compounds,2019
1452,KBaGd0.5Mo3O12Eu0.5,KBaGd0.5Mo3O12,Eu3+,0.5,,,298,617,0.664,0.335,44.03,,,395,395,463,,597000,617,https://doi.org/10.1016/j.optmat.2018.07.019,mp-1223587,,Optical Materials,2018
1453,KBaGd0.4Mo3O12Eu0.6,KBaGd0.4Mo3O12,Eu3+,0.6,,,298,617,0.669,0.33,47.1,,,395,,,,594000,617,https://doi.org/10.1016/j.optmat.2018.07.019,mp-1223587,,Optical Materials,2018
1454,KBaGd0.3Mo3O12Eu0.7,KBaGd0.3Mo3O12,Eu3+,0.7,,,298,617,0.675,0.325,48.08,,,395,,,,596000,617,https://doi.org/10.1016/j.optmat.2018.07.019,mp-1223587,,Optical Materials,2018
1455,KBaGd0.2Mo3O12Eu0.8,KBaGd0.2Mo3O12,Eu3+,0.8,,,298,617,0.677,0.323,54.45,,510,395,,,,593000,617,https://doi.org/10.1016/j.optmat.2018.07.019,mp-1223587,,Optical Materials,2018
1456,KBaGd0.1Mo3O12Eu0.9,KBaGd0.1Mo3O12,Eu3+,0.9,,,298,617,0.678,0.322,50.51,,,395,,,,589000,617,https://doi.org/10.1016/j.optmat.2018.07.019,mp-1223587,,Optical Materials,2018
1457,KBaMo3O12Eu1,KBaMo3O12,Eu3+,1,,,298,617,0.678,0.322,49,,,395,,,,576000,617,https://doi.org/10.1016/j.optmat.2018.07.019,mp-1223587,,Optical Materials,2018
1458,LiBa0.97PO4Eu0.03,LiBa0.97PO4,Eu3+,0.03,,,298,617,0.68,0.315,,,,394,,,,,,https://doi.org/10.1002/bio.2815,,,Luminescence,2015
1459,CaWO4Eu0.04,CaWO4,Eu3+,0.04,,,298,617,0.265,0.135,,,,276,,,,4600,415,https://doi.org/10.1039/C6RA01862A,"mp-19426,mp-1190383", icsd-60550 icsd-193491 icsd-60548 icsd-60551 icsd-15869 icsd-155423 icsd-193047 icsd-15586 icsd-60549 icsd-18135 icsd-77335 icsd-157428 icsd-291535 icsd-60547 icsd-155791 icsd-238259 icsd-238258,RSC Advances,2016
1460,CaWO4Eu0.04,CaWO4,Eu3+,0.04,,,298,617,,,,,,276,,,,552700,617,https://doi.org/10.1039/C6RA01862A,"mp-19426,mp-1190383", icsd-60550 icsd-193491 icsd-60548 icsd-60551 icsd-15869 icsd-155423 icsd-193047 icsd-15586 icsd-60549 icsd-18135 icsd-77335 icsd-157428 icsd-291535 icsd-60547 icsd-155791 icsd-238259 icsd-238258,RSC Advances,2016
1461,CaWO4Eu0.06,CaWO4,Eu3+,0.06,,,298,617,0.35,0.179,,,,276,,,,3640,415,https://doi.org/10.1039/C6RA01862A,"mp-19426,mp-1190383", icsd-60550 icsd-193491 icsd-60548 icsd-60551 icsd-15869 icsd-155423 icsd-193047 icsd-15586 icsd-60549 icsd-18135 icsd-77335 icsd-157428 icsd-291535 icsd-60547 icsd-155791 icsd-238259 icsd-238258,RSC Advances,2016
1462,CaWO4Eu0.08,CaWO4,Eu3+,0.08,,,298,617,0.486,0.247,,,,276,,,,8320,415,https://doi.org/10.1039/C6RA01862A,"mp-19426,mp-1190383", icsd-60550 icsd-193491 icsd-60548 icsd-60551 icsd-15869 icsd-155423 icsd-193047 icsd-15586 icsd-60549 icsd-18135 icsd-77335 icsd-157428 icsd-291535 icsd-60547 icsd-155791 icsd-238259 icsd-238258,RSC Advances,2016
1463,CaWO4Eu0.12,CaWO4,Eu3+,0.12,,,298,617,0.613,0.301,,,,276,,,,6250,415,https://doi.org/10.1039/C6RA01862A,"mp-19426,mp-1190383", icsd-60550 icsd-193491 icsd-60548 icsd-60551 icsd-15869 icsd-155423 icsd-193047 icsd-15586 icsd-60549 icsd-18135 icsd-77335 icsd-157428 icsd-291535 icsd-60547 icsd-155791 icsd-238259 icsd-238258,RSC Advances,2016
1464,CaWO4Eu0.2,CaWO4,Eu3+,0.2,,,298,617,0.625,0.307,20.3,,,276,,,,4110,415,https://doi.org/10.1039/C6RA01862A,"mp-19426,mp-1190383", icsd-60550 icsd-193491 icsd-60548 icsd-60551 icsd-15869 icsd-155423 icsd-193047 icsd-15586 icsd-60549 icsd-18135 icsd-77335 icsd-157428 icsd-291535 icsd-60547 icsd-155791 icsd-238259 icsd-238258,RSC Advances,2016
1465,CaWO4Tb0.04Eu0.08,CaWO4,Tb3+,0.04,Eu3+,0.08,298,617,0.32,0.324,17.2,,,264,,,,480600,546,https://doi.org/10.1039/C6RA01862A,"mp-19426,mp-1190383", icsd-60550 icsd-193491 icsd-60548 icsd-60551 icsd-15869 icsd-155423 icsd-193047 icsd-15586 icsd-60549 icsd-18135 icsd-77335 icsd-157428 icsd-291535 icsd-60547 icsd-155791 icsd-238259 icsd-238258,RSC Advances,2016
1466,CaWO4Tb0.04Eu0.1,CaWO4,Tb3+,0.04,Eu3+,0.1,298,617,0.434,0.383,,,,264,,,,,,https://doi.org/10.1039/C6RA01862A,"mp-19426,mp-1190383", icsd-60550 icsd-193491 icsd-60548 icsd-60551 icsd-15869 icsd-155423 icsd-193047 icsd-15586 icsd-60549 icsd-18135 icsd-77335 icsd-157428 icsd-291535 icsd-60547 icsd-155791 icsd-238259 icsd-238258,RSC Advances,2016
1467,La3.98GeO8Eu0.006Er0.014,La3.98GeO8,Eu2+,0.006,Er3+,0.014,298,618,0.6176,0.3561,,,,250,,,,,,https://doi.org/10.1002/adfm.202102479,mp-1211987,,Advanced Functional Materials,2021
1468,La3.98GeO8Eu0.006Er0.014,La3.98GeO8,Eu2+,0.006,Er3+,0.014,298,618,0.6153,0.3651,,,,254,,,,898600,624,https://doi.org/10.1002/adfm.202102479,mp-1211987,,Advanced Functional Materials,2021
1469,La3.98GeO8Eu0.006Er0.014,La3.98GeO8,Eu2+,0.006,Er3+,0.014,298,618,0.6092,0.3606,,,,260,,,,,,https://doi.org/10.1002/adfm.202102479,mp-1211987,,Advanced Functional Materials,2021
1470,Y2MoSiO8Eu0.005,Y2MoSiO8,Eu3+,0.005,,,298,618,0.62,0.34,,,,395,,,,,618,https://doi.org/10.1016/j.ceramint.2018.10.050,,,Ceramics International,2019
1471,Y2MoSiO8Eu0.01,Y2MoSiO8,Eu3+,0.01,,,298,618,0.63,0.34,,,,395,,,,,618,https://doi.org/10.1016/j.ceramint.2018.10.050,,,Ceramics International,2019
1472,Y2MoSiO8Eu0.02,Y2MoSiO8,Eu3+,0.02,,,298,618,0.64,0.34,,,,395,,,,,618,https://doi.org/10.1016/j.ceramint.2018.10.050,,,Ceramics International,2019
1473,Y2MoSiO8Eu0.12,Y2MoSiO8,Eu3+,0.12,,,298,618,0.65,0.34,,,,395,395,382,,1059170,618,https://doi.org/10.1016/j.ceramint.2018.10.050,,,Ceramics International,2019
1474,Sr8.96Mg1.5P7O28Eu0.04,Sr8.96Mg1.5P7O28,Eu2+,0.04,,,298,618,0.467,0.4839,17.34,,,430,393,460,,,,https://doi.org/10.1111/jace.16311,,,Journal of the American Ceramic Society,2019
1475,Sr8.91Mg1.5P7O28Eu0.04Ce0.05,Sr8.91Mg1.5P7O28,Eu2+,0.04,Ce3+,0.05,298,618,0.4725,0.4803,,,,430,,,,,,https://doi.org/10.1111/jace.16311,,,Journal of the American Ceramic Society,2019
1476,Sr8.86Mg1.5P7O28Eu0.04Ce0.1,Sr8.86Mg1.5P7O28,Eu2+,0.04,Ce3+,0.1,298,618,0.5062,0.4612,,,,430,,,,,,https://doi.org/10.1111/jace.16311,,,Journal of the American Ceramic Society,2019
1477,Sr8.76Mg1.5P7O28Eu0.04Ce0.2,Sr8.76Mg1.5P7O28,Eu2+,0.04,Ce3+,0.2,298,618,0.5108,0.4578,61.47,,,430,,,,,,https://doi.org/10.1111/jace.16311,,,Journal of the American Ceramic Society,2019
1478,Sr8.66Mg1.5P7O28Eu0.04Ce0.3,Sr8.66Mg1.5P7O28,Eu2+,0.04,Ce3+,0.3,298,618,0.51,0.4578,,,,430,,,,,,https://doi.org/10.1111/jace.16311,,,Journal of the American Ceramic Society,2019
1479,Bi0.5Na0.5TiO3Eu0.25,Bi0.5Na0.5TiO3,Eu3+,0.25,,,298,618,0.67,0.33,50,,,464,464,520,,590000,618,https://doi.org/10.1016/j.matlet.2014.05.212,"mp-39681,mp-1220903,mp-1094149",,Materials Letters,2014
1480,LiYMgWO6Eu0.3,LiYMgWO6,Eu3+,0.3,,,298,618,0.6612,0.3341,,,,395,395,465,,524000,618,https://doi.org/10.1016/j.jallcom.2017.05.027,,,Journal of Alloys and Compounds,2017
1481,LiYMgW0.9Mo0.1O6Eu0.3,LiYMgW0.9Mo0.1O6,Eu3+,0.3,,,298,618,0.6616,0.3336,49.9,,550,395,395,465,,518000,618,https://doi.org/10.1016/j.jallcom.2017.05.027,,,Journal of Alloys and Compounds,2017
1482,LiYMgW0.9Mo0.1O6Eu0.3,LiYMgW0.9Mo0.1O6,Eu3+,0.3,,,298,618,,,65.7,,,466,,,,,,https://doi.org/10.1016/j.jallcom.2017.05.027,,,Journal of Alloys and Compounds,2017
1483,Ca4.7P2SiO12Ce0.03Mn0.03,Ca4.7P2SiO12,Ce3+,0.03,Mn2+,0.03,298,618,0.345,0.225,0.379,,,307,,,,,,https://doi.org/10.1039/C3TC00039G,mp-1227400,,Journal of Materials Chemistry C,2013
1484,Ca4.6P2SiO12Ce0.03Mn0.05,Ca4.6P2SiO12,Ce3+,0.03,Mn2+,0.05,298,618,0.4,0.253,0.371,,535,307,307,,,,603,https://doi.org/10.1039/C3TC00039G,mp-1227400,,Journal of Materials Chemistry C,2013
1485,Ca4.5P2SiO12Ce0.03Mn0.07,Ca4.5P2SiO12,Ce3+,0.03,Mn2+,0.07,298,618,0.474,0.267,0.345,,,307,,,,,,https://doi.org/10.1039/C3TC00039G,mp-1227400,,Journal of Materials Chemistry C,2013
1486,Ca4.35P2SiO12Ce0.03Mn0.1,Ca4.35P2SiO12,Ce3+,0.03,Mn2+,0.1,298,618,0.519,0.281,0.318,,,307,,,,,,https://doi.org/10.1039/C3TC00039G,mp-1227400,,Journal of Materials Chemistry C,2013
1487,Ca4.1P2SiO12Ce0.03Mn0.15,Ca4.1P2SiO12,Ce3+,0.03,Mn2+,0.15,298,618,0.538,0.287,0.287,,,307,,,,,,https://doi.org/10.1039/C3TC00039G,mp-1227400,,Journal of Materials Chemistry C,2013
1488,Li3BaSrLa2.4W8O32Eu0.2,Li3BaSrLa2.4W8O32,Eu3+,0.2,,,298,618,0.6635,0.3352,,,,396,396,,,,618,https://doi.org/10.1039/C5TC03165F,,,Journal of Materials Chemistry C,2015
1489,Li3BaSrLa1.8W8O32Eu0.4,Li3BaSrLa1.8W8O32,Eu3+,0.4,,,298,618,0.6691,0.3302,,,,396,396,,,,618,https://doi.org/10.1039/C5TC03165F,,,Journal of Materials Chemistry C,2015
1490,Li3BaSrLa1.2W8O32Eu0.6,Li3BaSrLa1.2W8O32,Eu3+,0.6,,,298,618,0.6678,0.3316,,,,396,396,,,,618,https://doi.org/10.1039/C5TC03165F,,,Journal of Materials Chemistry C,2015
1491,Li3BaSrLa0.9W8O32Eu0.7,Li3BaSrLa0.9W8O32,Eu3+,0.7,,,298,618,0.6701,0.3293,,,,396,396,,,,618,https://doi.org/10.1039/C5TC03165F,,,Journal of Materials Chemistry C,2015
1492,Li3BaSrLa0.6W8O32Eu0.8,Li3BaSrLa0.6W8O32,Eu3+,0.8,,,298,618,0.6704,0.3291,,,,396,396,,,,618,https://doi.org/10.1039/C5TC03165F,,,Journal of Materials Chemistry C,2015
1493,Li3BaSrLa0.3W8O32Eu0.9,Li3BaSrLa0.3W8O32,Eu3+,0.9,,,298,618,0.6709,0.3285,28.36,,475,396,396,466,,,618,https://doi.org/10.1039/C5TC03165F,,,Journal of Materials Chemistry C,2015
1494,Li3BaSrW8O32Eu1,Li3BaSrW8O32,Eu3+,1,,,298,618,0.67,0.3293,,,,396,396,,,,618,https://doi.org/10.1039/C5TC03165F,,,Journal of Materials Chemistry C,2015
1495,Ba2Y3Si3O12FEu0.01,Ba2Y3Si3O12F,Eu2+,0.01,,,298,618,0.37,0.336,11.2,4.9,370,350,,,,379.8,470,https://doi.org/10.1039/C6TC04350J,,,Journal of Materials Chemistry C,2017
1496,Ba2Y3Si3O12FEu0.02,Ba2Y3Si3O12F,Eu2+,0.02,,,298,618,0.416,0.38,8.8,4.4,,350,,,,,,https://doi.org/10.1039/C6TC04350J,,,Journal of Materials Chemistry C,2017
1497,Ba2Y3Si3O12FEu0.04,Ba2Y3Si3O12F,Eu2+,0.04,,,298,618,0.474,0.4,6,3.6,,350,,,,,,https://doi.org/10.1039/C6TC04350J,,,Journal of Materials Chemistry C,2017
1498,ZnOEu0.004,ZnO,Eu3+,0.004,,,298,618,,,7.8,,,466,466,,,1306000,618,https://doi.org/10.1016/j.saa.2017.03.067,"mp-2133,mp-1986,mp-1093993,mp-2229,mp-997630,mp-1245209,mp-1245109,mp-1245015,mp-1017539,mp-1245255,mp-13161", icsd-656331 icsd-166355 icsd-185828 icsd-67848 icsd-184079 icsd-236754 icsd-166353 icsd-65119 icsd-193696 icsd-182356 icsd-180052 icsd-166356 icsd-195802 icsd-82028 icsd-94002 icsd-165014 icsd-164209 icsd-647667 icsd-161836 icsd-67454 icsd-154488 icsd-41488 icsd-157132 icsd-164690 icsd-185829 icsd-155780 icsd-154487 icsd-65122 icsd-157133 icsd-184674 icsd-57478 icsd-181731 icsd-163380 icsd-154490 icsd-52362 icsd-65120 icsd-26170 icsd-191642 icsd-57450 icsd-182355 icsd-162843 icsd-236619 icsd-165009 icsd-184793 icsd-157724 icsd-76641 icsd-29272 icsd-165011 icsd-189104 icsd-67849 icsd-65121 icsd-165013 icsd-165010 icsd-166354 icsd-167690 icsd-165002 icsd-31060 icsd-154489 icsd-154486 icsd-165012 icsd-181473 icsd-185827 icsd-31052 icsd-647681 icsd-82029 icsd-166243 icsd-34477 icsd-94004 icsd-169463 icsd-162753 icsd-647683 icsd-182357 icsd-163383 icsd-187457 icsd-190806 icsd-190802 icsd-38222 icsd-166359 icsd-182358 icsd-166358 icsd-57156 icsd-190804 icsd-166360 icsd-182359 icsd-190807 icsd-163381 icsd-190803 icsd-190805 icsd-166357 icsd-181039 icsd-182360 icsd-163382,Spectrochimica Acta - Part A: Molecular and Biomolecular Spectroscopy,2017
1499,Cd2V2O7Eu0.02,Cd2V2O7,Eu3+,0.02,,,298,618,0.607,0.387,,,393,375,,,,510000,618,https://doi.org/10.1016/j.ceramint.2018.02.173,mp-18740, icsd-24191 icsd-62081,Ceramics International,2018
1500,Cd2V2O7Li0.04Eu0.02,Cd2V2O7Li0.04,Eu3+,0.02,,,298,618,0.613,0.382,,,398,375,,,,825000,618,https://doi.org/10.1016/j.ceramint.2018.02.173,mp-18740, icsd-24191 icsd-62081,Ceramics International,2018
1501,KLa0.97Mo2O8Eu0.03,KLa0.97Mo2O8,Eu3+,0.03,,,298,618,0.646,0.351,,,,465,465,,,,618,https://doi.org/10.1016/j.spmi.2015.06.041,mp-1211443,,Superlattices and Microstructures,2015
1502,KLa0.93Mo2O8Eu0.07,KLa0.93Mo2O8,Eu3+,0.07,,,298,618,0.648,0.348,,,,465,465,,,,618,https://doi.org/10.1016/j.spmi.2015.06.041,mp-1211443,,Superlattices and Microstructures,2015
1503,KLa0.89Mo2O8Eu0.11,KLa0.89Mo2O8,Eu3+,0.11,,,298,618,0.645,0.352,,,,465,465,,,,618,https://doi.org/10.1016/j.spmi.2015.06.041,mp-1211443,,Superlattices and Microstructures,2015
1504,KLa0.85Mo2O8Eu0.15,KLa0.85Mo2O8,Eu3+,0.15,,,298,618,0.651,0.353,,,,465,465,394,,,618,https://doi.org/10.1016/j.spmi.2015.06.041,mp-1211443,,Superlattices and Microstructures,2015
1505,KLa0.81Mo2O8Eu0.19,KLa0.81Mo2O8,Eu3+,0.19,,,298,618,0.653,0.347,,,,465,465,,,,618,https://doi.org/10.1016/j.spmi.2015.06.041,mp-1211443,,Superlattices and Microstructures,2015
1506,KLa0.77Mo2O8Eu0.23,KLa0.77Mo2O8,Eu3+,0.23,,,298,618,0.649,0.351,,,,465,465,,,,618,https://doi.org/10.1016/j.spmi.2015.06.041,mp-1211443,,Superlattices and Microstructures,2015
1507,Ba2Bi0.95V3O11Eu0.05,Ba2Bi0.95V3O11,Eu3+,0.05,,,298,619,,,,,,394,394,465,,1040000,619,https://doi.org/10.1016/j.dyepig.2016.04.052,mp-559941 , icsd-78156,Dyes and Pigments,2016
1508,Ba2Bi0.8V3O11Eu0.2,Ba2Bi0.8V3O11,Eu3+,0.2,,,298,619,,,,,,394,394,465,,1000000,619,https://doi.org/10.1016/j.dyepig.2016.04.052,mp-559941 , icsd-78156,Dyes and Pigments,2016
1509,Ba2Bi0.6V3O11Eu0.4,Ba2Bi0.6V3O11,Eu3+,0.4,,,298,619,,,,,,394,394,465,,1000000,619,https://doi.org/10.1016/j.dyepig.2016.04.052,mp-559941 , icsd-78156,Dyes and Pigments,2016
1510,Ba2Bi0.4V3O11Eu0.6,Ba2Bi0.4V3O11,Eu3+,0.6,,,298,619,0.65,0.35,,,451,394,394,465,,960000,619,https://doi.org/10.1016/j.dyepig.2016.04.052,mp-559941 , icsd-78156,Dyes and Pigments,2016
1511,Ba2Bi0.2V3O11Eu0.8,Ba2Bi0.2V3O11,Eu3+,0.8,,,298,619,,,,,,394,394,465,,570000,619,https://doi.org/10.1016/j.dyepig.2016.04.052,mp-559941 , icsd-78156,Dyes and Pigments,2016
1512,Ba2V3O11Eu1,Ba2V3O11,Eu3+,1,,,298,619,,,,,,394,394,465,,190000,619,https://doi.org/10.1016/j.dyepig.2016.04.052,mp-559941 , icsd-78156,Dyes and Pigments,2016
1513,Na2Y1.9B2O7Eu0.05,Na2Y1.9B2O7,Eu3+,0.05,,,298,619,0.649,0.35,,,,395,,,,1720000,619,https://doi.org/10.1016/j.jlumin.2018.09.008,mp-6331, icsd-191128 icsd-245226 icsd-99206,Journal of Luminescence,2019
1514,Na2Y1.7B2O7Eu0.15,Na2Y1.7B2O7,Eu3+,0.15,,,298,619,0.651,0.347,,,,395,,,,1710000,619,https://doi.org/10.1016/j.jlumin.2018.09.008,mp-6331, icsd-191128 icsd-245226 icsd-99206,Journal of Luminescence,2019
1515,Na2Y1.5B2O7Eu0.25,Na2Y1.5B2O7,Eu3+,0.25,,,298,619,0.652,0.347,,,,395,,,,1690000,619,https://doi.org/10.1016/j.jlumin.2018.09.008,mp-6331, icsd-191128 icsd-245226 icsd-99206,Journal of Luminescence,2019
1516,Na2Y1.3B2O7Eu0.35,Na2Y1.3B2O7,Eu3+,0.35,,,298,619,0.652,0.347,36.6,,393,395,395,384,,1590000,619,https://doi.org/10.1016/j.jlumin.2018.09.008,mp-6331, icsd-191128 icsd-245226 icsd-99206,Journal of Luminescence,2019
1517,Na2Y1.1B2O7Eu0.45,Na2Y1.1B2O7,Eu3+,0.45,,,298,619,0.652,0.347,,,,395,,,,1550000,619,https://doi.org/10.1016/j.jlumin.2018.09.008,mp-6331, icsd-191128 icsd-245226 icsd-99206,Journal of Luminescence,2019
1518,Na2YB2O7Eu0.5,Na2YB2O7,Eu3+,0.5,,,298,619,0.652,0.347,,,,395,,,,1510000,619,https://doi.org/10.1016/j.jlumin.2018.09.008,mp-6331, icsd-191128 icsd-245226 icsd-99206,Journal of Luminescence,2019
1519,Sr1.98Si5N8Eu0.04,Sr1.98Si5N8,Eu2+,0.04,,,298,619,0.638,0.359,,61,,460,460,320,,,619,https://doi.org/10.1016/j.jlumin.2009.03.008,mp-9710, icsd-401500,Journal of Luminescence,2010
1520,SrSEu0.01,SrS,Eu2+,0.01,,,298,619,,,31.3,,,350,,,,,,https://doi.org/10.1016/j.radmeas.2009.09.010,"mp-1087,mp-10627", icsd-651057 icsd-651060 icsd-659132 icsd-53941 icsd-182724 icsd-651062 icsd-290055 icsd-52112 icsd-28900 icsd-651059 icsd-30239 icsd-651061 icsd-164143 icsd-651056 icsd-651068 icsd-249177 icsd-651054 icsd-164144 icsd-52111,Radiation Measurements,2010
1521,YVO4Eu0.05,YVO4,Eu3+,0.05,,,298,619,0.675,0.301,70,,,291,291,,,,619,https://doi.org/10.1021/ic100953m,mp-19133, icsd-15604 icsd-107638 icsd-246709 icsd-26894 icsd-78074 icsd-2504 icsd-174549 icsd-246708 icsd-36060,Inorganic Chemistry,2010
1522,Y0.99VO4Eu0.01,Y0.99VO4,Eu3+,0.01,,,298,619,0.6675,0.327,,,,172,,,,,,https://doi.org/10.1021/cm061042a,mp-19133, icsd-15604 icsd-107638 icsd-246709 icsd-26894 icsd-78074 icsd-2504 icsd-174549 icsd-246708 icsd-36060,Chemistry of Materials,2007
1523,Y0.97VO4Eu0.03,Y0.97VO4,Eu3+,0.03,,,298,619,0.6705,0.3275,,,,172,,,,,,https://doi.org/10.1021/cm061042a,mp-19133, icsd-15604 icsd-107638 icsd-246709 icsd-26894 icsd-78074 icsd-2504 icsd-174549 icsd-246708 icsd-36060,Chemistry of Materials,2007
1524,Y0.95VO4Eu0.05,Y0.95VO4,Eu3+,0.05,,,298,619,0.6718,0.3275,,,,172,,,,,,https://doi.org/10.1021/cm061042a,mp-19133, icsd-15604 icsd-107638 icsd-246709 icsd-26894 icsd-78074 icsd-2504 icsd-174549 icsd-246708 icsd-36060,Chemistry of Materials,2007
1525,Y0.93VO4Eu0.07,Y0.93VO4,Eu3+,0.07,,,298,619,0.6735,0.3269,,,,172,,,,,,https://doi.org/10.1021/cm061042a,mp-19133, icsd-15604 icsd-107638 icsd-246709 icsd-26894 icsd-78074 icsd-2504 icsd-174549 icsd-246708 icsd-36060,Chemistry of Materials,2007
1526,Y0.91VO4Eu0.09,Y0.91VO4,Eu3+,0.09,,,298,619,0.6748,0.3262,,,,172,,,,,,https://doi.org/10.1021/cm061042a,mp-19133, icsd-15604 icsd-107638 icsd-246709 icsd-26894 icsd-78074 icsd-2504 icsd-174549 icsd-246708 icsd-36060,Chemistry of Materials,2007
1527,Y0.95V0.8P0.2O4Eu0.05,Y0.95V0.8P0.2O4,Eu3+,0.05,,,298,619,0.6691,0.3283,,,,172,,,,,,https://doi.org/10.1021/cm061042a,mp-19133, icsd-15604 icsd-107638 icsd-246709 icsd-26894 icsd-78074 icsd-2504 icsd-174549 icsd-246708 icsd-36060,Chemistry of Materials,2007
1528,Y0.95V0.6P0.4O4Eu0.05,Y0.95V0.6P0.4O4,Eu3+,0.05,,,298,619,0.6651,0.3295,,,,172,,,,,,https://doi.org/10.1021/cm061042a,mp-19133, icsd-15604 icsd-107638 icsd-246709 icsd-26894 icsd-78074 icsd-2504 icsd-174549 icsd-246708 icsd-36060,Chemistry of Materials,2007
1529,Y0.95V0.4P0.6O4Eu0.05,Y0.95V0.4P0.6O4,Eu3+,0.05,,,298,619,0.6572,0.3311,,,,172,,,,,,https://doi.org/10.1021/cm061042a,mp-19133, icsd-15604 icsd-107638 icsd-246709 icsd-26894 icsd-78074 icsd-2504 icsd-174549 icsd-246708 icsd-36060,Chemistry of Materials,2007
1530,Y0.95PO4Eu0.05,Y0.95PO4,Eu3+,0.05,,,298,619,0.5946,0.3393,,,,172,,,,,,https://doi.org/10.1021/cm061042a,"mp-5132,mp-1232370", icsd-201131 icsd-56113 icsd-184543 icsd-24514 icsd-28554 icsd-79754,Chemistry of Materials,2007
1531,Y0.75Gd0.2V0.6P0.4O4Eu0.05,Y0.75Gd0.2V0.6P0.4O4,Eu3+,0.05,,,298,619,0.6614,0.3286,,,,172,,,,,,https://doi.org/10.1021/cm061042a,mp-19133, icsd-15604 icsd-107638 icsd-246709 icsd-26894 icsd-78074 icsd-2504 icsd-174549 icsd-246708 icsd-36060,Chemistry of Materials,2007
1532,Y0.55Gd0.4V0.6P0.4O4Eu0.05,Y0.55Gd0.4V0.6P0.4O4,Eu3+,0.05,,,298,619,0.6608,0.3286,,,,172,,,,,,https://doi.org/10.1021/cm061042a,mp-19133, icsd-15604 icsd-107638 icsd-246709 icsd-26894 icsd-78074 icsd-2504 icsd-174549 icsd-246708 icsd-36060,Chemistry of Materials,2007
1533,Y0.35Gd0.6V0.6P0.4O4Eu0.05,Y0.35Gd0.6V0.6P0.4O4,Eu3+,0.05,,,298,619,0.6599,0.3282,,,,172,,,,,,https://doi.org/10.1021/cm061042a,mp-19133, icsd-15604 icsd-107638 icsd-246709 icsd-26894 icsd-78074 icsd-2504 icsd-174549 icsd-246708 icsd-36060,Chemistry of Materials,2007
1534,Y0.15Gd0.8V0.6P0.4O4Eu0.05,Y0.15Gd0.8V0.6P0.4O4,Eu3+,0.05,,,298,619,0.6524,0.3262,,,,172,,,,,,https://doi.org/10.1021/cm061042a,mp-19133, icsd-15604 icsd-107638 icsd-246709 icsd-26894 icsd-78074 icsd-2504 icsd-174549 icsd-246708 icsd-36060,Chemistry of Materials,2007
1535,Gd0.95V0.6P0.4O4Eu0.05,Gd0.95V0.6P0.4O4,Eu3+,0.05,,,298,619,0.6338,0.3229,,,,172,,,,,,https://doi.org/10.1021/cm061042a,mp-22024, icsd-15607 icsd-238224 icsd-238223 icsd-152692 icsd-81703 icsd-186232 icsd-186231,Chemistry of Materials,2007
1536,SrSEu0.01,SrS,Eu2+,0.01,,,298,619,,,31.3,,,351,,,,,,https://doi.org/10.1016/j.radmeas.2009.09.010,"mp-1087,mp-10627", icsd-651057 icsd-651060 icsd-659132 icsd-53941 icsd-182724 icsd-651062 icsd-290055 icsd-52112 icsd-28900 icsd-651059 icsd-30239 icsd-651061 icsd-164143 icsd-651056 icsd-651068 icsd-249177 icsd-651054 icsd-164144 icsd-52111,Radiation Measurements,2010
1537,Rb3LuV2O8Eu0.02,Rb3LuV2O8,Eu3+,0.02,,,298,619,,,,,,320,,,,22910,500,https://doi.org/10.1021/acs.inorgchem.0c00015,mp-1209398,,Inorganic Chemistry,2020
1538,Rb3LuV2O8Eu0.05,Rb3LuV2O8,Eu3+,0.05,,,298,619,,,,,,320,,,,21440,500,https://doi.org/10.1021/acs.inorgchem.0c00015,mp-1209398,,Inorganic Chemistry,2020
1539,Rb3LuV2O8Eu0.08,Rb3LuV2O8,Eu3+,0.08,,,298,619,0.393,0.383,,,460,320,,,,20270,500,https://doi.org/10.1021/acs.inorgchem.0c00015,mp-1209398,,Inorganic Chemistry,2020
1540,Rb3LuV2O8Eu0.1,Rb3LuV2O8,Eu3+,0.1,,,298,619,,,,,,320,,,,19420,500,https://doi.org/10.1021/acs.inorgchem.0c00015,mp-1209398,,Inorganic Chemistry,2020
1541,Rb3LuV2O8Eu0.15,Rb3LuV2O8,Eu3+,0.15,,,298,619,,,,,,320,,,,18760,500,https://doi.org/10.1021/acs.inorgchem.0c00015,mp-1209398,,Inorganic Chemistry,2020
1542,Rb3LuV2O8Eu0.2,Rb3LuV2O8,Eu3+,0.2,,,298,619,,,,,485,320,,,,17510,500,https://doi.org/10.1021/acs.inorgchem.0c00015,mp-1209398,,Inorganic Chemistry,2020
1543,Ca3Y0.44Ga3B4O15Tb0.5Eu0.06,Ca3Y0.44Ga3B4O15,Tb3+,0.5,Eu3+,0.06,298,619,0.48,0.47,,,,369,,,,800000,542,https://doi.org/10.1039/C6DT04304F,mp-695475,,Dalton Transactions,2017
1544,Ca3Y0.42Ga3B4O15Tb0.5Eu0.08,Ca3Y0.42Ga3B4O15,Tb3+,0.5,Eu3+,0.08,298,619,0.52,0.46,,,,369,,,,670000,542,https://doi.org/10.1039/C6DT04304F,mp-695475,,Dalton Transactions,2017
1545,Ca3Y0.4Ga3B4O15Tb0.5Eu0.1,Ca3Y0.4Ga3B4O15,Tb3+,0.5,Eu3+,0.1,298,619,0.52,0.44,65,,510,369,,,,600000,542,https://doi.org/10.1039/C6DT04304F,mp-695475,,Dalton Transactions,2017
1546,Ca3Y0.2Ga3B4O15Tb0.5Eu0.3,Ca3Y0.2Ga3B4O15,Tb3+,0.5,Eu3+,0.3,298,619,0.61,0.38,,,,369,,,,,,https://doi.org/10.1039/C6DT04304F,mp-695475,,Dalton Transactions,2017
1547,Ca3Y0.7Ga3B4O15Eu0.3,Ca3Y0.7Ga3B4O15,Eu3+,0.3,,,298,619,0.65,0.35,,,,369,,,,,,https://doi.org/10.1039/C6DT04304F,mp-695475,,Dalton Transactions,2017
1548,Sr9Mg1.5P7O28Eu0.02,Sr9Mg1.5P7O28,Eu2+,0.02,,,298,620,,,,,,460,,,,2402,620,https://doi.org/10.1021/acsami.5b06961,,,ACS Applied Materials &amp; Interfaces,2015
1549,Sr9Mg1.5P7O28Eu0.04,Sr9Mg1.5P7O28,Eu2+,0.04,,,298,620,,,,,,460,,,,2269,620,https://doi.org/10.1021/acsami.5b06961,,,ACS Applied Materials &amp; Interfaces,2015
1550,Sr9Mg1.5P7O28Eu0.06,Sr9Mg1.5P7O28,Eu2+,0.06,,,298,620,0.492,0.478,42.6,26.9,382,460,460,,,2135,620,https://doi.org/10.1021/acsami.5b06961,,,ACS Applied Materials &amp; Interfaces,2015
1551,Sr9Mg1.5P7O28Eu0.06,Sr9Mg1.5P7O28,Eu2+,0.06,,,300,620,0.465,0.511,,,,460,,,,,,https://doi.org/10.1021/acsami.5b06961,,,ACS Applied Materials &amp; Interfaces,2015
1552,Sr9Mg1.5P7O28Eu0.06,Sr9Mg1.5P7O28,Eu2+,0.06,,,323,620,0.462,0.514,,,,460,,,,,,https://doi.org/10.1021/acsami.5b06961,,,ACS Applied Materials &amp; Interfaces,2015
1553,Sr9Mg1.5P7O28Eu0.06,Sr9Mg1.5P7O28,Eu2+,0.06,,,348,620,0.459,0.516,,,,460,,,,,,https://doi.org/10.1021/acsami.5b06961,,,ACS Applied Materials &amp; Interfaces,2015
1554,Sr9Mg1.5P7O28Eu0.06,Sr9Mg1.5P7O28,Eu2+,0.06,,,373,620,0.459,0.517,,,,460,,,,,,https://doi.org/10.1021/acsami.5b06961,,,ACS Applied Materials &amp; Interfaces,2015
1555,Sr9Mg1.P7O28Eu0.06,Sr9Mg1.P7O28,Eu2+,0.06,,,398,620,0.463,0.514,,,,460,,,,,,https://doi.org/10.1021/acsami.5b06961,,,ACS Applied Materials &amp; Interfaces,2015
1556,Sr9Mg1.5P7O28Eu0.06,Sr9Mg1.5P7O28,Eu2+,0.06,,,423,620,0.468,0.51,,,,460,,,,,,https://doi.org/10.1021/acsami.5b06961,,,ACS Applied Materials &amp; Interfaces,2015
1557,Sr9Mg1.5P7O28Eu0.06,Sr9Mg1.5P7O28,Eu2+,0.06,,,448,620,0.471,0.509,,,,460,,,,,,https://doi.org/10.1021/acsami.5b06961,,,ACS Applied Materials &amp; Interfaces,2015
1558,Sr9Mg1.5P7O28Eu0.08,Sr9Mg1.5P7O28,Eu2+,0.08,,,298,620,,,,,,460,,,,1974,620,https://doi.org/10.1021/acsami.5b06961,,,ACS Applied Materials &amp; Interfaces,2015
1559,Sr9Mg1.5P7O28Eu0.1,Sr9Mg1.5P7O28,Eu2+,0.1,,,298,620,,,,,,460,,,,1806,620,https://doi.org/10.1021/acsami.5b06961,,,ACS Applied Materials &amp; Interfaces,2015
1560,Sr9Mg1.5P7O28Eu0.12,Sr9Mg1.5P7O28,Eu2+,0.12,,,298,620,,,,,,460,,,,1658,620,https://doi.org/10.1021/acsami.5b06961,,,ACS Applied Materials &amp; Interfaces,2015
1561,Sr9Mg1.5P7O28Eu0.14,Sr9Mg1.5P7O28,Eu2+,0.14,,,298,620,,,,,,460,,,,1517,620,https://doi.org/10.1021/acsami.5b06961,,,ACS Applied Materials &amp; Interfaces,2015
1562,Ca3Y0.5Al3B4O15Eu0.5,Ca3Y0.5Al3B4O15,Eu3+,0.5,,,298,620,0.652,0.342,,,,254,,,,,,https://doi.org/10.1364/OE.19.0000A1,mp-694012,,Optics Express,2010
1563,CaGd7.6Si6O26Ce0.05Mn0.5,CaGd7.6Si6O26,Ce3+,0.05,Mn2+,0.5,298,620,0.574,0.395,15.6,,,287,287,,,,620,https://doi.org/10.1039/C1JM11650A,,,Journal of Materials Chemistry,2011
1564,YP0.8V0.2O4Dy0.005Eu0.005,YP0.8V0.2O4,Dy3+,0.005,Eu3+,0.005,298,620,0.43,0.33,,,,270,,,,,,https://doi.org/10.1039/C3TC31586J,"mvc-15449,mvc-16805,mvc-4606",,Journal of Materials Chemistry C,2014
1565,YP0.8V0.2O4Dy0.005Eu0.0075,YP0.8V0.2O4,Dy3+,0.005,Eu3+,0.0075,298,620,0.4,0.28,,,,270,,,,,,https://doi.org/10.1039/C3TC31586J,"mvc-15449,mvc-16805,mvc-4606",,Journal of Materials Chemistry C,2014
1566,YP0.8V0.2O4Dy0.005Eu0.01,YP0.8V0.2O4,Dy3+,0.005,Eu3+,0.01,298,620,0.44,0.29,,,,270,,,,,,https://doi.org/10.1039/C3TC31586J,"mvc-15449,mvc-16805,mvc-4606",,Journal of Materials Chemistry C,2014
1567,YP0.8V0.2O4Dy0.005Eu0.015,YP0.8V0.2O4,Dy3+,0.005,Eu3+,0.015,298,620,0.5,0.31,,,,270,,,,,,https://doi.org/10.1039/C3TC31586J,"mvc-15449,mvc-16805,mvc-4606",,Journal of Materials Chemistry C,2014
1568,YP0.8V0.2O4Dy0.005Eu0.02,YP0.8V0.2O4,Dy3+,0.005,Eu3+,0.02,298,620,0.52,0.33,,,,270,,,,,,https://doi.org/10.1039/C3TC31586J,"mvc-15449,mvc-16805,mvc-4606",,Journal of Materials Chemistry C,2014
1569,YP0.8V0.2O4Dy0.005Eu0.03,YP0.8V0.2O4,Dy3+,0.005,Eu3+,0.03,298,620,0.57,0.33,,,,270,,,,,,https://doi.org/10.1039/C3TC31586J,"mvc-15449,mvc-16805,mvc-4606",,Journal of Materials Chemistry C,2014
1570,Sr2.895ScP3O12Eu0.005Mn0.03,Sr2.895ScP3O12,Eu2+,0.005,Mn2+,0.03,298,620,0.394,0.402,14,,,350,,,,510,500,https://doi.org/10.1039/C3DT32946A,,,Dalton Transactions,2013
1571,Sr2.865ScP3O12Eu0.005Mn0.04,Sr2.865ScP3O12,Eu2+,0.005,Mn2+,0.04,298,620,0.414,0.395,14.8,,,350,,,,500,500,https://doi.org/10.1039/C3DT32946A,,,Dalton Transactions,2013
1572,Sr2.805ScP3O12Eu0.005Mn0.06,Sr2.805ScP3O12,Eu2+,0.005,Mn2+,0.06,298,620,0.44,0.393,14.3,,,350,,,,480,500,https://doi.org/10.1039/C3DT32946A,,,Dalton Transactions,2013
1573,Sr2.745ScP3O12Eu0.005Mn0.08,Sr2.745ScP3O12,Eu2+,0.005,Mn2+,0.08,298,620,0.461,0.379,12,,,350,,,,375,500,https://doi.org/10.1039/C3DT32946A,,,Dalton Transactions,2013
1574,Sr2.685ScP3O12Eu0.005Mn0.1,Sr2.685ScP3O12,Eu2+,0.005,Mn2+,0.1,298,620,0.472,0.366,9.4,,,350,,,,297,500,https://doi.org/10.1039/C3DT32946A,,,Dalton Transactions,2013
1575,Sr3Sc3.988O9Ce0.012,Sr3Sc3.988O9,Ce3+,0.012,,,298,620,,,53,,363,425,425,,,,620,https://doi.org/10.1039/C7TC03203J,,,Journal of Materials Chemistry C,2017
1576,Ca5P3O12FTb0.04Eu0.04,Ca5P3O12F,Tb3+,0.04,Eu3+,0.04,298,620,0.262,0.249,,,,255,,,,,,https://doi.org/10.1039/C3DT52231H,"mp-6473,mp-1227110", icsd-240629 icsd-94082 icsd-24236 icsd-38118 icsd-240658 icsd-163790 icsd-236762 icsd-94081 icsd-94083 icsd-30261 icsd-56314 icsd-84227 icsd-180314 icsd-193552 icsd-262707 icsd-52385 icsd-240657 icsd-56313,Dalton Transactions,2014
1577,Ca5P3O12FTb0.04Eu0.06,Ca5P3O12F,Tb3+,0.04,Eu3+,0.06,298,620,0.286,0.25,,,,255,,,,,,https://doi.org/10.1039/C3DT52231H,"mp-6473,mp-1227110", icsd-240629 icsd-94082 icsd-24236 icsd-38118 icsd-240658 icsd-163790 icsd-236762 icsd-94081 icsd-94083 icsd-30261 icsd-56314 icsd-84227 icsd-180314 icsd-193552 icsd-262707 icsd-52385 icsd-240657 icsd-56313,Dalton Transactions,2014
1578,Sr1.96Si5N8Eu0.04,Sr1.96Si5N8,Eu2+,0.04,,,298,620,0.626,0.371,63,,573,450,,,,,,https://doi.org/10.1111/j.1744-7402.2009.02370.x,mp-9710, icsd-401500,International Journal of Applied Ceramic Technology,2009
1579,Ba3Gd0.9KP3O12FTb0.05Eu0.05,Ba3Gd0.9KP3O12F,Tb3+,0.05,Eu3+,0.05,298,620,0.401,0.339,6.45,,,276,276,,,,620,https://doi.org/10.1039/C5RA11844A,,,RSC Advances,2015
1580,Ba3Gd0.85KP3O12FTb0.05Eu0.1,Ba3Gd0.85KP3O12F,Tb3+,0.05,Eu3+,0.1,298,620,0.465,0.345,5.18,,,276,276,,,,620,https://doi.org/10.1039/C5RA11844A,,,RSC Advances,2015
1581,Ba3Gd0.75KP3O12FTb0.05Eu0.2,Ba3Gd0.75KP3O12F,Tb3+,0.05,Eu3+,0.2,298,620,0.511,0.341,4.32,,,276,276,,,,620,https://doi.org/10.1039/C5RA11844A,,,RSC Advances,2015
1582,Ba3Gd0.65KP3O12FTb0.05Eu0.3,Ba3Gd0.65KP3O12F,Tb3+,0.05,Eu3+,0.3,298,620,0.529,0.339,3.29,,,276,276,,,,620,https://doi.org/10.1039/C5RA11844A,,,RSC Advances,2015
1583,Ba3Gd0.55KP3O12FTb0.05Eu0.4,Ba3Gd0.55KP3O12F,Tb3+,0.05,Eu3+,0.4,298,620,0.521,0.335,2.17,,,276,276,,,,620,https://doi.org/10.1039/C5RA11844A,,,RSC Advances,2015
1584,NaCa0.86PO4Tb0.04Eu0.1,NaCa0.86PO4,Tb3+,0.04,Eu3+,0.1,298,620,0.482,0.501,,,,369,,,,2420000,544,https://doi.org/10.1016/j.ceramint.2013.12.101,mp-14401, icsd-35629,Ceramics International,2014
1585,Mg0.85Y1.94Al4SiO12Ce0.06Mn0.15,Mg0.85Y1.94Al4SiO12,Ce3+,0.06,Mn2+,0.15,298,620,0.506,0.473,49.3,,,460,,,,9.1,550,https://doi.org/10.1016/j.optmat.2017.06.012,,,Optical Materials,2017
1586,GdVO4Dy0.02Eu0.03,GdVO4,Dy3+,0.02,Eu3+,0.03,298,620,0.41,0.353,,,,283,,,,,,https://doi.org/10.1039/C5CP04373E,mp-22024, icsd-15607 icsd-238224 icsd-238223 icsd-152692 icsd-81703 icsd-186232 icsd-186231,Physical Chemistry Chemical Physics,2015
1587,GdVO4Dy0.02Eu0.06,GdVO4,Dy3+,0.02,Eu3+,0.06,298,620,0.443,0.347,,,,283,,,,,,https://doi.org/10.1039/C5CP04373E,mp-22024, icsd-15607 icsd-238224 icsd-238223 icsd-152692 icsd-81703 icsd-186232 icsd-186231,Physical Chemistry Chemical Physics,2015
1588,GdVO4Eu0.02,GdVO4,Eu3+,0.02,,,298,620,0.505,0.322,,,,283,,,,285790,620,https://doi.org/10.1039/C5CP04373E,mp-22024, icsd-15607 icsd-238224 icsd-238223 icsd-152692 icsd-81703 icsd-186232 icsd-186231,Physical Chemistry Chemical Physics,2015
1589,GdVO4Eu0.02Dy0.01,GdVO4,Eu3+,0.02,Dy3+,0.01,298,620,,,,,,283,,,,261090,620,https://doi.org/10.1039/C5CP04373E,mp-22024, icsd-15607 icsd-238224 icsd-238223 icsd-152692 icsd-81703 icsd-186232 icsd-186231,Physical Chemistry Chemical Physics,2015
